Name,Start,End,Size
entry,0x00100008,0x0010008C,132
thunk_FUN_00276918,0x00100218,0x00100220,8
FUN_00100230,0x00100230,0x00100280,80
thunk_FUN_00100a50,0x00100280,0x00100288,8
FUN_00100290,0x00100290,0x001002B4,36
FUN_001002c0,0x001002C0,0x001002CC,12
FUN_00100340,0x00100340,0x0010034C,12
FUN_00100470,0x00100470,0x00100480,16
FUN_00100490,0x00100490,0x001004D8,36
FUN_001004f0,0x001004F0,0x00100530,64
FUN_00100550,0x00100550,0x0010056C,28
FUN_00100570,0x00100570,0x001005D8,68
FUN_001005f0,0x001005F0,0x00100644,84
FUN_00100660,0x00100660,0x00100714,176
FUN_001009a0,0x001009A0,0x001009C4,36
FUN_001009d0,0x001009D0,0x001009F4,36
FUN_00100a00,0x00100A00,0x00100A24,36
FUN_00100a30,0x00100A30,0x00100A4C,28
FUN_00100a50,0x00100A50,0x00100AA4,84
FUN_00100ab0,0x00100AB0,0x00100AD4,36
FUN_00100ae0,0x00100AE0,0x00100B30,80
FUN_00100b40,0x00100B40,0x00100B74,52
FUN_00100b80,0x00100B80,0x00100BCC,76
FUN_00100bd0,0x00100BD0,0x00100BEC,28
FUN_00100bf0,0x00100BF0,0x00100C90,160
FUN_00100c90,0x00100C90,0x00100D30,160
FUN_00100d30,0x00100D30,0x00100D68,56
FUN_00100d70,0x00100D70,0x00100D7C,12
FUN_00100f10,0x00100F10,0x00100F24,20
FUN_00101220,0x00101220,0x00101234,20
FUN_00101420,0x00101420,0x00101474,84
FUN_00101480,0x00101480,0x00101490,16
FUN_001015f0,0x001015F0,0x00101600,16
FUN_00101e30,0x00101E30,0x00102130,768
FUN_00102140,0x00102140,0x00102148,8
FUN_00102390,0x00102390,0x00102398,8
FUN_00102490,0x00102490,0x00102534,144
FUN_00102550,0x00102550,0x001026D0,320
FUN_001026d0,0x001026D0,0x00102714,68
FUN_00102730,0x00102730,0x001027A8,120
FUN_001027c0,0x001027C0,0x001027C8,8
FUN_001028c0,0x001028C0,0x001028D0,16
FUN_001029c0,0x001029C0,0x001029F0,48
FUN_001029f0,0x001029F0,0x00102A58,104
FUN_00102a70,0x00102A70,0x00102AF0,92
FUN_00102b00,0x00102B00,0x00102B6C,108
FUN_00102b80,0x00102B80,0x00102B9C,28
FUN_00102cc0,0x00102CC0,0x00102D00,64
FUN_00102d10,0x00102D10,0x00102D70,88
FUN_00102d80,0x00102D80,0x00103020,608
FUN_00103030,0x00103030,0x00103098,104
FUN_001030b0,0x001030B0,0x00103194,228
FUN_001031b0,0x001031B0,0x00103238,136
FUN_00103250,0x00103250,0x001032D8,136
FUN_001032f0,0x001032F0,0x00103590,608
FUN_001035a0,0x001035A0,0x00103608,104
FUN_00103620,0x00103620,0x00103704,228
FUN_00103720,0x00103720,0x001037A8,136
FUN_001037c0,0x001037C0,0x00103848,136
FUN_00103860,0x00103860,0x001038B0,80
FUN_001038c0,0x001038C0,0x00103924,100
FUN_00103940,0x00103940,0x00103990,80
FUN_001039a0,0x001039A0,0x00103A04,100
FUN_00103a90,0x00103A90,0x00103AD8,72
FUN_00103b10,0x00103B10,0x00103B18,8
FUN_00103c40,0x00103C40,0x00103C48,8
FUN_00103d90,0x00103D90,0x00103DAC,28
FUN_00103dc0,0x00103DC0,0x00103DC8,8
FUN_00103fb0,0x00103FB0,0x00103FF8,72
FUN_00104020,0x00104020,0x00104028,8
FUN_00104220,0x00104220,0x0010423C,28
FUN_00104240,0x00104240,0x00104258,24
FUN_00104370,0x00104370,0x0010438C,28
FUN_00104390,0x00104390,0x001043A8,24
FUN_001044c0,0x001044C0,0x001044D4,20
FUN_001046a0,0x001046A0,0x001046B8,24
FUN_001047c0,0x001047C0,0x001047D4,20
FUN_001049a0,0x001049A0,0x001049B8,24
FUN_00104ac0,0x00104AC0,0x00104AC8,8
FUN_00104bb0,0x00104BB0,0x00104BCC,28
FUN_00104bd0,0x00104BD0,0x00104BDC,12
FUN_00104c90,0x00104C90,0x00104CA8,24
FUN_00104e60,0x00104E60,0x00104E6C,12
FUN_001050e0,0x001050E0,0x001050F4,20
FUN_00105550,0x00105550,0x00105614,196
FUN_00105620,0x00105620,0x00105628,8
FUN_001057e0,0x001057E0,0x001057E8,8
FUN_00105a00,0x00105A00,0x00105A10,16
FUN_00105b30,0x00105B30,0x00105B38,8
FUN_00105c20,0x00105C20,0x00105C3C,28
FUN_00105c40,0x00105C40,0x00105C4C,12
FUN_00105d00,0x00105D00,0x00105D18,24
FUN_00105ed0,0x00105ED0,0x00105EDC,12
FUN_00106160,0x00106160,0x00106174,20
FUN_00106640,0x00106640,0x00106704,196
FUN_00106710,0x00106710,0x00106718,8
FUN_001068d0,0x001068D0,0x001068D8,8
FUN_00106b10,0x00106B10,0x00106B20,16
FUN_00106c40,0x00106C40,0x00106CC4,132
FUN_00106ce0,0x00106CE0,0x00106CE8,8
FUN_00106d90,0x00106D90,0x00106DA4,20
FUN_00106f40,0x00106F40,0x00106F48,8
FUN_00106ff0,0x00106FF0,0x00107004,20
FUN_00107180,0x00107180,0x0010718C,12
FUN_00107360,0x00107360,0x00107374,20
FUN_00107520,0x00107520,0x0010752C,12
FUN_00107640,0x00107640,0x0010764C,12
FUN_00107760,0x00107760,0x00107868,264
FUN_00107880,0x00107880,0x00107988,264
FUN_001079d0,0x001079D0,0x001079E4,20
FUN_00107b90,0x00107B90,0x00107B9C,12
FUN_00107d70,0x00107D70,0x00107D84,20
FUN_00107f00,0x00107F00,0x00107F14,20
FUN_001080c0,0x001080C0,0x001080CC,12
FUN_001083c0,0x001083C0,0x001083CC,12
FUN_001086d0,0x001086D0,0x00108700,48
FUN_00108700,0x00108700,0x00108718,24
FUN_00108720,0x00108720,0x00108774,84
FUN_00108780,0x00108780,0x001087D4,84
FUN_00108920,0x00108920,0x00108958,56
FUN_00108970,0x00108970,0x00108CAC,828
FUN_00108cc0,0x00108CC0,0x00108CCC,12
FUN_00108dd0,0x00108DD0,0x00108ED0,256
FUN_00108ee0,0x00108EE0,0x00108F10,48
FUN_00108f30,0x00108F30,0x00108F3C,12
FUN_00108fb0,0x00108FB0,0x00108FBC,12
FUN_00109040,0x00109040,0x0010904C,12
FUN_001090d0,0x001090D0,0x001090F4,36
FUN_00109100,0x00109100,0x00109108,8
FUN_00109170,0x00109170,0x00109194,36
FUN_001091a0,0x001091A0,0x001091A8,8
FUN_00109270,0x00109270,0x00109284,20
FUN_00109310,0x00109310,0x00109384,116
FUN_00109390,0x00109390,0x0010939C,12
FUN_00109590,0x00109590,0x0010959C,12
FUN_00109770,0x00109770,0x00109810,160
FUN_00109810,0x00109810,0x001098C8,184
FUN_001098d0,0x001098D0,0x001099F4,292
FUN_00109a00,0x00109A00,0x00109A0C,12
FUN_00109ec0,0x00109EC0,0x00109F58,152
FUN_00109f70,0x00109F70,0x0010A018,168
FUN_0010a030,0x0010A030,0x0010A03C,12
FUN_0010a750,0x0010A750,0x0010A75C,12
FUN_0010ade0,0x0010ADE0,0x0010AEA8,200
FUN_0010aec0,0x0010AEC0,0x0010AF74,180
FUN_0010afa0,0x0010AFA0,0x0010B040,160
FUN_0010b040,0x0010B040,0x0010B0F8,184
FUN_0010b1f0,0x0010B1F0,0x0010B2D0,188
FUN_0010b350,0x0010B350,0x0010B3CC,124
FUN_0010b4b0,0x0010B4B0,0x0010B4CC,28
FUN_0010b4f0,0x0010B4F0,0x0010B50C,28
FUN_0010b520,0x0010B520,0x0010B528,8
FUN_0010b5a0,0x0010B5A0,0x0010B624,92
FUN_0010b640,0x0010B640,0x0010B654,20
FUN_0010bab0,0x0010BAB0,0x0010BB38,136
FUN_0010bb50,0x0010BB50,0x0010BB64,20
FUN_0010bdc0,0x0010BDC0,0x0010BE0C,76
FUN_0010be10,0x0010BE10,0x0010BFA0,400
FUN_0010bfa0,0x0010BFA0,0x0010BFAC,12
FUN_0010c018,0x0010C018,0x0010C0B8,160
FUN_0010c0b8,0x0010C0B8,0x0010C0C8,16
FUN_0010c0c8,0x0010C0C8,0x0010C43C,692
FUN_0010c440,0x0010C440,0x0010C4FC,188
FUN_0010c500,0x0010C500,0x0010C5C8,200
FUN_0010c5c8,0x0010C5C8,0x0010C7AC,484
FUN_0010c8b8,0x0010C8B8,0x0010C9A0,232
FUN_0010c9a0,0x0010C9A0,0x0010CCB4,788
FUN_0010cea0,0x0010CEA0,0x0010D01C,380
FUN_0010d020,0x0010D020,0x0010D200,480
FUN_0010d200,0x0010D200,0x0010D25C,92
FUN_0010d260,0x0010D260,0x0010D2D0,112
FUN_0010d2d0,0x0010D2D0,0x0010D354,132
FUN_0010d358,0x0010D358,0x0010D380,40
FUN_0010d380,0x0010D380,0x0010D3B4,52
FUN_0010d3b8,0x0010D3B8,0x0010D3E0,40
FUN_0010d3e0,0x0010D3E0,0x0010D4BC,220
FUN_0010d4c0,0x0010D4C0,0x0010D698,472
FUN_0010d6e8,0x0010D6E8,0x0010D750,104
FUN_0010d750,0x0010D750,0x0010D7C4,116
FUN_0010d7c8,0x0010D7C8,0x0010D83C,116
FUN_0010d840,0x0010D840,0x0010D888,72
FUN_0010d888,0x0010D888,0x0010D904,124
FUN_0010d908,0x0010D908,0x0010D988,128
FUN_0010d988,0x0010D988,0x0010D9C0,56
FUN_0010d9c0,0x0010D9C0,0x0010D9F4,52
FUN_0010d9f8,0x0010D9F8,0x0010DA90,152
FUN_0010daa8,0x0010DAA8,0x0010DAD4,44
FUN_0010dad8,0x0010DAD8,0x0010DB1C,68
FUN_0010db20,0x0010DB20,0x0010DB3C,28
FUN_0010db40,0x0010DB40,0x0010DB64,36
FUN_0010db68,0x0010DB68,0x0010DBA4,60
FUN_0010dcc8,0x0010DCC8,0x0010DCDC,20
FUN_0010dce0,0x0010DCE0,0x0010DCF4,20
FUN_0010dd10,0x0010DD10,0x0010DD28,24
FUN_0010dd28,0x0010DD28,0x0010DD30,8
FUN_0010dd58,0x0010DD58,0x0010DD59,1
FUN_0010dd68,0x0010DD68,0x0010DD69,1
FUN_0010ddd0,0x0010DDD0,0x0010DDF8,40
FUN_0010ddf8,0x0010DDF8,0x0010DE6C,116
FUN_0010de70,0x0010DE70,0x0010DF14,164
FUN_0010dfc0,0x0010DFC0,0x0010E068,168
FUN_0010e068,0x0010E068,0x0010E098,48
FUN_0010e0e0,0x0010E0E0,0x0010E134,84
FUN_0010e190,0x0010E190,0x0010E1D4,68
FUN_0010e250,0x0010E250,0x0010E27C,44
FUN_0010e2b8,0x0010E2B8,0x0010E3BC,260
FUN_0010e5f0,0x0010E5F0,0x0010E60C,28
FUN_0010e640,0x0010E640,0x0010E658,24
FUN_0010e7f0,0x0010E7F0,0x0010E864,116
FUN_0010e868,0x0010E868,0x0010E8DC,116
FUN_0010e8e0,0x0010E8E0,0x0010E9C4,228
FUN_0010e9c8,0x0010E9C8,0x0010EB18,336
FUN_0010eb18,0x0010EB18,0x0010EB80,104
FUN_0010eb80,0x0010EB80,0x0010EBF4,116
FUN_0010ebf8,0x0010EBF8,0x0010EC7C,132
FUN_0010ee30,0x0010EE30,0x0010EE98,104
FUN_0010ee98,0x0010EE98,0x0010EF38,160
FUN_0010ef38,0x0010EF38,0x0010F008,208
FUN_0010f160,0x0010F160,0x0010F244,228
FUN_0010f248,0x0010F248,0x0010F2E8,160
FUN_0010f2e8,0x0010F2E8,0x0010F368,128
FUN_0010f368,0x0010F368,0x0010F3BC,84
FUN_0010f3c0,0x0010F3C0,0x0010F438,120
FUN_0010f438,0x0010F438,0x0010F734,764
FUN_0010f738,0x0010F738,0x0010F754,28
FUN_0010f758,0x0010F758,0x0010F8B0,344
FUN_0010f8b0,0x0010F8B0,0x0010F948,152
FUN_0010f948,0x0010F948,0x0010F9E8,160
FUN_0010f9e8,0x0010F9E8,0x0010FA54,108
FUN_0010fa58,0x0010FA58,0x0010FBB0,344
FUN_0010fc60,0x0010FC60,0x0010FF48,744
FUN_0010ff48,0x0010FF48,0x00110160,532
FUN_00110160,0x00110160,0x00110380,544
FUN_00110380,0x00110380,0x00110560,472
FUN_00110560,0x00110560,0x0011062C,204
FUN_00110630,0x00110630,0x001106C8,152
FUN_001106c8,0x001106C8,0x00110780,184
FUN_00110780,0x00110780,0x00110850,208
FUN_00110850,0x00110850,0x00110874,36
FUN_00110878,0x00110878,0x00110934,188
FUN_00110938,0x00110938,0x00110B60,548
FUN_00110b60,0x00110B60,0x00110BB8,88
FUN_00110c88,0x00110C88,0x00110D48,192
FUN_00110d48,0x00110D48,0x00110E70,296
FUN_00110e70,0x00110E70,0x00110EA4,52
FUN_00110ea8,0x00110EA8,0x00110F64,188
FUN_00110f68,0x00110F68,0x00111048,224
FUN_001110f8,0x001110F8,0x0011120C,276
FUN_00111210,0x00111210,0x00111388,300
FUN_00111388,0x00111388,0x0011144C,196
FUN_001114a8,0x001114A8,0x00111624,380
FUN_00111628,0x00111628,0x00111698,112
FUN_00111698,0x00111698,0x001117E4,332
FUN_001117e8,0x001117E8,0x00111874,132
FUN_001119b8,0x001119B8,0x00111A84,204
FUN_00111a88,0x00111A88,0x00111BA4,284
FUN_00111ba8,0x00111BA8,0x00111C64,188
FUN_00111c68,0x00111C68,0x00111E34,376
FUN_00111e38,0x00111E38,0x00111F90,260
FUN_00111f90,0x00111F90,0x0011205C,204
FUN_00112060,0x00112060,0x0011216C,268
FUN_00112170,0x00112170,0x00112190,32
FUN_001121b0,0x001121B0,0x001121D8,40
FUN_001121d8,0x001121D8,0x00112294,188
FUN_00112298,0x00112298,0x001122F0,88
FUN_001122f0,0x001122F0,0x00112504,400
FUN_00112508,0x00112508,0x001136D4,4516
FUN_001136d8,0x001136D8,0x001136E4,12
FUN_001136e8,0x001136E8,0x00113798,176
FUN_00113798,0x00113798,0x0011389C,260
FUN_001138a0,0x001138A0,0x001138F8,88
FUN_001138f8,0x001138F8,0x0011390C,20
FUN_00113968,0x00113968,0x00113A48,224
FUN_00113a68,0x00113A68,0x00113AF4,140
FUN_00113af8,0x00113AF8,0x00113B10,24
FUN_00113c18,0x00113C18,0x00113F34,796
FUN_00113f38,0x00113F38,0x001140A4,364
FUN_001140a8,0x001140A8,0x00114534,1164
FUN_00114538,0x00114538,0x00114594,92
FUN_00114598,0x00114598,0x00114694,252
FUN_00114698,0x00114698,0x00114A70,984
FUN_00114a70,0x00114A70,0x00114B04,148
FUN_00114b08,0x00114B08,0x00114B8C,132
FUN_00114b90,0x00114B90,0x00114B9C,12
FUN_00114bd0,0x00114BD0,0x00114BF4,36
FUN_00114bf8,0x00114BF8,0x00114C58,96
FUN_00114c58,0x00114C58,0x00114DA8,336
FUN_00114da8,0x00114DA8,0x00114DD4,44
FUN_00114dd8,0x00114DD8,0x00114FA8,464
FUN_00114fa8,0x00114FA8,0x00114FD0,40
FUN_00114fd0,0x00114FD0,0x00114FE0,16
FUN_00114fe0,0x00114FE0,0x00115234,596
FUN_00115238,0x00115238,0x001159B0,1912
FUN_001159b0,0x001159B0,0x001159EC,60
FUN_001159f0,0x001159F0,0x00115AD0,160
FUN_00115ad0,0x00115AD0,0x00115B64,96
FUN_00115b68,0x00115B68,0x00115C18,88
FUN_00115c18,0x00115C18,0x00115D1C,168
FUN_00115d20,0x00115D20,0x00115DE0,192
FUN_00115de0,0x00115DE0,0x00115DE8,8
FUN_00115de8,0x00115DE8,0x00115DF0,8
FUN_00115df0,0x00115DF0,0x00115E98,168
FUN_00115e98,0x00115E98,0x00115EC4,44
FUN_00115ec8,0x00115EC8,0x00115FDC,252
FUN_00115fe0,0x00115FE0,0x00116128,328
FUN_00116128,0x00116128,0x001161AC,132
FUN_001161b0,0x001161B0,0x00116270,192
FUN_00116270,0x00116270,0x001162A8,56
FUN_001162a8,0x001162A8,0x001164D4,556
FUN_001164d8,0x001164D8,0x001165D8,252
FUN_001165d8,0x001165D8,0x00116750,376
FUN_00116750,0x00116750,0x001167B8,104
FUN_001167b8,0x001167B8,0x00116948,400
FUN_001169e0,0x001169E0,0x00116B5C,380
FUN_00116b60,0x00116B60,0x00116CDC,380
FUN_00116ce0,0x00116CE0,0x00116DA0,192
FUN_00116da0,0x00116DA0,0x00116E0C,108
FUN_00116e10,0x00116E10,0x00116E70,96
FUN_00116e70,0x00116E70,0x001173E0,1384
FUN_001173e0,0x001173E0,0x001173FC,28
FUN_00117400,0x00117400,0x00117578,376
FUN_00117578,0x00117578,0x001175C0,72
FUN_001175c0,0x001175C0,0x00117608,72
FUN_00117608,0x00117608,0x00117640,56
FUN_00117640,0x00117640,0x0011769C,92
FUN_001176a0,0x001176A0,0x001176D0,48
FUN_001176d0,0x001176D0,0x001176F4,36
FUN_001176f8,0x001176F8,0x00117858,344
FUN_00117858,0x00117858,0x001178C8,112
FUN_001178c8,0x001178C8,0x00117954,140
FUN_00117958,0x00117958,0x00117A48,240
FUN_00117a48,0x00117A48,0x00117B00,184
FUN_00117b00,0x00117B00,0x00117B28,40
FUN_00117b58,0x00117B58,0x00117B7C,36
FUN_00117ba8,0x00117BA8,0x00117C04,92
FUN_00117c08,0x00117C08,0x00117C24,28
FUN_00117c28,0x00117C28,0x00117C90,104
FUN_00117c90,0x00117C90,0x00117D00,112
FUN_00117d08,0x00117D08,0x00117D90,136
FUN_00117d90,0x00117D90,0x00117DF4,100
FUN_00117df8,0x00117DF8,0x00117E78,128
FUN_00117e78,0x00117E78,0x00117EE0,104
FUN_00117ee0,0x00117EE0,0x00117F00,32
FUN_00117f00,0x00117F00,0x00117FB4,180
FUN_00117fb8,0x00117FB8,0x001180D4,192
FUN_001180e8,0x001180E8,0x00118278,260
FUN_00118278,0x00118278,0x001183BC,204
FUN_001183c0,0x001183C0,0x001184D4,184
FUN_001184d8,0x001184D8,0x00118610,196
FUN_00118610,0x00118610,0x001187BC,308
FUN_001187c0,0x001187C0,0x00118978,276
FUN_00118978,0x00118978,0x00118B34,304
FUN_00118b38,0x00118B38,0x00118BA4,108
FUN_00118ba8,0x00118BA8,0x00119AA8,2296
FUN_00119aa8,0x00119AA8,0x00119AD4,44
FUN_00119ad8,0x00119AD8,0x00119AFC,36
FUN_00119b00,0x00119B00,0x00119D38,568
FUN_00119d38,0x00119D38,0x00119D6C,52
FUN_00119d70,0x00119D70,0x00119F8C,536
FUN_00119f90,0x00119F90,0x00119FC4,52
FUN_00119fc8,0x00119FC8,0x0011A0B8,224
FUN_0011a0b8,0x0011A0B8,0x0011A240,392
FUN_0011a240,0x0011A240,0x0011A284,68
FUN_0011a288,0x0011A288,0x0011A33C,180
FUN_0011a340,0x0011A340,0x0011A3B8,120
FUN_0011a3b8,0x0011A3B8,0x0011B8D0,5368
FUN_0011b8d0,0x0011B8D0,0x0011BA80,432
FUN_0011ba80,0x0011BA80,0x0011BB60,224
FUN_0011bb60,0x0011BB60,0x0011C668,1072
FUN_0011c668,0x0011C668,0x0011C76C,260
FUN_0011c770,0x0011C770,0x0011C7C4,84
FUN_0011c7c8,0x0011C7C8,0x0011C8DC,276
FUN_0011c8e0,0x0011C8E0,0x0011C940,96
FUN_0011c940,0x0011C940,0x0011CA4C,268
FUN_0011ca50,0x0011CA50,0x0011CA9C,76
FUN_0011caa0,0x0011CAA0,0x0011CB38,152
FUN_0011cb38,0x0011CB38,0x0011CC00,200
FUN_0011cc00,0x0011CC00,0x0011CD08,264
FUN_0011cd78,0x0011CD78,0x0011CE88,272
FUN_0011ce88,0x0011CE88,0x0011CFB0,296
FUN_0011cfb0,0x0011CFB0,0x0011D678,1000
FUN_0011d678,0x0011D678,0x0011D7A8,304
FUN_0011d7a8,0x0011D7A8,0x0011DE70,1000
FUN_0011de70,0x0011DE70,0x0011DE88,24
FUN_0011de88,0x0011DE88,0x0011E550,1000
FUN_0011e550,0x0011E550,0x0011E570,32
FUN_0011e570,0x0011E570,0x0011EC38,1000
FUN_0011ec38,0x0011EC38,0x0011ECEC,180
FUN_0011ecf0,0x0011ECF0,0x0011ED44,84
FUN_0011ed48,0x0011ED48,0x0011ED74,44
FUN_0011ed78,0x0011ED78,0x0011EDB4,60
FUN_0011edb8,0x0011EDB8,0x0011EE8C,212
FUN_0011ee90,0x0011EE90,0x0011EF20,140
FUN_0011ef20,0x0011EF20,0x0011F144,548
FUN_0011f148,0x0011F148,0x0011F1A0,88
FUN_0011f1a0,0x0011F1A0,0x0011F204,100
FUN_0011f208,0x0011F208,0x0011F260,88
FUN_0011f260,0x0011F260,0x0011F454,500
FUN_0011f458,0x0011F458,0x0011F4AC,84
FUN_0011f4b0,0x0011F4B0,0x0011F5A8,248
FUN_0011f5a8,0x0011F5A8,0x0011F6A4,252
FUN_0011f6a8,0x0011F6A8,0x0011F6F4,76
FUN_0011f6f8,0x0011F6F8,0x0011F7A8,176
FUN_0011f7a8,0x0011F7A8,0x0011F844,156
FUN_0011f848,0x0011F848,0x0011F874,44
FUN_0011f878,0x0011F878,0x0011F8CC,84
FUN_0011f8d0,0x0011F8D0,0x0011F96C,156
FUN_0011f9a0,0x0011F9A0,0x0011F9A8,8
FUN_0011f9b0,0x0011F9B0,0x0011F9B8,8
FUN_0011f9c0,0x0011F9C0,0x0011FB10,336
FUN_0011fb20,0x0011FB20,0x0011FB3C,28
FUN_0011feb0,0x0011FEB0,0x0011FF14,100
FUN_0011ff30,0x0011FF30,0x0011FFA4,116
FUN_0011ffb0,0x0011FFB0,0x0011FFC4,20
FUN_00120540,0x00120540,0x001205A0,96
FUN_001205a0,0x001205A0,0x001205AC,12
FUN_00120660,0x00120660,0x0012066C,12
FUN_00120720,0x00120720,0x00120730,16
FUN_00120980,0x00120980,0x00120C68,744
FUN_00120c80,0x00120C80,0x00120CF0,112
FUN_00120d00,0x00120D00,0x00120D54,84
FUN_00120d60,0x00120D60,0x00120DA4,68
FUN_00120ec0,0x00120EC0,0x00120EF0,48
FUN_00120f90,0x00120F90,0x00120F98,8
FUN_00121000,0x00121000,0x0012100C,12
FUN_00121100,0x00121100,0x00121108,8
FUN_001211b0,0x001211B0,0x0012120C,92
FUN_00121220,0x00121220,0x001212E0,192
FUN_00121300,0x00121300,0x0012134C,76
FUN_00121360,0x00121360,0x00121368,8
FUN_00121380,0x00121380,0x00121388,8
FUN_001214f0,0x001214F0,0x001214FC,12
FUN_00121730,0x00121730,0x00121884,324
FUN_001218a0,0x001218A0,0x00121900,96
FUN_00121a00,0x00121A00,0x00121A24,36
FUN_00121cb0,0x00121CB0,0x00121CE8,56
FUN_00121d00,0x00121D00,0x00121D80,128
FUN_00121d90,0x00121D90,0x00121D98,8
FUN_001221e0,0x001221E0,0x00122354,140
FUN_00122370,0x00122370,0x001224E4,140
FUN_001225f0,0x001225F0,0x00122600,16
FUN_00122810,0x00122810,0x00122A10,512
FUN_00122b50,0x00122B50,0x00122B60,16
FUN_00122c20,0x00122C20,0x00122C90,112
FUN_00122c90,0x00122C90,0x00122C9C,12
FUN_00122e80,0x00122E80,0x00122E98,24
FUN_00123080,0x00123080,0x00123098,24
FUN_00123470,0x00123470,0x00123480,16
FUN_001235c0,0x001235C0,0x001235D0,16
FUN_00123710,0x00123710,0x00123724,20
FUN_00123960,0x00123960,0x00123A60,144
FUN_00123a70,0x00123A70,0x00123A80,16
FUN_00123c60,0x00123C60,0x00123C6C,12
FUN_00123d20,0x00123D20,0x00123D40,32
FUN_00123e20,0x00123E20,0x00123E40,32
FUN_00123f70,0x00123F70,0x00123F90,32
FUN_001241f0,0x001241F0,0x001241F8,8
FUN_00124320,0x00124320,0x0012432C,12
FUN_00124480,0x00124480,0x00124490,16
FUN_00124490,0x00124490,0x001244A4,20
FUN_001244d0,0x001244D0,0x00124524,84
FUN_00124530,0x00124530,0x0012470C,432
FUN_00124720,0x00124720,0x00124744,36
FUN_001247e0,0x001247E0,0x00124804,36
FUN_00124890,0x00124890,0x001248A4,20
FUN_00124b80,0x00124B80,0x00124B98,24
FUN_00124d00,0x00124D00,0x00124D14,20
FUN_00124d40,0x00124D40,0x00124D7C,60
FUN_00124da0,0x00124DA0,0x00124DA8,8
FUN_00124db0,0x00124DB0,0x00124E2C,124
FUN_00124e40,0x00124E40,0x00124E48,8
FUN_00124e50,0x00124E50,0x00124E58,8
FUN_00124e60,0x00124E60,0x00124EB4,84
FUN_00124f20,0x00124F20,0x00124F38,24
FUN_001254b0,0x001254B0,0x001254C4,20
FUN_001257b0,0x001257B0,0x001257C0,16
FUN_00125900,0x00125900,0x0012594C,76
FUN_00125960,0x00125960,0x001259BC,92
FUN_00125a10,0x00125A10,0x00125A6C,92
FUN_00125ad0,0x00125AD0,0x00125B84,180
FUN_00125ba0,0x00125BA0,0x00125BD0,48
FUN_00125be0,0x00125BE0,0x00125CA8,200
FUN_00125cc0,0x00125CC0,0x00125D38,120
FUN_00125d80,0x00125D80,0x00125E00,128
FUN_00125e10,0x00125E10,0x00125E24,20
FUN_00126170,0x00126170,0x001261C4,84
FUN_001261d0,0x001261D0,0x00126210,64
FUN_00126220,0x00126220,0x00126260,64
FUN_00126270,0x00126270,0x00126294,36
FUN_00126360,0x00126360,0x00126444,228
FUN_00126450,0x00126450,0x00126498,72
FUN_001264c0,0x001264C0,0x001264CC,12
FUN_001267f0,0x001267F0,0x001267F8,8
FUN_00126810,0x00126810,0x001268FC,236
FUN_00126910,0x00126910,0x00126990,128
FUN_001269c0,0x001269C0,0x001269CC,12
FUN_00126e40,0x00126E40,0x00126EC0,128
FUN_00126f30,0x00126F30,0x00126F74,68
FUN_00126f80,0x00126F80,0x00126FA4,36
FUN_00127060,0x00127060,0x00127094,52
FUN_001270a0,0x001270A0,0x001270DC,60
FUN_001270f0,0x001270F0,0x0012712C,60
FUN_00127140,0x00127140,0x00127148,8
FUN_00127200,0x00127200,0x0012720C,12
FUN_001272b0,0x001272B0,0x001273C4,76
FUN_001273d0,0x001273D0,0x001273DC,12
FUN_001274e0,0x001274E0,0x00127640,76
thunk_FUN_00124d00,0x00127650,0x00127658,8
FUN_00127660,0x00127660,0x001276E4,132
FUN_001276f0,0x001276F0,0x001277E4,244
FUN_00127800,0x00127800,0x001278A8,168
FUN_00127a40,0x00127A40,0x00127B10,208
FUN_00127c40,0x00127C40,0x00127CB8,116
FUN_00127cc0,0x00127CC0,0x00127CF4,52
FUN_00127fc0,0x00127FC0,0x0012806C,168
FUN_00128090,0x00128090,0x001280B0,32
FUN_00128210,0x00128210,0x00128380,368
FUN_00128390,0x00128390,0x001283A8,24
FUN_001284c0,0x001284C0,0x001286C4,260
FUN_001286f0,0x001286F0,0x00128704,20
FUN_001287b0,0x001287B0,0x001288FC,256
FUN_00128970,0x00128970,0x00128A08,144
FUN_00128a20,0x00128A20,0x00128A28,8
FUN_00128ca0,0x00128CA0,0x00128D9C,160
FUN_00128db0,0x00128DB0,0x00128FA8,416
FUN_00128fc0,0x00128FC0,0x00129080,192
FUN_00129090,0x00129090,0x001291B0,280
FUN_001291c0,0x001291C0,0x001291D4,20
FUN_001297c0,0x001297C0,0x00129AE0,800
FUN_00129af0,0x00129AF0,0x00129B2C,60
FUN_00129b30,0x00129B30,0x00129D00,460
FUN_00129d10,0x00129D10,0x00129DA0,144
FUN_00129db0,0x00129DB0,0x00129DC0,16
FUN_0012a390,0x0012A390,0x0012A4B4,292
FUN_0012a4c0,0x0012A4C0,0x0012A4CC,12
FUN_0012b490,0x0012B490,0x0012B850,960
FUN_0012b860,0x0012B860,0x0012B984,292
FUN_0012b990,0x0012B990,0x0012BA8C,252
FUN_0012baa0,0x0012BAA0,0x0012BAAC,12
FUN_0012bbf0,0x0012BBF0,0x0012BBF8,8
FUN_0012bd10,0x0012BD10,0x0012BD20,16
FUN_0012bfb0,0x0012BFB0,0x0012BFE4,52
FUN_0012c030,0x0012C030,0x0012C214,484
FUN_0012c220,0x0012C220,0x0012C40C,492
FUN_0012c420,0x0012C420,0x0012C4E8,200
FUN_0012c500,0x0012C500,0x0012C540,64
FUN_0012c550,0x0012C550,0x0012C55C,12
FUN_0012c6b0,0x0012C6B0,0x0012C720,112
FUN_0012c730,0x0012C730,0x0012C798,104
FUN_0012c7b0,0x0012C7B0,0x0012C7BC,12
FUN_0012ca70,0x0012CA70,0x0012CB24,180
FUN_0012cb30,0x0012CB30,0x0012CB40,16
FUN_0012ccf0,0x0012CCF0,0x0012CD0C,28
FUN_0012d140,0x0012D140,0x0012D14C,12
FUN_0012d530,0x0012D530,0x0012D540,16
FUN_0012d7f0,0x0012D7F0,0x0012DA10,544
FUN_0012da20,0x0012DA20,0x0012DA30,16
FUN_0012ddb0,0x0012DDB0,0x0012DDC0,16
FUN_0012e1b0,0x0012E1B0,0x0012E1C0,16
FUN_0012e270,0x0012E270,0x0012E434,452
FUN_0012e450,0x0012E450,0x0012E6A4,596
FUN_0012e6c0,0x0012E6C0,0x0012E770,176
FUN_0012e780,0x0012E780,0x0012E8B0,304
FUN_0012e8c0,0x0012E8C0,0x0012E8D0,16
FUN_0012ee30,0x0012EE30,0x0012EE40,16
FUN_0012f290,0x0012F290,0x0012F4F0,212
FUN_0012f500,0x0012F500,0x0012F508,8
FUN_0012f720,0x0012F720,0x0012F73C,28
FUN_0012fb50,0x0012FB50,0x0012FBA0,80
FUN_0012fbb0,0x0012FBB0,0x0012FBBC,12
FUN_0012fea0,0x0012FEA0,0x0012FF54,180
FUN_0012ff60,0x0012FF60,0x0012FF70,16
FUN_00130170,0x00130170,0x0013017C,12
FUN_00130460,0x00130460,0x00130514,180
FUN_00130520,0x00130520,0x00130530,16
FUN_001306e0,0x001306E0,0x00130804,292
FUN_00130810,0x00130810,0x00130910,256
FUN_00130920,0x00130920,0x001309BC,156
FUN_001309d0,0x001309D0,0x00130A30,96
FUN_00130a70,0x00130A70,0x00130AD4,100
FUN_00130af0,0x00130AF0,0x00130B08,24
FUN_001364f0,0x001364F0,0x001364F8,8
FUN_00136620,0x00136620,0x0013679C,372
FUN_001367b0,0x001367B0,0x001368E8,140
FUN_00136900,0x00136900,0x00136924,36
FUN_00137020,0x00137020,0x0013763C,1428
FUN_00137650,0x00137650,0x00137704,180
FUN_00137720,0x00137720,0x00137728,8
FUN_001379c0,0x001379C0,0x001379D0,16
FUN_00137fe0,0x00137FE0,0x00137FEC,12
FUN_001382f0,0x001382F0,0x00138448,344
FUN_00138460,0x00138460,0x001386C0,608
FUN_001386d0,0x001386D0,0x00138874,420
FUN_00138890,0x00138890,0x001388B0,32
FUN_00138ad0,0x00138AD0,0x00138DC8,752
FUN_00138de0,0x00138DE0,0x00138E4C,108
FUN_00138e60,0x00138E60,0x00138EB4,84
FUN_00138ec0,0x00138EC0,0x00138ECC,12
FUN_00138fd0,0x00138FD0,0x00139054,132
FUN_00139060,0x00139060,0x001391C8,360
FUN_001391e0,0x001391E0,0x00139458,632
FUN_00139460,0x00139460,0x0013946C,12
FUN_001396b0,0x001396B0,0x00139824,372
FUN_00139840,0x00139840,0x00139A5C,540
FUN_00139a70,0x00139A70,0x00139A80,16
FUN_00139de0,0x00139DE0,0x00139DF4,20
FUN_0013a1c0,0x0013A1C0,0x0013A1F0,48
FUN_0013a430,0x0013A430,0x0013A640,528
FUN_0013a650,0x0013A650,0x0013A660,16
FUN_0013aae0,0x0013AAE0,0x0013AAF0,16
FUN_0013ac20,0x0013AC20,0x0013AC2C,12
FUN_0013b2c0,0x0013B2C0,0x0013B2D4,20
FUN_0013ba50,0x0013BA50,0x0013BA64,20
FUN_0013c1e0,0x0013C1E0,0x0013C2FC,284
FUN_0013c300,0x0013C300,0x0013C5A8,624
FUN_0013c5d0,0x0013C5D0,0x0013C7B8,488
FUN_0013c7d0,0x0013C7D0,0x0013C7E0,16
FUN_0013cdc0,0x0013CDC0,0x0013CDD0,16
FUN_0013d190,0x0013D190,0x0013D1D8,64
FUN_0013d1f0,0x0013D1F0,0x0013D200,16
FUN_0013d420,0x0013D420,0x0013D488,96
FUN_0013d580,0x0013D580,0x0013D590,16
FUN_0013e2d0,0x0013E2D0,0x0013E670,924
FUN_0013e680,0x0013E680,0x0013E69C,28
FUN_0013e920,0x0013E920,0x0013E930,16
FUN_0013ee40,0x0013EE40,0x0013EE50,16
FUN_0013efb0,0x0013EFB0,0x0013EFC4,20
FUN_0013f220,0x0013F220,0x0013F230,16
FUN_0013f470,0x0013F470,0x0013FA2C,1428
FUN_0013fa40,0x0013FA40,0x0013FC54,532
FUN_0013fc70,0x0013FC70,0x0013FDC8,344
FUN_0013fde0,0x0013FDE0,0x00140044,612
FUN_00140050,0x00140050,0x00140170,248
FUN_00140190,0x00140190,0x00140198,8
FUN_001404e0,0x001404E0,0x001404E8,8
FUN_001407c0,0x001407C0,0x00140AE0,664
FUN_00140b00,0x00140B00,0x00140B10,16
FUN_00140cd0,0x00140CD0,0x00141BE4,3308
FUN_00141c00,0x00141C00,0x001431E0,4728
FUN_001431f0,0x001431F0,0x001433E8,456
FUN_00143400,0x00143400,0x00143534,268
FUN_00143550,0x00143550,0x0014355C,12
FUN_00143840,0x00143840,0x0014385C,28
FUN_00143d20,0x00143D20,0x00143D30,16
FUN_00144940,0x00144940,0x00144958,24
FUN_00144a60,0x00144A60,0x00144B24,196
FUN_00144b30,0x00144B30,0x00144B44,20
FUN_00145080,0x00145080,0x0014508C,12
FUN_00145610,0x00145610,0x0014561C,12
FUN_00146130,0x00146130,0x00146140,16
FUN_00146ae0,0x00146AE0,0x00146BBC,204
FUN_00146c50,0x00146C50,0x00146C68,24
FUN_001470c0,0x001470C0,0x001470D0,16
FUN_00147480,0x00147480,0x00147524,164
FUN_00147580,0x00147580,0x00147668,232
FUN_001476c0,0x001476C0,0x001476D0,16
FUN_00147b90,0x00147B90,0x00147B98,8
FUN_00148880,0x00148880,0x001489B8,236
FUN_001489d0,0x001489D0,0x001489E0,16
FUN_00148d00,0x00148D00,0x00149260,1304
FUN_00149270,0x00149270,0x00149358,172
FUN_00149370,0x00149370,0x0014959C,524
FUN_001495b0,0x001495B0,0x001495B8,8
FUN_001499f0,0x001499F0,0x001499F8,8
FUN_00149d40,0x00149D40,0x00149DB8,112
FUN_00149dd0,0x00149DD0,0x00149EB0,224
FUN_00149ec0,0x00149EC0,0x00149FA4,220
FUN_00149fb0,0x00149FB0,0x0014A074,196
FUN_0014a180,0x0014A180,0x0014A32C,252
FUN_0014a340,0x0014A340,0x0014A34C,12
FUN_0014a790,0x0014A790,0x0014A7F4,100
FUN_0014a920,0x0014A920,0x0014A934,20
FUN_0014b190,0x0014B190,0x0014B1F4,100
FUN_0014b4d0,0x0014B4D0,0x0014B584,128
FUN_0014b590,0x0014B590,0x0014B668,212
FUN_0014b680,0x0014B680,0x0014B764,220
FUN_0014b780,0x0014B780,0x0014B84C,136
FUN_0014b860,0x0014B860,0x0014B8D8,112
FUN_0014b8f0,0x0014B8F0,0x0014BAF8,508
FUN_0014bb10,0x0014BB10,0x0014BE64,828
FUN_0014be80,0x0014BE80,0x0014BE90,16
FUN_0014c210,0x0014C210,0x0014C470,576
FUN_0014c480,0x0014C480,0x0014C498,24
FUN_0014cbd0,0x0014CBD0,0x0014CBE0,16
FUN_0014cf40,0x0014CF40,0x0014CF50,16
FUN_0014d490,0x0014D490,0x0014D4A4,20
FUN_0014da50,0x0014DA50,0x0014DC18,424
FUN_0014de70,0x0014DE70,0x0014DF90,280
FUN_0014dfb0,0x0014DFB0,0x0014E020,104
FUN_0014e040,0x0014E040,0x0014E0FC,188
FUN_0014e110,0x0014E110,0x0014E180,112
FUN_0014e190,0x0014E190,0x0014E1F4,100
FUN_0014e280,0x0014E280,0x0014E2B8,56
FUN_0014e300,0x0014E300,0x0014E318,24
FUN_0014e8a0,0x0014E8A0,0x0014EB30,132
FUN_0014eb40,0x0014EB40,0x0014EBF8,176
FUN_0014ec10,0x0014EC10,0x0014EE04,240
FUN_0014ee20,0x0014EE20,0x0014EE30,16
FUN_0014f5b0,0x0014F5B0,0x0014F5F8,64
FUN_0014f600,0x0014F600,0x0014F60C,12
FUN_0014fc70,0x0014FC70,0x0014FEF0,480
FUN_0014ff10,0x0014FF10,0x0014FF1C,12
FUN_00150290,0x00150290,0x00150434,388
FUN_00150450,0x00150450,0x001505F4,404
FUN_00150610,0x00150610,0x00150694,116
FUN_001506a0,0x001506A0,0x0015070C,100
FUN_00150720,0x00150720,0x00150914,460
FUN_00150930,0x00150930,0x00150940,16
FUN_00150c10,0x00150C10,0x00150C1C,12
FUN_00150fd0,0x00150FD0,0x0015117C,396
FUN_00151190,0x00151190,0x001515CC,1028
FUN_001515e0,0x001515E0,0x00151728,320
FUN_00151740,0x00151740,0x00151778,56
FUN_001517c0,0x001517C0,0x001519A0,432
FUN_001519b0,0x001519B0,0x00151A44,140
FUN_00151d10,0x00151D10,0x00151D20,16
FUN_001522f0,0x001522F0,0x001523BC,196
FUN_001523d0,0x001523D0,0x001523E8,24
FUN_00152d60,0x00152D60,0x00152D74,20
FUN_001531f0,0x001531F0,0x001532A4,156
FUN_001532b0,0x001532B0,0x0015332C,116
FUN_00153350,0x00153350,0x00153430,224
FUN_00153440,0x00153440,0x00153450,16
FUN_00153700,0x00153700,0x0015370C,12
FUN_00153ab0,0x00153AB0,0x00153AF8,72
FUN_00153b00,0x00153B00,0x00153D0C,516
FUN_00153d20,0x00153D20,0x00153D30,16
FUN_00154150,0x00154150,0x00154160,16
FUN_001545a0,0x001545A0,0x001545AC,12
FUN_00154860,0x00154860,0x00154878,24
FUN_00154d50,0x00154D50,0x00154D98,64
FUN_00154dc0,0x00154DC0,0x00154E20,88
FUN_00154e70,0x00154E70,0x00154FEC,348
FUN_00155000,0x00155000,0x0015501C,28
FUN_00155670,0x00155670,0x00155794,252
FUN_001557b0,0x001557B0,0x001558D4,252
FUN_001558f0,0x001558F0,0x00155A14,252
FUN_00155a30,0x00155A30,0x00155A38,8
FUN_00155d00,0x00155D00,0x00155FC8,340
FUN_00155ff0,0x00155FF0,0x00156000,16
FUN_001569c0,0x001569C0,0x001569D4,20
FUN_00157360,0x00157360,0x00157470,256
FUN_00157480,0x00157480,0x00157490,16
FUN_00157770,0x00157770,0x001579A8,488
FUN_001579c0,0x001579C0,0x001579D0,16
FUN_00157e30,0x00157E30,0x00158074,296
FUN_001580f0,0x001580F0,0x00158100,16
FUN_00159040,0x00159040,0x00159058,24
FUN_00159770,0x00159770,0x0015977C,12
FUN_00159dc0,0x00159DC0,0x00159F74,404
FUN_00159f90,0x00159F90,0x00159FA0,16
FUN_0015a460,0x0015A460,0x0015A708,632
FUN_0015a720,0x0015A720,0x0015A740,32
FUN_0015ad90,0x0015AD90,0x0015ADFC,100
FUN_0015ae10,0x0015AE10,0x0015B120,492
FUN_0015b130,0x0015B130,0x0015B140,16
FUN_0015b660,0x0015B660,0x0015B670,16
FUN_0015bb20,0x0015BB20,0x0015BC7C,316
FUN_0015bc90,0x0015BC90,0x0015BCFC,100
FUN_0015bd10,0x0015BD10,0x0015BD48,56
FUN_0015bd90,0x0015BD90,0x0015BDA0,16
FUN_0015c1e0,0x0015C1E0,0x0015C1F4,20
FUN_0015cca0,0x0015CCA0,0x0015CCB4,20
FUN_0015d320,0x0015D320,0x0015D478,312
FUN_0015d490,0x0015D490,0x0015D4A4,20
FUN_0015db60,0x0015DB60,0x0015DF28,392
FUN_0015df40,0x0015DF40,0x0015DF50,16
FUN_0015e3a0,0x0015E3A0,0x0015E3B4,20
FUN_0015e880,0x0015E880,0x0015E890,16
FUN_0015ecc0,0x0015ECC0,0x0015ECCC,12
FUN_0015f0a0,0x0015F0A0,0x0015F2CC,548
FUN_0015f2e0,0x0015F2E0,0x0015F2F0,16
FUN_0015f8a0,0x0015F8A0,0x0015FA10,264
FUN_0015fa20,0x0015FA20,0x0015FA30,16
FUN_0015fb30,0x0015FB30,0x0015FBD0,152
FUN_0015fbe0,0x0015FBE0,0x0015FC48,104
FUN_0015fc60,0x0015FC60,0x0015FE1C,444
FUN_0015fe30,0x0015FE30,0x0016028C,1108
FUN_001602a0,0x001602A0,0x001602EC,76
FUN_001602f0,0x001602F0,0x0016067C,908
FUN_00160690,0x00160690,0x0016069C,12
FUN_00160b60,0x00160B60,0x00160B6C,12
FUN_00161070,0x00161070,0x001614F0,1072
FUN_00161500,0x00161500,0x00161514,20
FUN_00161860,0x00161860,0x0016186C,12
FUN_001635b0,0x001635B0,0x001635BC,12
FUN_00163dc0,0x00163DC0,0x00163DD0,16
FUN_00164830,0x00164830,0x00164848,24
FUN_00164dd0,0x00164DD0,0x00164DDC,12
FUN_001654e0,0x001654E0,0x00165504,36
FUN_00165510,0x00165510,0x001656A8,356
FUN_001656c0,0x001656C0,0x001656D0,16
FUN_00165890,0x00165890,0x001658B0,32
FUN_00165a40,0x00165A40,0x00165A50,16
FUN_00165c50,0x00165C50,0x00165CBC,100
FUN_00165cd0,0x00165CD0,0x00165CF4,36
FUN_00165d00,0x00165D00,0x00165D24,36
FUN_00165d40,0x00165D40,0x00166120,984
FUN_00166150,0x00166150,0x00166298,328
FUN_00166530,0x00166530,0x00166544,20
FUN_001667c0,0x001667C0,0x00166984,452
FUN_001669a0,0x001669A0,0x00166CD4,820
FUN_00166ce0,0x00166CE0,0x00166CF0,16
FUN_00166df0,0x00166DF0,0x00166DFC,12
FUN_00167620,0x00167620,0x0016762C,12
FUN_00167760,0x00167760,0x00167768,8
FUN_00167af0,0x00167AF0,0x00167B84,148
FUN_00167bc0,0x00167BC0,0x00167BD4,20
FUN_00168360,0x00168360,0x001683B8,88
FUN_001683d0,0x001683D0,0x001683D8,8
FUN_00168600,0x00168600,0x00168668,104
FUN_00168680,0x00168680,0x001686E8,104
FUN_00168700,0x00168700,0x00168818,280
FUN_00168830,0x00168830,0x00168840,16
FUN_00168a10,0x00168A10,0x00168A20,16
FUN_00168c20,0x00168C20,0x00168C74,84
FUN_00169260,0x00169260,0x00169280,32
FUN_001692f0,0x001692F0,0x001692FC,12
FUN_00169420,0x00169420,0x00169448,40
FUN_00169450,0x00169450,0x00169494,68
FUN_001694d0,0x001694D0,0x001694D8,8
FUN_00169680,0x00169680,0x0016968C,12
FUN_0016b1f0,0x0016B1F0,0x0016B204,20
FUN_0016b2b0,0x0016B2B0,0x0016B2C4,20
FUN_0016b470,0x0016B470,0x0016B50C,156
FUN_0016b550,0x0016B550,0x0016B5FC,172
FUN_0016b600,0x0016B600,0x0016B738,312
FUN_0016b750,0x0016B750,0x0016B8C4,368
FUN_0016b8e0,0x0016B8E0,0x0016BA54,368
FUN_0016ba70,0x0016BA70,0x0016BBC4,340
FUN_0016bbd0,0x0016BBD0,0x0016BBE4,20
FUN_0016bf50,0x0016BF50,0x0016BF94,68
FUN_0016bfb0,0x0016BFB0,0x0016BFBC,12
FUN_0016c530,0x0016C530,0x0016C830,768
FUN_0016c840,0x0016C840,0x0016C890,80
FUN_0016c8a0,0x0016C8A0,0x0016C8AC,12
FUN_0016cc40,0x0016CC40,0x0016CC94,84
FUN_0016cd30,0x0016CD30,0x0016CD5C,44
FUN_0016cd60,0x0016CD60,0x0016CD70,16
FUN_0016cec0,0x0016CEC0,0x0016CF34,116
FUN_0016cf50,0x0016CF50,0x0016D028,216
FUN_0016d050,0x0016D050,0x0016D158,264
FUN_0016d180,0x0016D180,0x0016D2D8,344
FUN_0016d2f0,0x0016D2F0,0x0016D338,72
FUN_0016d350,0x0016D350,0x0016D358,8
FUN_0016d480,0x0016D480,0x0016D490,16
FUN_0016d5e0,0x0016D5E0,0x0016D670,144
FUN_0016d670,0x0016D670,0x0016D678,8
FUN_0016d6d0,0x0016D6D0,0x0016D6E0,16
FUN_0016f420,0x0016F420,0x0016F49C,124
FUN_0016f4b0,0x0016F4B0,0x0016F5B8,264
FUN_0016f5d0,0x0016F5D0,0x0016F66C,156
FUN_0016f680,0x0016F680,0x0016F6D4,84
FUN_0016f6e0,0x0016F6E0,0x0016F734,84
FUN_0016f740,0x0016F740,0x0016F76C,44
FUN_0016f770,0x0016F770,0x0016F85C,236
FUN_0016f860,0x0016F860,0x0016F870,16
FUN_0016f990,0x0016F990,0x0016F9C8,56
FUN_0016f9e0,0x0016F9E0,0x0016FAD0,240
FUN_0016fb00,0x0016FB00,0x0016FB54,84
FUN_0016fbb0,0x0016FBB0,0x0016FC04,84
FUN_0016fc30,0x0016FC30,0x0016FC44,20
FUN_0016fc80,0x0016FC80,0x0016FCC0,64
FUN_0016fcd0,0x0016FCD0,0x0016FEB4,484
FUN_0016fec0,0x0016FEC0,0x0016FF40,128
FUN_0016ff50,0x0016FF50,0x0017006C,284
FUN_00170080,0x00170080,0x001700D4,84
FUN_001700e0,0x001700E0,0x00170138,88
FUN_00170290,0x00170290,0x001702E4,84
FUN_001702f0,0x001702F0,0x00170344,84
FUN_00170350,0x00170350,0x00170450,256
FUN_00170480,0x00170480,0x001704FC,124
FUN_00170510,0x00170510,0x00170520,16
FUN_00170690,0x00170690,0x001706E0,80
FUN_001706f0,0x001706F0,0x00170704,20
FUN_00170710,0x00170710,0x0017078C,108
FUN_001707a0,0x001707A0,0x0017081C,124
FUN_00170830,0x00170830,0x00170840,16
FUN_00170910,0x00170910,0x001709B8,152
FUN_001709d0,0x001709D0,0x00170A24,84
FUN_00170a50,0x00170A50,0x00170A60,16
FUN_00170b60,0x00170B60,0x00170B70,16
FUN_00170cb0,0x00170CB0,0x00170D04,84
FUN_00170d30,0x00170D30,0x00170D48,24
FUN_00170eb0,0x00170EB0,0x00170F04,84
FUN_00170f30,0x00170F30,0x00170F84,84
FUN_00170fb0,0x00170FB0,0x00170FC0,16
FUN_001710d0,0x001710D0,0x0017114C,124
FUN_00171160,0x00171160,0x001727A8,5704
FUN_001727c0,0x001727C0,0x00172804,68
FUN_00172810,0x00172810,0x001728F4,228
FUN_00172910,0x00172910,0x00172954,68
FUN_00172960,0x00172960,0x001729A4,68
FUN_001729b0,0x001729B0,0x001729F4,68
FUN_00172a00,0x00172A00,0x00172A44,68
FUN_00172a50,0x00172A50,0x00172A94,68
FUN_00172aa0,0x00172AA0,0x00172AE4,68
FUN_00172af0,0x00172AF0,0x00172B34,68
FUN_00172b40,0x00172B40,0x00172B84,68
FUN_00172b90,0x00172B90,0x00172BD4,68
FUN_00172be0,0x00172BE0,0x00172C24,68
FUN_00172c30,0x00172C30,0x00172C74,68
FUN_00172c80,0x00172C80,0x00172CC4,68
FUN_00172cd0,0x00172CD0,0x00172DC4,244
FUN_00172de0,0x00172DE0,0x00172E20,64
FUN_00172e20,0x00172E20,0x00172E64,68
FUN_00172e70,0x00172E70,0x00172EB4,68
FUN_00172ec0,0x00172EC0,0x00172F04,68
FUN_00172f10,0x00172F10,0x00172F54,68
FUN_00172f60,0x00172F60,0x00172FA4,68
FUN_00172fb0,0x00172FB0,0x00172FF4,68
FUN_00173000,0x00173000,0x001730F4,244
FUN_00173110,0x00173110,0x00173150,64
FUN_00173150,0x00173150,0x00173194,68
FUN_001731a0,0x001731A0,0x001731E4,68
FUN_001731f0,0x001731F0,0x00173234,68
FUN_00173240,0x00173240,0x00173284,68
FUN_00173290,0x00173290,0x001732D4,68
FUN_001732e0,0x001732E0,0x00173324,68
FUN_00173330,0x00173330,0x00173374,68
FUN_00173380,0x00173380,0x001733C4,68
FUN_001733d0,0x001733D0,0x00173414,68
FUN_00173420,0x00173420,0x00173464,68
FUN_00173470,0x00173470,0x001734B4,68
FUN_001734c0,0x001734C0,0x00173504,68
FUN_00173510,0x00173510,0x00173554,68
FUN_00173560,0x00173560,0x001735A4,68
FUN_001735b0,0x001735B0,0x001735F4,68
FUN_00173600,0x00173600,0x00173644,68
FUN_00173670,0x00173670,0x0017368C,28
FUN_001739a0,0x001739A0,0x001739B8,24
FUN_00173b60,0x00173B60,0x00173B78,24
FUN_00174270,0x00174270,0x00174914,1700
FUN_00174920,0x00174920,0x00174934,20
FUN_00175430,0x00175430,0x00175440,16
FUN_00175de0,0x00175DE0,0x00175DF0,16
FUN_00176160,0x00176160,0x00176170,16
FUN_001762b0,0x001762B0,0x001762C8,24
FUN_00176440,0x00176440,0x001764AC,108
FUN_001764c0,0x001764C0,0x00176538,120
FUN_00176550,0x00176550,0x001765B4,100
FUN_001765d0,0x001765D0,0x00176634,100
FUN_00176650,0x00176650,0x001766B4,100
FUN_001766d0,0x001766D0,0x0017670C,60
FUN_00176720,0x00176720,0x00176770,80
FUN_00176780,0x00176780,0x001767B0,48
FUN_001768b0,0x001768B0,0x001768C0,16
FUN_00176d80,0x00176D80,0x00176DCC,76
FUN_001770d0,0x001770D0,0x00177158,136
FUN_001771a0,0x001771A0,0x001771F8,88
FUN_00177200,0x00177200,0x00177258,88
FUN_00177260,0x00177260,0x001772AC,76
FUN_001772b0,0x001772B0,0x001772FC,76
FUN_00177300,0x00177300,0x0017734C,76
FUN_00177350,0x00177350,0x0017739C,76
FUN_001773a0,0x001773A0,0x001773B0,16
FUN_00177620,0x00177620,0x00177628,8
FUN_00177670,0x00177670,0x001776A4,52
FUN_001776f0,0x001776F0,0x00177758,104
FUN_00177770,0x00177770,0x001777CC,92
FUN_001777d0,0x001777D0,0x001777F0,32
FUN_00177870,0x00177870,0x00177890,32
FUN_00177890,0x00177890,0x0017798C,252
FUN_001779b0,0x001779B0,0x001779C0,16
FUN_001779c0,0x001779C0,0x001779EC,44
FUN_001779f0,0x001779F0,0x00177A1C,44
FUN_00177ab0,0x00177AB0,0x00177AC8,24
FUN_00177bf0,0x00177BF0,0x00177CBC,204
FUN_00177cc0,0x00177CC0,0x00177CD4,20
FUN_00177db0,0x00177DB0,0x00177EEC,260
FUN_00177f00,0x00177F00,0x00177F14,20
FUN_00177fa0,0x00177FA0,0x00177FAC,12
FUN_00178070,0x00178070,0x00178094,36
FUN_001780c0,0x001780C0,0x001781F4,308
FUN_00178300,0x00178300,0x00178420,288
FUN_00178450,0x00178450,0x001784EC,156
FUN_00178500,0x00178500,0x001785A0,160
FUN_001785b0,0x001785B0,0x001785EC,60
FUN_00178630,0x00178630,0x00178658,40
FUN_00178660,0x00178660,0x0017866C,12
FUN_00178750,0x00178750,0x0017875C,12
FUN_00178840,0x00178840,0x0017884C,12
FUN_001788f0,0x001788F0,0x00178970,128
FUN_00178980,0x00178980,0x0017898C,12
FUN_00178a30,0x00178A30,0x00178A60,48
FUN_00178a60,0x00178A60,0x00178A8C,44
FUN_00178a90,0x00178A90,0x00178AA8,24
FUN_00178c10,0x00178C10,0x00178C28,24
FUN_00178db0,0x00178DB0,0x00178DC4,20
FUN_00178f80,0x00178F80,0x00178FBC,60
FUN_00179020,0x00179020,0x00179030,16
FUN_00179080,0x00179080,0x001790C0,64
FUN_001790c0,0x001790C0,0x001790FC,60
FUN_00179100,0x00179100,0x00179138,56
FUN_00179170,0x00179170,0x00179180,16
FUN_001792c0,0x001792C0,0x00179390,208
FUN_001793a0,0x001793A0,0x001793B0,16
FUN_001794c0,0x001794C0,0x001795C4,260
FUN_00179620,0x00179620,0x00179700,224
FUN_00179b10,0x00179B10,0x00179BA8,152
FUN_00179bc0,0x00179BC0,0x00179BCC,12
FUN_00179cd0,0x00179CD0,0x00179CF0,32
FUN_00179f60,0x00179F60,0x00179FF8,152
FUN_0017a110,0x0017A110,0x0017A118,8
FUN_0017a1d0,0x0017A1D0,0x0017A1DC,12
FUN_0017a6d0,0x0017A6D0,0x0017A6EC,28
FUN_0017a940,0x0017A940,0x0017A948,8
FUN_0017abb0,0x0017ABB0,0x0017ABC8,24
FUN_0017ae80,0x0017AE80,0x0017AEE4,100
FUN_0017b060,0x0017B060,0x0017B070,16
FUN_0017b160,0x0017B160,0x0017B170,16
FUN_0017b380,0x0017B380,0x0017B390,16
FUN_0017b540,0x0017B540,0x0017B554,20
FUN_0017b660,0x0017B660,0x0017B674,20
FUN_0017b9b0,0x0017B9B0,0x0017B9B8,8
FUN_0017bd60,0x0017BD60,0x0017BD68,8
FUN_0017c050,0x0017C050,0x0017C05C,12
FUN_0017c2a0,0x0017C2A0,0x0017C2A8,8
FUN_0017c410,0x0017C410,0x0017C418,8
FUN_0017c4f0,0x0017C4F0,0x0017C54C,92
FUN_0017c550,0x0017C550,0x0017C5B8,104
FUN_0017c5c0,0x0017C5C0,0x0017C680,128
FUN_0017c690,0x0017C690,0x0017C6EC,92
FUN_0017c6f0,0x0017C6F0,0x0017C74C,92
FUN_0017c750,0x0017C750,0x0017C7A8,88
FUN_0017cd90,0x0017CD90,0x0017CDD0,64
FUN_0017cdd0,0x0017CDD0,0x0017CE20,80
FUN_0017ce80,0x0017CE80,0x0017CEC4,68
FUN_0017ced0,0x0017CED0,0x0017CEDC,12
FUN_0017d000,0x0017D000,0x0017D020,32
FUN_0017d290,0x0017D290,0x0017D2F0,96
FUN_0017d300,0x0017D300,0x0017D36C,108
FUN_0017d370,0x0017D370,0x0017D384,20
FUN_0017d4e0,0x0017D4E0,0x0017D4E8,8
FUN_0017d580,0x0017D580,0x0017D590,16
FUN_0017d7f0,0x0017D7F0,0x0017D80C,28
FUN_0017dd60,0x0017DD60,0x0017DD70,16
FUN_0017e0b0,0x0017E0B0,0x0017E0C0,16
FUN_0017e260,0x0017E260,0x0017E270,16
FUN_0017ea30,0x0017EA30,0x0017EA40,16
FUN_0017f1f0,0x0017F1F0,0x0017F204,20
FUN_0017f430,0x0017F430,0x0017F444,20
FUN_0017f660,0x0017F660,0x0017F678,24
FUN_0017f8f0,0x0017F8F0,0x0017F904,20
FUN_0017fa50,0x0017FA50,0x0017FA58,8
FUN_0017fa60,0x0017FA60,0x0017FA70,16
FUN_0017fc80,0x0017FC80,0x0017FCC4,68
FUN_0017fcd0,0x0017FCD0,0x0017FD34,100
FUN_0017fd50,0x0017FD50,0x0017FD5C,12
FUN_001800e0,0x001800E0,0x001800EC,12
FUN_00180d60,0x00180D60,0x00180E80,288
FUN_00180e90,0x00180E90,0x00180FF8,360
FUN_00181010,0x00181010,0x00181170,352
FUN_00181180,0x00181180,0x00181198,24
FUN_001813d0,0x001813D0,0x001813DC,12
FUN_00181650,0x00181650,0x001817B0,352
FUN_001817c0,0x001817C0,0x001817D0,16
FUN_00181880,0x00181880,0x00181890,16
FUN_00181f20,0x00181F20,0x00182330,1040
FUN_00182340,0x00182340,0x00182354,20
FUN_00182e80,0x00182E80,0x00182FB4,304
FUN_00182fc0,0x00182FC0,0x00183178,440
FUN_00183190,0x00183190,0x001831A4,20
FUN_00183400,0x00183400,0x00183408,8
FUN_00183780,0x00183780,0x00183944,452
FUN_00183960,0x00183960,0x0018396C,12
FUN_00183f10,0x00183F10,0x00184554,1596
FUN_00184570,0x00184570,0x001846F0,312
FUN_00184700,0x00184700,0x0018470C,12
FUN_001848f0,0x001848F0,0x00184900,16
FUN_00184bf0,0x00184BF0,0x00184DE8,504
FUN_00184e00,0x00184E00,0x00184E14,20
FUN_00185310,0x00185310,0x001855DC,672
FUN_001855f0,0x001855F0,0x00185608,24
FUN_00185cf0,0x00185CF0,0x00185CFC,12
FUN_00185fc0,0x00185FC0,0x00186168,380
FUN_00186180,0x00186180,0x001869B8,1620
FUN_001869d0,0x001869D0,0x001869E4,20
FUN_00187650,0x00187650,0x00187674,36
FUN_00188280,0x00188280,0x0018828C,12
FUN_00188960,0x00188960,0x00188970,16
FUN_00188c10,0x00188C10,0x00188C24,20
FUN_0018a120,0x0018A120,0x0018A1F4,140
FUN_0018a210,0x0018A210,0x0018A5C4,944
FUN_0018a5d0,0x0018A5D0,0x0018A708,304
FUN_0018a720,0x0018A720,0x0018A854,308
FUN_0018a860,0x0018A860,0x0018A870,16
FUN_0018a950,0x0018A950,0x0018A95C,12
FUN_0018ac60,0x0018AC60,0x0018AE08,424
FUN_0018ae20,0x0018AE20,0x0018B098,632
FUN_0018b0a0,0x0018B0A0,0x0018B17C,220
FUN_0018b190,0x0018B190,0x0018B254,196
FUN_0018b3d0,0x0018B3D0,0x0018B558,392
FUN_0018b570,0x0018B570,0x0018B5B0,64
FUN_0018b600,0x0018B600,0x0018B864,612
FUN_0018b880,0x0018B880,0x0018B9C4,316
FUN_0018b9d0,0x0018B9D0,0x0018BA5C,140
FUN_0018ba70,0x0018BA70,0x0018BA80,16
FUN_0018bcc0,0x0018BCC0,0x0018BFB0,752
FUN_0018bfc0,0x0018BFC0,0x0018C074,180
FUN_0018c080,0x0018C080,0x0018C230,424
FUN_0018c240,0x0018C240,0x0018C524,716
FUN_0018c540,0x0018C540,0x0018C554,20
FUN_0018c660,0x0018C660,0x0018C670,16
FUN_0018cca0,0x0018CCA0,0x0018CEBC,496
FUN_0018ced0,0x0018CED0,0x0018CFFC,300
FUN_0018d010,0x0018D010,0x0018D0F0,156
FUN_0018d100,0x0018D100,0x0018D1F0,240
FUN_0018d200,0x0018D200,0x0018D330,296
FUN_0018d340,0x0018D340,0x0018D5B4,620
FUN_0018d5c0,0x0018D5C0,0x0018D7D4,524
FUN_0018d7e0,0x0018D7E0,0x0018D9E8,512
FUN_0018da00,0x0018DA00,0x0018DC1C,476
FUN_0018dc30,0x0018DC30,0x0018DC3C,12
FUN_0018e2b0,0x0018E2B0,0x0018E4F8,312
FUN_0018e510,0x0018E510,0x0018EAA8,656
FUN_0018eac0,0x0018EAC0,0x0018ED90,208
FUN_0018eda0,0x0018EDA0,0x0018F16C,204
FUN_0018f180,0x0018F180,0x0018F18C,12
FUN_0018f580,0x0018F580,0x0018F748,456
FUN_0018f760,0x0018F760,0x0018F85C,252
FUN_0018f870,0x0018F870,0x00190174,2300
FUN_00190190,0x00190190,0x00190360,320
FUN_00190380,0x00190380,0x00190390,16
FUN_001906a0,0x001906A0,0x001906B0,16
FUN_001908e0,0x001908E0,0x001909E8,140
FUN_00190a00,0x00190A00,0x00190B44,316
FUN_00190b50,0x00190B50,0x00190B60,16
FUN_00190fa0,0x00190FA0,0x00190FB0,16
FUN_00191280,0x00191280,0x001913DC,328
FUN_001913f0,0x001913F0,0x00191400,16
FUN_00191800,0x00191800,0x00191810,16
FUN_00191b40,0x00191B40,0x00191D04,444
FUN_00191d10,0x00191D10,0x00191FE0,512
FUN_00191ff0,0x00191FF0,0x001924D8,1256
FUN_001924f0,0x001924F0,0x0019263C,248
FUN_00192690,0x00192690,0x001927EC,328
FUN_00192800,0x00192800,0x00192CCC,1076
FUN_00192ce0,0x00192CE0,0x00192F5C,560
FUN_00192f70,0x00192F70,0x001933E8,960
FUN_00193400,0x00193400,0x001938E8,1256
FUN_00193900,0x00193900,0x00193918,24
FUN_00193b10,0x00193B10,0x00193BA0,144
FUN_00193bb0,0x00193BB0,0x00193C0C,92
FUN_00193c60,0x00193C60,0x00193E80,312
FUN_00193e90,0x00193E90,0x00193F04,116
FUN_001940a0,0x001940A0,0x00194218,368
FUN_00194230,0x00194230,0x001943BC,364
FUN_001943d0,0x001943D0,0x001943E4,20
FUN_001949d0,0x001949D0,0x001949E4,20
FUN_00194ad0,0x00194AD0,0x00194AE4,20
FUN_00194fc0,0x00194FC0,0x00194FD8,24
FUN_00195c70,0x00195C70,0x00195EAC,404
FUN_00195ee0,0x00195EE0,0x0019605C,380
FUN_00196070,0x00196070,0x0019633C,716
FUN_00196350,0x00196350,0x00196358,8
FUN_001964c0,0x001964C0,0x00196648,392
FUN_00196660,0x00196660,0x001967AC,192
FUN_001967d0,0x001967D0,0x00196A7C,684
FUN_00196a90,0x00196A90,0x00196C10,384
FUN_00196c20,0x00196C20,0x00196EC4,536
FUN_00196ef0,0x00196EF0,0x00196FAC,188
FUN_00196fc0,0x00196FC0,0x00197630,1648
FUN_00197640,0x00197640,0x00197654,20
FUN_00197ff0,0x00197FF0,0x0019820C,540
FUN_00198240,0x00198240,0x00198258,24
FUN_00198a70,0x00198A70,0x00198C3C,460
FUN_00198c50,0x00198C50,0x00198C5C,12
FUN_00198f00,0x00198F00,0x001991D4,436
FUN_001991e0,0x001991E0,0x001998D4,440
FUN_001998f0,0x001998F0,0x00199EC0,440
FUN_00199ed0,0x00199ED0,0x00199EE4,20
FUN_0019a0d0,0x0019A0D0,0x0019A0D8,8
FUN_0019a300,0x0019A300,0x0019A408,264
FUN_0019a450,0x0019A450,0x0019A65C,456
FUN_0019a670,0x0019A670,0x0019A8A4,564
FUN_0019a8c0,0x0019A8C0,0x0019AA08,328
FUN_0019aa20,0x0019AA20,0x0019AAB4,148
FUN_0019aac0,0x0019AAC0,0x0019AB2C,108
FUN_0019ab40,0x0019AB40,0x0019AC5C,284
FUN_0019ac70,0x0019AC70,0x0019AEF4,644
FUN_0019b4f0,0x0019B4F0,0x0019B4FC,12
FUN_0019be70,0x0019BE70,0x0019C1F0,896
FUN_0019c210,0x0019C210,0x0019C530,676
FUN_0019c600,0x0019C600,0x0019C618,24
FUN_0019d190,0x0019D190,0x0019D294,260
FUN_0019d2b0,0x0019D2B0,0x0019D4C4,532
FUN_0019d4e0,0x0019D4E0,0x0019D4EC,12
FUN_0019f1e0,0x0019F1E0,0x0019F1E8,8
FUN_0019f8a0,0x0019F8A0,0x001A0358,2656
FUN_001a0370,0x001A0370,0x001A1294,3876
FUN_001a12b0,0x001A12B0,0x001A12C0,16
FUN_001a1860,0x001A1860,0x001A186C,12
FUN_001a1ca0,0x001A1CA0,0x001A1FB8,792
FUN_001a1fd0,0x001A1FD0,0x001A2CB0,3284
FUN_001a2cc0,0x001A2CC0,0x001A2CE8,40
FUN_001a2d00,0x001A2D00,0x001A2D0C,12
FUN_001a3000,0x001A3000,0x001A30D8,216
FUN_001a3110,0x001A3110,0x001A3128,24
FUN_001a38e0,0x001A38E0,0x001A3A74,404
FUN_001a3a80,0x001A3A80,0x001A3A88,8
FUN_001a3e60,0x001A3E60,0x001A3EC8,104
FUN_001a3ee0,0x001A3EE0,0x001A4068,392
FUN_001a4080,0x001A4080,0x001A4104,132
FUN_001a4110,0x001A4110,0x001A4120,16
FUN_001a4340,0x001A4340,0x001A43C4,132
FUN_001a43d0,0x001A43D0,0x001A4450,128
FUN_001a4460,0x001A4460,0x001A44B4,84
FUN_001a44c0,0x001A44C0,0x001A4504,68
FUN_001a4510,0x001A4510,0x001A4564,84
FUN_001a4570,0x001A4570,0x001A4598,40
FUN_001a45a0,0x001A45A0,0x001A45DC,60
FUN_001a4630,0x001A4630,0x001A46C4,148
FUN_001a46d0,0x001A46D0,0x001A4848,376
FUN_001a4850,0x001A4850,0x001A48B0,96
FUN_001a48c0,0x001A48C0,0x001A48F8,56
FUN_001a4910,0x001A4910,0x001A4960,80
FUN_001a4970,0x001A4970,0x001A49D0,96
FUN_001a49e0,0x001A49E0,0x001A49EC,12
FUN_001a4cc0,0x001A4CC0,0x001A4CE0,32
FUN_001a5750,0x001A5750,0x001A5768,24
FUN_001a5bb0,0x001A5BB0,0x001A6254,1692
FUN_001a6260,0x001A6260,0x001A6278,24
FUN_001a6d70,0x001A6D70,0x001A7314,1432
FUN_001a7320,0x001A7320,0x001A7338,24
FUN_001a7c30,0x001A7C30,0x001A8040,1036
FUN_001a8300,0x001A8300,0x001A8370,112
FUN_001a8400,0x001A8400,0x001A840C,12
FUN_001a85e0,0x001A85E0,0x001A85EC,12
FUN_001a8960,0x001A8960,0x001A8980,32
FUN_001a8dc0,0x001A8DC0,0x001A8DD0,16
FUN_001a95f0,0x001A95F0,0x001A9600,16
FUN_001a9d20,0x001A9D20,0x001A9F84,612
FUN_001a9f90,0x001A9F90,0x001A9FD4,68
FUN_001a9ff0,0x001A9FF0,0x001AA040,80
FUN_001aa040,0x001AA040,0x001AA064,36
FUN_001aa790,0x001AA790,0x001AA8F8,360
FUN_001aa910,0x001AA910,0x001AA91C,12
FUN_001aaae0,0x001AAAE0,0x001AAB68,136
FUN_001aabc0,0x001AABC0,0x001AABC8,8
FUN_001aabd0,0x001AABD0,0x001AAC20,80
FUN_001aac30,0x001AAC30,0x001AAC44,20
FUN_001aac60,0x001AAC60,0x001AACAC,76
thunk_FUN_001cc5c8,0x001AACC0,0x001AACC8,8
FUN_001aacd0,0x001AACD0,0x001AAE00,304
FUN_001aae10,0x001AAE10,0x001AAE70,96
FUN_001aae80,0x001AAE80,0x001AAE9C,28
FUN_001ab3f0,0x001AB3F0,0x001AB408,24
FUN_001ab960,0x001AB960,0x001AB978,24
FUN_001ac0d0,0x001AC0D0,0x001AC0EC,28
FUN_001af3b0,0x001AF3B0,0x001AF3C8,24
FUN_001b0d40,0x001B0D40,0x001B0D50,16
FUN_001b1370,0x001B1370,0x001B138C,28
FUN_001b18e0,0x001B18E0,0x001B18F8,24
FUN_001b1e50,0x001B1E50,0x001B1E6C,28
FUN_001b2160,0x001B2160,0x001B2170,16
FUN_001b4330,0x001B4330,0x001B4348,24
FUN_001b4f30,0x001B4F30,0x001B4F48,24
FUN_001b5ec0,0x001B5EC0,0x001B6CBC,380
FUN_001b6cd0,0x001B6CD0,0x001B6CE4,20
FUN_001b71e0,0x001B71E0,0x001B7364,388
FUN_001b7370,0x001B7370,0x001B7440,208
FUN_001b75e0,0x001B75E0,0x001B79E8,1032
FUN_001b79f0,0x001B79F0,0x001B7A00,16
FUN_001b7ed0,0x001B7ED0,0x001B7ED8,8
FUN_001b80c0,0x001B80C0,0x001B8244,388
FUN_001b8250,0x001B8250,0x001B8260,16
FUN_001b83d0,0x001B83D0,0x001B83D8,8
FUN_001b85b0,0x001B85B0,0x001B85C8,24
FUN_001b86a0,0x001B86A0,0x001B8724,132
FUN_001b8750,0x001B8750,0x001B8768,24
FUN_001b87d0,0x001B87D0,0x001B87E8,24
FUN_001b88c0,0x001B88C0,0x001B8908,72
FUN_001b8d30,0x001B8D30,0x001B8D4C,28
FUN_001b9000,0x001B9000,0x001B9238,568
FUN_001b9260,0x001B9260,0x001B92F0,144
FUN_001b92f0,0x001B92F0,0x001B9304,20
FUN_001b9810,0x001B9810,0x001B9880,112
FUN_001b9880,0x001B9880,0x001B9890,16
FUN_001b9d50,0x001B9D50,0x001B9D68,24
FUN_001ba070,0x001BA070,0x001BA090,32
FUN_001ba090,0x001BA090,0x001BA250,448
FUN_001ba260,0x001BA260,0x001BA278,24
FUN_001ba970,0x001BA970,0x001BAB6C,508
FUN_001bab80,0x001BAB80,0x001BAB8C,12
FUN_001bb010,0x001BB010,0x001BB024,20
FUN_001bb230,0x001BB230,0x001BB24C,28
FUN_001bb470,0x001BB470,0x001BB488,24
FUN_001bb780,0x001BB780,0x001BB794,20
FUN_001bb9e0,0x001BB9E0,0x001BB9EC,12
FUN_001bbc20,0x001BBC20,0x001BBC28,8
FUN_001bbe60,0x001BBE60,0x001BBE6C,12
FUN_001bc090,0x001BC090,0x001BC0E0,80
FUN_001bc0f0,0x001BC0F0,0x001BC108,24
FUN_001bc220,0x001BC220,0x001BC314,244
FUN_001bc320,0x001BC320,0x001BC360,64
FUN_001bc370,0x001BC370,0x001BC384,20
FUN_001bc7d0,0x001BC7D0,0x001BC7D8,8
FUN_001bc8d0,0x001BC8D0,0x001BC8E0,16
FUN_001bcd30,0x001BCD30,0x001BCD40,16
FUN_001bd280,0x001BD280,0x001BD288,8
FUN_001bd650,0x001BD650,0x001BD65C,12
FUN_001bd830,0x001BD830,0x001BD838,8
FUN_001bddd0,0x001BDDD0,0x001BDDE8,24
FUN_001bdf80,0x001BDF80,0x001BDF94,20
FUN_001be150,0x001BE150,0x001BE1DC,140
FUN_001be480,0x001BE480,0x001BE4A4,36
FUN_001be4b0,0x001BE4B0,0x001BE4C4,20
FUN_001be6a0,0x001BE6A0,0x001BE714,116
FUN_001be730,0x001BE730,0x001BE780,80
FUN_001bec10,0x001BEC10,0x001BEC84,116
FUN_001beca0,0x001BECA0,0x001BECEC,76
FUN_001bedd0,0x001BEDD0,0x001BEE5C,140
FUN_001bee70,0x001BEE70,0x001BEEDC,108
FUN_001beef0,0x001BEEF0,0x001BF06C,380
FUN_001bf080,0x001BF080,0x001BF210,400
FUN_001bf220,0x001BF220,0x001BF270,80
FUN_001bf280,0x001BF280,0x001BF2D0,80
FUN_001bf2e0,0x001BF2E0,0x001BF330,80
FUN_001bf340,0x001BF340,0x001BF38C,76
FUN_001bf390,0x001BF390,0x001BF3E4,84
FUN_001bf3f0,0x001BF3F0,0x001BF444,84
FUN_001bf450,0x001BF450,0x001BF4A4,84
FUN_001bf4b0,0x001BF4B0,0x001BF4F8,72
FUN_001bf500,0x001BF500,0x001BF548,72
FUN_001bf550,0x001BF550,0x001BF5DC,140
FUN_001bf5f0,0x001BF5F0,0x001BF64C,92
FUN_001bf660,0x001BF660,0x001BF6B4,84
FUN_001bf6c0,0x001BF6C0,0x001BF794,212
FUN_001bf7a0,0x001BF7A0,0x001BF7F0,80
FUN_001bf800,0x001BF800,0x001BF850,80
FUN_001bf8f0,0x001BF8F0,0x001BF900,16
FUN_001bfec0,0x001BFEC0,0x001BFEC8,8
FUN_001bffc0,0x001BFFC0,0x001C001C,92
FUN_001c0020,0x001C0020,0x001C007C,92
FUN_001c0080,0x001C0080,0x001C0098,24
FUN_001c0190,0x001C0190,0x001C01A8,24
FUN_001c02a0,0x001C02A0,0x001C02A8,8
FUN_001c0610,0x001C0610,0x001C0898,644
FUN_001c08b0,0x001C08B0,0x001C08BC,12
FUN_001c0ad0,0x001C0AD0,0x001C0ADC,12
FUN_001c14a0,0x001C14A0,0x001C14A8,8
FUN_001c1520,0x001C1520,0x001C1524,4
FUN_001c1e00,0x001C1E00,0x001C1E18,24
FUN_001c2b68,0x001C2B68,0x001C2BB4,76
FUN_001c2bb8,0x001C2BB8,0x001C2C04,72
FUN_001c2c08,0x001C2C08,0x001C2D34,300
FUN_001c2d38,0x001C2D38,0x001C2D88,76
FUN_001c2d90,0x001C2D90,0x001C2F2C,412
FUN_001c2f30,0x001C2F30,0x001C2F38,8
FUN_001c2f38,0x001C2F38,0x001C31C4,648
FUN_001c31c8,0x001C31C8,0x001C31F0,40
FUN_001c31f0,0x001C31F0,0x001C3250,96
FUN_001c3288,0x001C3288,0x001C32B8,48
FUN_001c32b8,0x001C32B8,0x001C32D8,32
FUN_001c32d8,0x001C32D8,0x001C3308,48
FUN_001c3308,0x001C3308,0x001C3334,44
FUN_001c3338,0x001C3338,0x001C33E8,176
FUN_001c33e8,0x001C33E8,0x001C3470,136
FUN_001c3470,0x001C3470,0x001C34A0,48
FUN_001c34a0,0x001C34A0,0x001C3504,100
FUN_001c3508,0x001C3508,0x001C352C,36
FUN_001c3530,0x001C3530,0x001C3560,48
FUN_001c3560,0x001C3560,0x001C38EC,900
FUN_001c38f0,0x001C38F0,0x001C3954,96
FUN_001c3958,0x001C3958,0x001C3A68,268
FUN_001c3a68,0x001C3A68,0x001C3B80,276
FUN_001c3b80,0x001C3B80,0x001C3D18,404
FUN_001c3d18,0x001C3D18,0x001C3E98,380
FUN_001c3e98,0x001C3E98,0x001C3EC0,40
FUN_001c3ec0,0x001C3EC0,0x001C41D8,776
FUN_001c41d8,0x001C41D8,0x001C4230,88
FUN_001c4230,0x001C4230,0x001C4340,272
FUN_001c4340,0x001C4340,0x001C443C,252
FUN_001c4440,0x001C4440,0x001C45D8,404
FUN_001c45d8,0x001C45D8,0x001C4758,380
FUN_001c4758,0x001C4758,0x001C4900,420
FUN_001c4900,0x001C4900,0x001C4940,60
FUN_001c4960,0x001C4960,0x001C4994,52
FUN_001c4998,0x001C4998,0x001C49B4,28
FUN_001c49d8,0x001C49D8,0x001C4B8C,436
FUN_001c4b90,0x001C4B90,0x001C4BFC,108
FUN_001c4c20,0x001C4C20,0x001C4C2C,12
FUN_001c4c30,0x001C4C30,0x001C4C3C,12
FUN_001c4c40,0x001C4C40,0x001C4C7C,60
FUN_001c4d08,0x001C4D08,0x001C4E40,312
FUN_001c4e40,0x001C4E40,0x001C4E84,68
FUN_001c4e88,0x001C4E88,0x001C5174,736
FUN_001c5180,0x001C5180,0x001C521C,156
FUN_001c5220,0x001C5220,0x001C5384,352
FUN_001c5388,0x001C5388,0x001C5394,12
FUN_001c53b0,0x001C53B0,0x001C53B8,8
FUN_001c53c0,0x001C53C0,0x001C53EC,44
FUN_001c53f8,0x001C53F8,0x001C5458,96
FUN_001c5468,0x001C5468,0x001C5470,8
FUN_001c5490,0x001C5490,0x001C54A4,20
FUN_001c54b8,0x001C54B8,0x001C54C0,8
FUN_001c54c0,0x001C54C0,0x001C54C8,8
FUN_001c54c8,0x001C54C8,0x001C54D8,16
FUN_001c54e0,0x001C54E0,0x001C5520,64
FUN_001c5520,0x001C5520,0x001C5560,64
FUN_001c5560,0x001C5560,0x001C55C4,100
FUN_001c55c8,0x001C55C8,0x001C560C,68
FUN_001c5610,0x001C5610,0x001C5710,252
FUN_001c5710,0x001C5710,0x001C5718,8
FUN_001c5718,0x001C5718,0x001C5794,124
FUN_001c5798,0x001C5798,0x001C57B0,24
FUN_001c57b0,0x001C57B0,0x001C57F4,68
FUN_001c57f8,0x001C57F8,0x001C5838,64
FUN_001c5838,0x001C5838,0x001C5840,8
FUN_001c5840,0x001C5840,0x001C5848,8
FUN_001c5848,0x001C5848,0x001C5854,12
FUN_001c5860,0x001C5860,0x001C58AC,76
FUN_001c58b0,0x001C58B0,0x001C5908,88
FUN_001c5908,0x001C5908,0x001C595C,84
FUN_001c5960,0x001C5960,0x001C5A64,256
FUN_001c5a68,0x001C5A68,0x001C5A94,44
FUN_001c5a98,0x001C5A98,0x001C5B04,108
FUN_001c5b28,0x001C5B28,0x001C5BA8,128
FUN_001c5cb0,0x001C5CB0,0x001C5E00,332
FUN_001c5e00,0x001C5E00,0x001C5EE8,224
FUN_001c5ee8,0x001C5EE8,0x001C5F08,32
FUN_001c5f50,0x001C5F50,0x001C5FB0,96
FUN_001c5fb0,0x001C5FB0,0x001C60D0,280
FUN_001c60d0,0x001C60D0,0x001C61C4,244
FUN_001c61c8,0x001C61C8,0x001C633C,368
FUN_001c6340,0x001C6340,0x001C6368,40
FUN_001c6368,0x001C6368,0x001C6598,560
FUN_001c6598,0x001C6598,0x001C6694,248
FUN_001c6698,0x001C6698,0x001C680C,368
FUN_001c6810,0x001C6810,0x001C69A4,400
FUN_001c69a8,0x001C69A8,0x001C6B44,408
FUN_001c6b48,0x001C6B48,0x001C6BAC,96
FUN_001c6bb0,0x001C6BB0,0x001C6C08,80
FUN_001c6c08,0x001C6C08,0x001C6C14,12
FUN_001c6c18,0x001C6C18,0x001C6C2C,20
FUN_001c6c30,0x001C6C30,0x001C6C44,20
FUN_001c6c48,0x001C6C48,0x001C6C64,28
FUN_001c6da8,0x001C6DA8,0x001C6E28,124
FUN_001c6ed0,0x001C6ED0,0x001C6FD0,256
FUN_001c6fd0,0x001C6FD0,0x001C7050,128
FUN_001c7050,0x001C7050,0x001C70C8,120
FUN_001c70c8,0x001C70C8,0x001C71FC,308
FUN_001c7200,0x001C7200,0x001C7460,604
FUN_001c7460,0x001C7460,0x001C767C,536
FUN_001c7680,0x001C7680,0x001C76DC,92
FUN_001c76e0,0x001C76E0,0x001C7734,84
FUN_001c7738,0x001C7738,0x001C7914,220
FUN_001c7918,0x001C7918,0x001C7CDC,428
FUN_001c7ce0,0x001C7CE0,0x001C8028,448
FUN_001c8028,0x001C8028,0x001C8098,108
FUN_001c8098,0x001C8098,0x001C80D0,56
FUN_001c80d0,0x001C80D0,0x001C8108,56
FUN_001c8108,0x001C8108,0x001C812C,36
FUN_001c8130,0x001C8130,0x001C8184,84
FUN_001c8188,0x001C8188,0x001C81F8,112
FUN_001c81f8,0x001C81F8,0x001C82FC,256
FUN_001c8300,0x001C8300,0x001C8388,136
FUN_001c8388,0x001C8388,0x001C83A4,28
FUN_001c83a8,0x001C83A8,0x001C8478,208
FUN_001c8478,0x001C8478,0x001C853C,196
FUN_001c8540,0x001C8540,0x001C8568,40
FUN_001c8568,0x001C8568,0x001C8584,28
FUN_001c8588,0x001C8588,0x001C8644,184
FUN_001c8648,0x001C8648,0x001C86A8,96
FUN_001c86a8,0x001C86A8,0x001C86FC,80
FUN_001c8700,0x001C8700,0x001C8770,112
FUN_001c8770,0x001C8770,0x001C8798,40
FUN_001c8798,0x001C8798,0x001C8844,168
FUN_001c8848,0x001C8848,0x001C8874,44
FUN_001c8878,0x001C8878,0x001C88C0,68
FUN_001c88c0,0x001C88C0,0x001C895C,148
FUN_001c8960,0x001C8960,0x001C8988,40
FUN_001c8988,0x001C8988,0x001C89B0,40
FUN_001c89b0,0x001C89B0,0x001C89D8,40
FUN_001c89d8,0x001C89D8,0x001C8A00,40
FUN_001c8a00,0x001C8A00,0x001C8A44,68
FUN_001c8a48,0x001C8A48,0x001C8A7C,52
FUN_001c8a80,0x001C8A80,0x001C8AC8,72
FUN_001c8ac8,0x001C8AC8,0x001C8B00,56
FUN_001c8b00,0x001C8B00,0x001C8D8C,636
FUN_001c8d90,0x001C8D90,0x001C8DD0,64
FUN_001c8dd0,0x001C8DD0,0x001C8E38,104
FUN_001c8e38,0x001C8E38,0x001C927C,1072
FUN_001c9298,0x001C9298,0x001C92F0,88
FUN_001c92f0,0x001C92F0,0x001C9384,144
FUN_001c9388,0x001C9388,0x001C9438,172
FUN_001c9438,0x001C9438,0x001C94D8,160
FUN_001c94d8,0x001C94D8,0x001C9558,128
FUN_001c9558,0x001C9558,0x001C9618,192
FUN_001c9618,0x001C9618,0x001C96EC,208
FUN_001c96f0,0x001C96F0,0x001C9790,160
FUN_001c9790,0x001C9790,0x001C9800,112
FUN_001c9800,0x001C9800,0x001C98B4,180
FUN_001c98b8,0x001C98B8,0x001C9918,96
FUN_001c9918,0x001C9918,0x001C9A18,252
FUN_001c9a18,0x001C9A18,0x001C9AA4,136
FUN_001c9aa8,0x001C9AA8,0x001C9ABC,20
FUN_001c9ac0,0x001C9AC0,0x001C9C4C,396
FUN_001c9c50,0x001C9C50,0x001C9C8C,56
FUN_001c9c90,0x001C9C90,0x001C9D7C,232
FUN_001c9d80,0x001C9D80,0x001C9E44,192
FUN_001c9e48,0x001C9E48,0x001C9F10,200
FUN_001c9f10,0x001C9F10,0x001C9F70,96
FUN_001c9f70,0x001C9F70,0x001CA084,264
FUN_001ca088,0x001CA088,0x001CA0B8,48
FUN_001ca0b8,0x001CA0B8,0x001CA0F8,64
FUN_001ca0f8,0x001CA0F8,0x001CA170,120
FUN_001ca170,0x001CA170,0x001CA1BC,72
FUN_001ca1c0,0x001CA1C0,0x001CA1F0,48
FUN_001ca1f0,0x001CA1F0,0x001CA220,48
FUN_001ca220,0x001CA220,0x001CA298,120
FUN_001ca298,0x001CA298,0x001CA2C0,40
FUN_001ca2c0,0x001CA2C0,0x001CA418,336
FUN_001ca418,0x001CA418,0x001CA430,24
FUN_001ca440,0x001CA440,0x001CA474,52
FUN_001ca478,0x001CA478,0x001D2030,60
FUN_001ca4b0,0x001CA4B0,0x001CA4C4,20
FUN_001ca4c8,0x001CA4C8,0x001CA574,168
FUN_001ca578,0x001CA578,0x001CA58C,20
FUN_001ca5b8,0x001CA5B8,0x001CA5D0,24
FUN_001ca5d0,0x001CA5D0,0x001CA5E8,24
FUN_001ca5e8,0x001CA5E8,0x001CA610,40
FUN_001ca610,0x001CA610,0x001CA630,32
FUN_001ca630,0x001CA630,0x001CA660,48
FUN_001ca660,0x001CA660,0x001CA680,32
FUN_001ca680,0x001CA680,0x001CA6A0,32
FUN_001ca6a0,0x001CA6A0,0x001CA82C,396
FUN_001ca830,0x001CA830,0x001CA84C,28
FUN_001ca850,0x001CA850,0x001CA928,216
FUN_001ca928,0x001CA928,0x001CAA80,336
FUN_001cab28,0x001CAB28,0x001CAB48,32
FUN_001cab48,0x001CAB48,0x001CABB8,112
FUN_001cabb8,0x001CABB8,0x001CAC80,196
FUN_001cac80,0x001CAC80,0x001CAD2C,172
FUN_001cad60,0x001CAD60,0x001CAD80,32
FUN_001cad80,0x001CAD80,0x001CAE2C,172
FUN_001caee8,0x001CAEE8,0x001CAF20,56
FUN_001caf20,0x001CAF20,0x001CAF60,64
FUN_001caf60,0x001CAF60,0x001CAFE4,132
FUN_001cafe8,0x001CAFE8,0x001CB058,112
FUN_001cb058,0x001CB058,0x001CB13C,224
FUN_001cb140,0x001CB140,0x001CB168,40
FUN_001cb168,0x001CB168,0x001CB190,40
FUN_001cb190,0x001CB190,0x001CB1A8,24
FUN_001cb1a8,0x001CB1A8,0x001CB200,88
FUN_001cb200,0x001CB200,0x001CB298,152
FUN_001cb298,0x001CB298,0x001CB39C,260
FUN_001cb5b8,0x001CB5B8,0x001CB68C,212
FUN_001cb690,0x001CB690,0x001CB6E0,80
FUN_001cb6e0,0x001CB6E0,0x001CB730,80
FUN_001cb730,0x001CB730,0x001CB744,20
FUN_001cb748,0x001CB748,0x001CB7AC,100
FUN_001cb7b0,0x001CB7B0,0x001CB810,96
FUN_001cb810,0x001CB810,0x001CB8B4,164
FUN_001cb8b8,0x001CB8B8,0x001CB970,180
FUN_001cb970,0x001CB970,0x001CB9F8,136
FUN_001cb9f8,0x001CB9F8,0x001CBA80,136
FUN_001cba80,0x001CBA80,0x001CBB18,152
FUN_001cbb18,0x001CBB18,0x001CBBE8,204
FUN_001cbbe8,0x001CBBE8,0x001CBBF4,12
FUN_001cbbf8,0x001CBBF8,0x001CBC0C,20
FUN_001cbcc8,0x001CBCC8,0x001CBCD8,16
FUN_001cbcd8,0x001CBCD8,0x001CBCEC,20
FUN_001cbcf0,0x001CBCF0,0x001CBE80,400
FUN_001cbe80,0x001CBE80,0x001CBED0,80
FUN_001cbed0,0x001CBED0,0x001CBF64,144
FUN_001cbf68,0x001CBF68,0x001CC034,200
FUN_001cc038,0x001CC038,0x001CC104,200
FUN_001cc108,0x001CC108,0x001CC1D4,200
FUN_001cc1d8,0x001CC1D8,0x001CC2A4,200
FUN_001cc2a8,0x001CC2A8,0x001CC374,200
FUN_001cc378,0x001CC378,0x001CC444,200
FUN_001cc448,0x001CC448,0x001CC45C,20
FUN_001cc460,0x001CC460,0x001CC474,20
FUN_001cc488,0x001CC488,0x001CC5B0,292
FUN_001cc5b0,0x001CC5B0,0x001CC5C4,20
FUN_001cc5c8,0x001CC5C8,0x001CC5DC,20
FUN_001cc5e0,0x001CC5E0,0x001CC668,132
FUN_001cc668,0x001CC668,0x001CC6E4,124
FUN_001cc6e8,0x001CC6E8,0x001CC70C,36
FUN_001cc710,0x001CC710,0x001CC744,52
FUN_001cc7a8,0x001CC7A8,0x001CC808,96
FUN_001cc808,0x001CC808,0x001CC81C,20
FUN_001ccaa8,0x001CCAA8,0x001CCB54,168
FUN_001ccb58,0x001CCB58,0x001CCB7C,36
FUN_001ccbe8,0x001CCBE8,0x001CCC18,48
FUN_001ccc18,0x001CCC18,0x001CCC48,48
FUN_001ccc58,0x001CCC58,0x001CCC88,48
FUN_001ccc88,0x001CCC88,0x001CCD08,128
FUN_001ccd08,0x001CCD08,0x001CCD80,120
FUN_001ccd80,0x001CCD80,0x001CCE00,128
FUN_001cce00,0x001CCE00,0x001CCE14,20
FUN_001cce58,0x001CCE58,0x001CCE94,60
FUN_001cce98,0x001CCE98,0x001CCECC,52
FUN_001cced0,0x001CCED0,0x001CCF04,52
FUN_001ccf08,0x001CCF08,0x001CCF1C,20
FUN_001ccf68,0x001CCF68,0x001CCF80,24
FUN_001ccf80,0x001CCF80,0x001E1380,32
FUN_001ccf98,0x001CCF98,0x001CCFAC,20
FUN_001ccfe0,0x001CCFE0,0x001CCFF4,20
FUN_001ccff8,0x001CCFF8,0x001CD00C,20
FUN_001cd010,0x001CD010,0x001CD018,8
FUN_001cd018,0x001CD018,0x001CD02C,20
FUN_001cd030,0x001CD030,0x001CD068,56
FUN_001cd068,0x001CD068,0x001CD07C,20
FUN_001cd098,0x001CD098,0x001CD0AC,20
FUN_001cd0b0,0x001CD0B0,0x001CD0C4,20
FUN_001cd0c8,0x001CD0C8,0x001CD0DC,20
FUN_001cd0e0,0x001CD0E0,0x001CD0F4,20
FUN_001cd0f8,0x001CD0F8,0x001CD10C,20
FUN_001cd148,0x001CD148,0x001CD15C,20
FUN_001cd1a8,0x001CD1A8,0x001CD1BC,20
FUN_001cd1c0,0x001CD1C0,0x001CD1D4,20
FUN_001cd1d8,0x001CD1D8,0x001CD1EC,20
FUN_001cd280,0x001CD280,0x001CD294,20
FUN_001cd2a8,0x001CD2A8,0x001CD2BC,20
FUN_001cd2e8,0x001CD2E8,0x001CD308,32
FUN_001cd308,0x001CD308,0x001CD320,24
FUN_001cd320,0x001CD320,0x001CD338,24
FUN_001cd338,0x001CD338,0x001CD34C,20
FUN_001cd368,0x001CD368,0x001CD394,44
FUN_001cd398,0x001CD398,0x001CD3BC,36
FUN_001cd3c0,0x001CD3C0,0x001CD3FC,60
FUN_001cd400,0x001CD400,0x001CD57C,380
FUN_001cd580,0x001CD580,0x001CD5E0,96
FUN_001cd5e0,0x001CD5E0,0x001CD5E8,8
FUN_001cd5e8,0x001CD5E8,0x001CD628,64
FUN_001cd638,0x001CD638,0x001CD678,64
FUN_001cd678,0x001CD678,0x001CD6A4,44
FUN_001cd6a8,0x001CD6A8,0x001CD6D4,44
FUN_001cd6d8,0x001CD6D8,0x001CD704,44
FUN_001cd708,0x001CD708,0x001CDA10,756
FUN_001cda10,0x001CDA10,0x001CDB30,288
FUN_001cdb30,0x001CDB30,0x001CDE94,856
FUN_001cde98,0x001CDE98,0x001CE05C,452
FUN_001ce060,0x001CE060,0x001CE0EC,140
FUN_001ce0f0,0x001CE0F0,0x001CE1A0,172
FUN_001ce1a0,0x001CE1A0,0x001CE244,156
FUN_001ce248,0x001CE248,0x001CE394,332
FUN_001ce398,0x001CE398,0x001CE4D4,316
FUN_001ce4d8,0x001CE4D8,0x001CE538,96
FUN_001ce540,0x001CE540,0x001CE548,8
FUN_001ce548,0x001CE548,0x001CE560,24
FUN_001ce560,0x001CE560,0x001CE568,8
FUN_001ce580,0x001CE580,0x001CE598,24
FUN_001ce598,0x001CE598,0x001CE5AC,20
FUN_001ce5b0,0x001CE5B0,0x001CE5C8,32
FUN_001ce5c8,0x001CE5C8,0x001CE628,92
FUN_001ce628,0x001CE628,0x001CE634,12
FUN_001ce638,0x001CE638,0x001CE644,12
FUN_001ce648,0x001CE648,0x001CE650,8
FUN_001ce658,0x001CE658,0x001CE660,8
FUN_001ce668,0x001CE668,0x001CE670,8
FUN_001ce678,0x001CE678,0x001CE690,24
FUN_001ce690,0x001CE690,0x001CE6A8,32
FUN_001ce6a8,0x001CE6A8,0x001CE6C0,24
FUN_001ce6c0,0x001CE6C0,0x001CE6D8,24
FUN_001ce6d8,0x001CE6D8,0x001CE6F0,32
FUN_001ce6f0,0x001CE6F0,0x001CE708,32
FUN_001ce708,0x001CE708,0x001CE720,24
FUN_001ce720,0x001CE720,0x001CE738,32
FUN_001ce738,0x001CE738,0x001CE750,32
FUN_001ce750,0x001CE750,0x001CE768,32
FUN_001ce768,0x001CE768,0x001CE780,32
FUN_001ce780,0x001CE780,0x001CE7AC,44
FUN_001ce7b0,0x001CE7B0,0x001CE7C8,32
FUN_001ce7c8,0x001CE7C8,0x001CE7E0,32
FUN_001ce7e0,0x001CE7E0,0x001CE7F8,24
FUN_001ce7f8,0x001CE7F8,0x001CE850,84
FUN_001ce850,0x001CE850,0x001CE8B4,100
FUN_001ce8b8,0x001CE8B8,0x001CE910,96
FUN_001ce918,0x001CE918,0x001CE930,32
FUN_001ce938,0x001CE938,0x001CE950,24
FUN_001ce950,0x001CE950,0x001CE968,24
FUN_001ce988,0x001CE988,0x001CE9BC,52
FUN_001ce9c0,0x001CE9C0,0x001CE9DC,28
FUN_001cea00,0x001CEA00,0x001CEBB4,436
FUN_001cebb8,0x001CEBB8,0x001CEC24,108
FUN_001cec60,0x001CEC60,0x001CEC90,48
FUN_001cec90,0x001CEC90,0x001CEDE8,344
FUN_001cede8,0x001CEDE8,0x001CEE4C,100
FUN_001cee50,0x001CEE50,0x001CEE7C,44
FUN_001cf010,0x001CF010,0x001CF034,36
FUN_001cf038,0x001CF038,0x001CF098,92
FUN_001cf098,0x001CF098,0x001CF0CC,52
FUN_001cf0d0,0x001CF0D0,0x001CF0DC,12
FUN_001cf0e0,0x001CF0E0,0x001CF0EC,12
FUN_001cf0f0,0x001CF0F0,0x001CF104,20
FUN_001cf180,0x001CF180,0x001CF21C,152
FUN_001cf220,0x001CF220,0x001CF254,52
FUN_001cf258,0x001CF258,0x001CF264,12
FUN_001cf268,0x001CF268,0x001CF2C0,88
FUN_001cf2c0,0x001CF2C0,0x001CF2CC,12
FUN_001cf2d0,0x001CF2D0,0x001CF3B4,224
FUN_001cf3b8,0x001CF3B8,0x001CF44C,144
FUN_001cf450,0x001CF450,0x001CF46C,28
FUN_001cf488,0x001CF488,0x001CF494,12
FUN_001cf498,0x001CF498,0x001CF604,308
FUN_001cf608,0x001CF608,0x001CF868,540
FUN_001cf868,0x001CF868,0x001CFAEC,420
FUN_001cfaf0,0x001CFAF0,0x001CFCB0,444
FUN_001cfcb0,0x001CFCB0,0x001CFDE0,128
FUN_001cfde0,0x001CFDE0,0x001CFE90,176
FUN_001cfe90,0x001CFE90,0x001CFF8C,252
FUN_001cff90,0x001CFF90,0x001D06E4,1872
FUN_001d06e8,0x001D06E8,0x001D0714,44
FUN_001d0748,0x001D0748,0x001D0918,464
FUN_001d0918,0x001D0918,0x001D0980,104
FUN_001d0988,0x001D0988,0x001D0AAC,288
FUN_001d0ac0,0x001D0AC0,0x001D0AC8,8
FUN_001d0ad0,0x001D0AD0,0x001D0AD8,8
FUN_001d0ae0,0x001D0AE0,0x001D0B44,100
FUN_001d0b50,0x001D0B50,0x001D0B5C,12
FUN_001d0bf0,0x001D0BF0,0x001D0C58,104
FUN_001d0c58,0x001D0C58,0x001D0CA8,80
FUN_001d0cf8,0x001D0CF8,0x001D0D54,100
FUN_001d0e08,0x001D0E08,0x001D0F74,360
FUN_001d0f78,0x001D0F78,0x001D100C,144
FUN_001d1010,0x001D1010,0x001D1050,60
FUN_001d1050,0x001D1050,0x001D10B0,96
FUN_001d10e0,0x001D10E0,0x001D110C,44
FUN_001d1118,0x001D1118,0x001D1120,8
FUN_001d1120,0x001D1120,0x001D1228,264
FUN_001d1228,0x001D1228,0x001D12FC,212
FUN_001d1300,0x001D1300,0x001D13D0,208
FUN_001d13d0,0x001D13D0,0x001D1414,68
FUN_001d1418,0x001D1418,0x001D1470,84
FUN_001d1470,0x001D1470,0x001D14E4,116
FUN_001d14e8,0x001D14E8,0x001D1520,56
FUN_001d1520,0x001D1520,0x001D1560,64
FUN_001d1560,0x001D1560,0x001D15AC,76
FUN_001d15b8,0x001D15B8,0x001D15C0,8
FUN_001d15c0,0x001D15C0,0x001D15DC,28
FUN_001d15e0,0x001D15E0,0x001D15F8,24
FUN_001d15f8,0x001D15F8,0x001D1630,56
FUN_001d1630,0x001D1630,0x001D1670,64
FUN_001d1670,0x001D1670,0x001D16B4,68
FUN_001d16b8,0x001D16B8,0x001D1720,100
FUN_001d1720,0x001D1720,0x001D1770,80
FUN_001d1770,0x001D1770,0x001D177C,12
FUN_001d1780,0x001D1780,0x001D1798,24
FUN_001d1798,0x001D1798,0x001D17B0,24
FUN_001d17b0,0x001D17B0,0x001D1BA8,1000
FUN_001d1ba8,0x001D1BA8,0x001D1D88,476
FUN_001d1d88,0x001D1D88,0x001D1E04,124
FUN_001d1e08,0x001D1E08,0x001D1E34,44
FUN_001d1e38,0x001D1E38,0x001D1E50,24
FUN_001d1e58,0x001D1E58,0x001D1E68,16
FUN_001d1e68,0x001D1E68,0x001D1E74,12
FUN_001d1e80,0x001D1E80,0x001D1E88,8
FUN_001d1e88,0x001D1E88,0x001D1E90,8
FUN_001d1e90,0x001D1E90,0x001D1E98,8
FUN_001d1ea0,0x001D1EA0,0x001D1ECC,44
FUN_001d1ee0,0x001D1EE0,0x001D1F38,88
FUN_001d1f38,0x001D1F38,0x001D1F64,44
FUN_001d1f68,0x001D1F68,0x001D1FE8,128
FUN_001d1ff8,0x001D1FF8,0x001D2014,28
FUN_001d2030,0x001D2030,0x001D20B8,136
FUN_001d20b8,0x001D20B8,0x001D20D0,24
FUN_001d20d0,0x001D20D0,0x001D21D0,252
FUN_001d21d0,0x001D21D0,0x001D222C,88
FUN_001d2230,0x001D2230,0x001D2294,100
FUN_001d2298,0x001D2298,0x001D22FC,96
FUN_001d23b0,0x001D23B0,0x001D23FC,76
FUN_001d2400,0x001D2400,0x001D244C,76
FUN_001d2490,0x001D2490,0x001D24A4,20
FUN_001d25c0,0x001D25C0,0x001D28CC,720
FUN_001d28d0,0x001D28D0,0x001D2924,84
FUN_001d2928,0x001D2928,0x001D2950,40
FUN_001d2950,0x001D2950,0x001D2978,40
FUN_001d2978,0x001D2978,0x001D29A0,40
FUN_001d29a0,0x001D29A0,0x001D2B74,464
FUN_001d2b78,0x001D2B78,0x001D2BD8,96
FUN_001d2bd8,0x001D2BD8,0x001D2BEC,20
FUN_001d2bf0,0x001D2BF0,0x001D2CDC,236
FUN_001d2ce0,0x001D2CE0,0x001D2DAC,204
FUN_001d2db0,0x001D2DB0,0x001D2E34,132
FUN_001d2e38,0x001D2E38,0x001D2ED8,160
FUN_001d2ed8,0x001D2ED8,0x001D2F98,188
FUN_001d2f98,0x001D2F98,0x001D2FC8,48
FUN_001d3000,0x001D3000,0x001D30C8,200
FUN_001d30c8,0x001D30C8,0x001D31F4,292
FUN_001d31f8,0x001D31F8,0x001D3210,24
FUN_001d3210,0x001D3210,0x001D3504,680
FUN_001d3508,0x001D3508,0x001D3558,80
FUN_001d3558,0x001D3558,0x001D35A4,76
FUN_001d35a8,0x001D35A8,0x001D35F4,76
FUN_001d35f8,0x001D35F8,0x001D3644,76
FUN_001d3648,0x001D3648,0x001D3694,84
FUN_001d3698,0x001D3698,0x001D36E4,76
FUN_001d36e8,0x001D36E8,0x001D37E4,244
FUN_001d37e8,0x001D37E8,0x001D3824,56
FUN_001d3828,0x001D3828,0x001D38AC,128
FUN_001d38b0,0x001D38B0,0x001D38E0,48
FUN_001d38e0,0x001D38E0,0x001D3948,100
FUN_001d3948,0x001D3948,0x001D3978,48
FUN_001d3978,0x001D3978,0x001D3994,28
FUN_001d3998,0x001D3998,0x001D39B4,28
FUN_001d39b8,0x001D39B8,0x001D39D0,24
FUN_001d39d0,0x001D39D0,0x001D3A18,72
FUN_001d3a18,0x001D3A18,0x001D3A2C,20
FUN_001d3a30,0x001D3A30,0x001D3A68,56
FUN_001d3a68,0x001D3A68,0x001D3B18,176
FUN_001d3b18,0x001D3B18,0x001D3B94,120
FUN_001d3b98,0x001D3B98,0x001D3BF0,84
FUN_001d3bf8,0x001D3BF8,0x001D3C58,96
FUN_001d3c58,0x001D3C58,0x001D3CC0,104
FUN_001d3cc0,0x001D3CC0,0x001D3DA4,228
FUN_001d3da8,0x001D3DA8,0x001D3E14,108
FUN_001d3e18,0x001D3E18,0x001D3E20,8
FUN_001d3e20,0x001D3E20,0x001D3E58,56
FUN_001d3e58,0x001D3E58,0x001D3F44,236
FUN_001d3f60,0x001D3F60,0x001D3F90,48
FUN_001d3f90,0x001D3F90,0x001D3FCC,60
FUN_001d3fd0,0x001D3FD0,0x001D4000,48
FUN_001d4000,0x001D4000,0x001D4030,48
FUN_001d4030,0x001D4030,0x001D4060,48
FUN_001d4060,0x001D4060,0x001D4090,48
FUN_001d4090,0x001D4090,0x001D40C0,48
FUN_001d40c0,0x001D40C0,0x001D41EC,296
FUN_001d41f0,0x001D41F0,0x001D4220,48
FUN_001d4220,0x001D4220,0x001D4234,20
FUN_001d4268,0x001D4268,0x001D4280,24
FUN_001d42b0,0x001D42B0,0x001D42C4,20
FUN_001d42c8,0x001D42C8,0x001D43AC,228
FUN_001d43c0,0x001D43C0,0x001D43D8,24
FUN_001d43d8,0x001D43D8,0x001D440C,56
FUN_001d4418,0x001D4418,0x001D4430,24
FUN_001d4430,0x001D4430,0x001D4468,56
FUN_001d4468,0x001D4468,0x001D44A0,64
FUN_001d44a0,0x001D44A0,0x001D44D0,48
FUN_001d44d0,0x001D44D0,0x001D4568,148
FUN_001d4568,0x001D4568,0x001D45A8,64
FUN_001d45a8,0x001D45A8,0x001D474C,120
FUN_001d4750,0x001D4750,0x001D4808,184
FUN_001d4808,0x001D4808,0x001D4838,48
FUN_001d4838,0x001D4838,0x001D484C,20
FUN_001d4858,0x001D4858,0x001D4870,24
FUN_001d4870,0x001D4870,0x001D4968,248
FUN_001d4968,0x001D4968,0x001D4A1C,180
FUN_001d4a20,0x001D4A20,0x001D4A40,32
FUN_001d4a40,0x001D4A40,0x001D4A58,24
FUN_001d4a58,0x001D4A58,0x001D4B34,216
FUN_001d4ca8,0x001D4CA8,0x001D4D60,184
FUN_001d4d60,0x001D4D60,0x001D4EF8,404
FUN_001d4ef8,0x001D4EF8,0x001D4F84,140
FUN_001d4f88,0x001D4F88,0x001D4FF0,100
FUN_001d4ff0,0x001D4FF0,0x001D52D4,732
FUN_001d52d8,0x001D52D8,0x001D56F4,456
FUN_001d5710,0x001D5710,0x001D5884,372
FUN_001d5888,0x001D5888,0x001D5940,184
FUN_001d5940,0x001D5940,0x001D5B44,516
FUN_001d5b48,0x001D5B48,0x001D5B50,8
FUN_001d5b50,0x001D5B50,0x001D5C3C,236
FUN_001d5e90,0x001D5E90,0x001D5F10,128
FUN_001d5f10,0x001D5F10,0x001D5FA8,144
FUN_001d5fa8,0x001D5FA8,0x001D606C,192
FUN_001d60e0,0x001D60E0,0x001D6104,36
FUN_001d6130,0x001D6130,0x001D61FC,204
FUN_001d6200,0x001D6200,0x001D6224,36
FUN_001d6228,0x001D6228,0x001D624C,36
FUN_001d6250,0x001D6250,0x001D6274,36
FUN_001d6278,0x001D6278,0x001D6288,16
FUN_001d6288,0x001D6288,0x001D62A4,28
FUN_001d62a8,0x001D62A8,0x001D62DC,52
FUN_001d62e8,0x001D62E8,0x001D62F0,8
FUN_001d62f0,0x001D62F0,0x001D6320,48
FUN_001d6320,0x001D6320,0x001D6350,48
FUN_001d6350,0x001D6350,0x001D6380,48
FUN_001d6380,0x001D6380,0x001D639C,28
FUN_001d63a0,0x001D63A0,0x001D63C4,36
FUN_001d63c8,0x001D63C8,0x001D63E0,24
FUN_001d63e0,0x001D63E0,0x001D63E8,8
FUN_001d63e8,0x001D63E8,0x001D63F8,16
FUN_001d63f8,0x001D63F8,0x001D64EC,244
FUN_001d64f0,0x001D64F0,0x001D6550,96
FUN_001d6550,0x001D6550,0x001D65D0,128
FUN_001d65e8,0x001D65E8,0x001D6638,80
FUN_001d6638,0x001D6638,0x001D66D0,152
FUN_001d66d0,0x001D66D0,0x001D6744,116
FUN_001d6748,0x001D6748,0x001D6798,80
FUN_001d6798,0x001D6798,0x001D67C4,44
FUN_001d67c8,0x001D67C8,0x001D67EC,36
FUN_001d68b8,0x001D68B8,0x001D69BC,260
FUN_001d69c0,0x001D69C0,0x001D6A50,140
FUN_001d6a50,0x001D6A50,0x001D6B24,208
FUN_001d6b28,0x001D6B28,0x001D6BC0,152
FUN_001d6bc0,0x001D6BC0,0x001D6C20,96
FUN_001d6c20,0x001D6C20,0x001D6CF4,208
FUN_001d6cf8,0x001D6CF8,0x001D6DBC,192
FUN_001d6dc0,0x001D6DC0,0x001D6E3C,124
FUN_001d6e40,0x001D6E40,0x001D6E4C,12
FUN_001d6e50,0x001D6E50,0x001D6EF8,168
FUN_001d6ef8,0x001D6EF8,0x001D7020,292
FUN_001d7020,0x001D7020,0x001D7084,100
FUN_001d7088,0x001D7088,0x001D7094,12
FUN_001d7098,0x001D7098,0x001D71DC,312
FUN_001d71e0,0x001D71E0,0x001D7244,100
FUN_001d7248,0x001D7248,0x001D72BC,108
FUN_001d72c0,0x001D72C0,0x001D7328,100
FUN_001d7328,0x001D7328,0x001D7390,100
FUN_001d7390,0x001D7390,0x001D73F8,100
FUN_001d73f8,0x001D73F8,0x001D745C,100
FUN_001d7460,0x001D7460,0x001D74B8,84
FUN_001d74b8,0x001D74B8,0x001D7514,92
FUN_001d7518,0x001D7518,0x001D757C,100
FUN_001d7580,0x001D7580,0x001D763C,180
FUN_001d7640,0x001D7640,0x001D770C,196
FUN_001d7710,0x001D7710,0x001D776C,92
FUN_001d7770,0x001D7770,0x001D78B0,316
FUN_001d78b0,0x001D78B0,0x001D7914,100
FUN_001d7918,0x001D7918,0x001D7970,84
FUN_001d7970,0x001D7970,0x001D79D4,100
FUN_001d79d8,0x001D79D8,0x001D7A94,180
FUN_001d7a98,0x001D7A98,0x001D7B3C,160
FUN_001d7b40,0x001D7B40,0x001D7C50,268
FUN_001d7c50,0x001D7C50,0x001D7D24,208
FUN_001d7d28,0x001D7D28,0x001D7D80,88
FUN_001d7d80,0x001D7D80,0x001D7E3C,180
FUN_001d7e40,0x001D7E40,0x001D7EFC,180
FUN_001d7f00,0x001D7F00,0x001D7FBC,180
FUN_001d7fc0,0x001D7FC0,0x001D8044,132
FUN_001d8048,0x001D8048,0x001D8070,40
FUN_001d8070,0x001D8070,0x001D80D4,100
FUN_001d80d8,0x001D80D8,0x001D813C,100
FUN_001d8140,0x001D8140,0x001D81FC,176
FUN_001d8208,0x001D8208,0x001D8310,248
FUN_001d8310,0x001D8310,0x001D83CC,176
FUN_001d83d0,0x001D83D0,0x001D849C,192
FUN_001d84a0,0x001D84A0,0x001D8560,184
FUN_001d8560,0x001D8560,0x001D85B0,80
FUN_001d85b0,0x001D85B0,0x001D8648,152
FUN_001d8648,0x001D8648,0x001D8668,32
FUN_001d8668,0x001D8668,0x001D8700,152
FUN_001d8700,0x001D8700,0x001D87B4,180
FUN_001d87b8,0x001D87B8,0x001D8878,192
FUN_001d8878,0x001D8878,0x001D88D4,88
FUN_001d88d8,0x001D88D8,0x001D8908,48
FUN_001d8908,0x001D8908,0x001D898C,132
FUN_001d8990,0x001D8990,0x001D8A30,156
FUN_001d8a30,0x001D8A30,0x001D8B1C,236
FUN_001d8b20,0x001D8B20,0x001D8BD0,176
FUN_001d8bd0,0x001D8BD0,0x001D8BD8,8
FUN_001d8bd8,0x001D8BD8,0x001D8C04,44
FUN_001d8c08,0x001D8C08,0x001D8C30,40
FUN_001d8c30,0x001D8C30,0x001D8CFC,204
FUN_001d8d00,0x001D8D00,0x001D8E0C,268
FUN_001d8e10,0x001D8E10,0x001D8E2C,28
FUN_001d8e30,0x001D8E30,0x001D8E98,100
FUN_001d8e98,0x001D8E98,0x001D8FA4,264
FUN_001d8fe8,0x001D8FE8,0x001D91D0,484
FUN_001d91d0,0x001D91D0,0x001D939C,456
FUN_001d93a0,0x001D93A0,0x001D93AC,12
FUN_001d93b0,0x001D93B0,0x001D949C,236
FUN_001d94c0,0x001D94C0,0x001D9528,104
FUN_001d9528,0x001D9528,0x001D9560,56
FUN_001d9560,0x001D9560,0x001D9598,56
FUN_001d9598,0x001D9598,0x001D95D0,56
FUN_001d95d0,0x001D95D0,0x001D9608,56
FUN_001d9618,0x001D9618,0x001D9654,60
FUN_001d9658,0x001D9658,0x001D96F4,152
FUN_001d96f8,0x001D96F8,0x001D9744,76
FUN_001d9748,0x001D9748,0x001D9814,204
FUN_001d9838,0x001D9838,0x001D9858,32
FUN_001d9868,0x001D9868,0x001D98A4,56
FUN_001d9920,0x001D9920,0x001D9954,48
FUN_001d9958,0x001D9958,0x001D998C,48
FUN_001d9990,0x001D9990,0x001D9A14,132
FUN_001d9a18,0x001D9A18,0x001D9AD0,184
FUN_001d9ad0,0x001D9AD0,0x001D9B44,116
FUN_001d9b48,0x001D9B48,0x001D9BAC,100
FUN_001d9bb0,0x001D9BB0,0x001D9C04,84
FUN_001d9c08,0x001D9C08,0x001D9C7C,116
FUN_001d9c80,0x001D9C80,0x001D9FEC,352
FUN_001d9ff0,0x001D9FF0,0x001D9FF8,8
FUN_001d9ff8,0x001D9FF8,0x001DA0B4,188
FUN_001da0b8,0x001DA0B8,0x001DA120,104
FUN_001da138,0x001DA138,0x001DA224,232
FUN_001da228,0x001DA228,0x001DA250,40
FUN_001da250,0x001DA250,0x001DA260,16
FUN_001da260,0x001DA260,0x001DA310,176
FUN_001da310,0x001DA310,0x001DA3C0,172
FUN_001da3c0,0x001DA3C0,0x001DA440,128
FUN_001da440,0x001DA440,0x001DA4AC,108
FUN_001da4b0,0x001DA4B0,0x001DA4FC,76
FUN_001da518,0x001DA518,0x001DA588,112
FUN_001da5d0,0x001DA5D0,0x001DA768,400
FUN_001da768,0x001DA768,0x001DA7CC,100
FUN_001da7d0,0x001DA7D0,0x001DA7DC,12
FUN_001da7e0,0x001DA7E0,0x001DA7EC,12
FUN_001da7f0,0x001DA7F0,0x001DA950,352
FUN_001da950,0x001DA950,0x001DAA40,232
FUN_001daa40,0x001DAA40,0x001DAAB8,120
FUN_001daab8,0x001DAAB8,0x001DABC0,264
FUN_001dabc0,0x001DABC0,0x001DAC20,96
FUN_001dac20,0x001DAC20,0x001DAC50,48
FUN_001dac50,0x001DAC50,0x001DAC80,48
FUN_001dac80,0x001DAC80,0x001DACD8,88
FUN_001dad28,0x001DAD28,0x001DADEC,184
FUN_001dadf0,0x001DADF0,0x001DAE68,120
FUN_001dae80,0x001DAE80,0x001DAEF8,120
FUN_001daef8,0x001DAEF8,0x001DAF80,136
FUN_001daf80,0x001DAF80,0x001DB040,188
FUN_001db078,0x001DB078,0x001DB094,28
FUN_001db210,0x001DB210,0x001DB268,84
FUN_001db268,0x001DB268,0x001DB2FC,144
FUN_001db300,0x001DB300,0x001DB338,52
FUN_001db338,0x001DB338,0x001DB4DC,412
FUN_001db4e0,0x001DB4E0,0x001DB5C4,228
FUN_001db5c8,0x001DB5C8,0x001DB600,52
FUN_001db608,0x001DB608,0x001DB654,72
FUN_001db658,0x001DB658,0x001DB664,12
FUN_001db6a8,0x001DB6A8,0x001DB740,152
FUN_001db778,0x001DB778,0x001DB78C,20
FUN_001db858,0x001DB858,0x001DB8FC,164
FUN_001db900,0x001DB900,0x001DB934,52
FUN_001db938,0x001DB938,0x001DB98C,84
FUN_001db990,0x001DB990,0x001DBA24,148
FUN_001dba28,0x001DBA28,0x001DBBBC,356
FUN_001dbbc0,0x001DBBC0,0x001DBD48,380
FUN_001dbd48,0x001DBD48,0x001DBED8,184
FUN_001dbed8,0x001DBED8,0x001DBFA0,196
FUN_001dbfa0,0x001DBFA0,0x001DBFC4,36
FUN_001dbfc8,0x001DBFC8,0x001DC004,60
FUN_001dc008,0x001DC008,0x001DC0C8,192
FUN_001dc0c8,0x001DC0C8,0x001DC1A4,216
FUN_001dc1a8,0x001DC1A8,0x001DC324,368
FUN_001dc328,0x001DC328,0x001DC470,320
FUN_001dc470,0x001DC470,0x001DC494,36
FUN_001dc498,0x001DC498,0x001DC4B8,32
FUN_001dc4b8,0x001DC4B8,0x001DC580,196
FUN_001dc590,0x001DC590,0x001DC5A4,20
FUN_001dc640,0x001DC640,0x001DC66C,44
FUN_001dc670,0x001DC670,0x001DC6A0,48
FUN_001dc6a0,0x001DC6A0,0x001DC6F0,80
FUN_001dc6f0,0x001DC6F0,0x001DC754,100
FUN_001dc758,0x001DC758,0x001DC7B8,96
FUN_001dc7b8,0x001DC7B8,0x001DC87C,184
FUN_001dc880,0x001DC880,0x001DC8F8,120
FUN_001dc910,0x001DC910,0x001DC9B0,160
FUN_001dc9b0,0x001DC9B0,0x001DC9D4,36
FUN_001dc9d8,0x001DC9D8,0x001DCB90,432
FUN_001dcb90,0x001DCB90,0x001DCC18,136
FUN_001dcc50,0x001DCC50,0x001DCC6C,28
FUN_001dcde8,0x001DCDE8,0x001DCE84,156
FUN_001dce88,0x001DCE88,0x001DCF1C,144
FUN_001dcf20,0x001DCF20,0x001DCF58,52
FUN_001dcf58,0x001DCF58,0x001DD0E8,388
FUN_001dd0e8,0x001DD0E8,0x001DD1DC,240
FUN_001dd1e0,0x001DD1E0,0x001DD218,52
FUN_001dd220,0x001DD220,0x001DD26C,72
FUN_001dd270,0x001DD270,0x001DD284,20
FUN_001dd288,0x001DD288,0x001DD2A4,28
FUN_001dd2a8,0x001DD2A8,0x001DD2D4,44
FUN_001dd2d8,0x001DD2D8,0x001DD2F8,32
FUN_001dd2f8,0x001DD2F8,0x001DD328,48
FUN_001dd328,0x001DD328,0x001DD3EC,192
FUN_001dd3f0,0x001DD3F0,0x001DD460,112
FUN_001dd460,0x001DD460,0x001DD4B8,88
FUN_001dd4b8,0x001DD4B8,0x001DD5CC,276
FUN_001dd5d0,0x001DD5D0,0x001DD5E8,24
FUN_001dd5e8,0x001DD5E8,0x001DD63C,84
FUN_001dd640,0x001DD640,0x001DD6D4,148
FUN_001dd6d8,0x001DD6D8,0x001DD874,380
FUN_001dd878,0x001DD878,0x001DD9D8,352
FUN_001dd9d8,0x001DD9D8,0x001DDB90,212
FUN_001ddb90,0x001DDB90,0x001DDCC0,304
FUN_001ddcc0,0x001DDCC0,0x001DDD88,196
FUN_001ddd88,0x001DDD88,0x001DDDAC,36
FUN_001dddb0,0x001DDDB0,0x001DDDFC,76
FUN_001dde00,0x001DDE00,0x001DDF58,340
FUN_001ddf58,0x001DDF58,0x001DDF7C,36
FUN_001ddfb0,0x001DDFB0,0x001DE030,120
FUN_001de040,0x001DE040,0x001DE0A4,96
FUN_001de0c8,0x001DE0C8,0x001DE0D4,12
FUN_001de0e8,0x001DE0E8,0x001DE148,96
FUN_001de148,0x001DE148,0x001DE250,264
FUN_001de250,0x001DE250,0x001DE2A0,76
FUN_001de2a0,0x001DE2A0,0x001DE2A8,8
FUN_001de2a8,0x001DE2A8,0x001DE2CC,36
FUN_001de2d0,0x001DE2D0,0x001DE468,404
FUN_001de468,0x001DE468,0x001DE4A8,64
FUN_001de4a8,0x001DE4A8,0x001DE510,100
FUN_001de510,0x001DE510,0x001DE594,128
FUN_001de598,0x001DE598,0x001DE5D4,60
FUN_001de5d8,0x001DE5D8,0x001DE638,96
FUN_001de638,0x001DE638,0x001DE668,48
FUN_001de668,0x001DE668,0x001DE698,48
FUN_001de698,0x001DE698,0x001DE728,140
FUN_001de728,0x001DE728,0x001DE7BC,144
FUN_001de7c0,0x001DE7C0,0x001DE854,144
FUN_001de858,0x001DE858,0x001DE8EC,144
FUN_001de8f0,0x001DE8F0,0x001DE954,92
FUN_001de958,0x001DE958,0x001DE988,48
FUN_001de9c8,0x001DE9C8,0x001DE9FC,52
FUN_001dea00,0x001DEA00,0x001DEA30,48
FUN_001dea30,0x001DEA30,0x001DEA4C,28
FUN_001dea50,0x001DEA50,0x001DEA64,20
FUN_001dea68,0x001DEA68,0x001DEA90,40
FUN_001dea90,0x001DEA90,0x001DEB1C,140
FUN_001deb20,0x001DEB20,0x001DEB28,8
FUN_001deb28,0x001DEB28,0x001DEB30,8
FUN_001deb30,0x001DEB30,0x001DEBB0,128
FUN_001debb0,0x001DEBB0,0x001DEC6C,184
FUN_001dec70,0x001DEC70,0x001DED98,296
FUN_001ded98,0x001DED98,0x001DEE5C,188
FUN_001dee60,0x001DEE60,0x001DEF64,260
FUN_001def68,0x001DEF68,0x001DF038,208
FUN_001df038,0x001DF038,0x001DF04C,20
FUN_001df050,0x001DF050,0x001DF064,20
FUN_001df080,0x001DF080,0x001DF0B0,48
FUN_001df0b0,0x001DF0B0,0x001DF0C4,20
FUN_001df0c8,0x001DF0C8,0x001DF1C0,248
FUN_001df1c0,0x001DF1C0,0x001DF1C8,8
FUN_001df1c8,0x001DF1C8,0x001DF21C,84
FUN_001df238,0x001DF238,0x001DF258,32
FUN_001df258,0x001DF258,0x001DF2B0,88
FUN_001df2b0,0x001DF2B0,0x001DF2CC,28
FUN_001df2d0,0x001DF2D0,0x001DF33C,108
FUN_001df340,0x001DF340,0x001DF3DC,144
FUN_001df3e0,0x001DF3E0,0x001DF424,68
FUN_001df428,0x001DF428,0x001DF4E4,188
FUN_001df4e8,0x001DF4E8,0x001DF520,52
FUN_001df520,0x001DF520,0x001DF6A8,192
FUN_001df6a8,0x001DF6A8,0x001DF6F4,72
FUN_001df730,0x001DF730,0x001DF768,52
FUN_001df768,0x001DF768,0x001DF7E4,120
FUN_001df7e8,0x001DF7E8,0x001DF820,52
FUN_001df820,0x001DF820,0x001DF8A4,124
FUN_001df8a8,0x001DF8A8,0x001DF8BC,20
FUN_001df8c0,0x001DF8C0,0x001DF8D4,20
FUN_001df8d8,0x001DF8D8,0x001DF914,60
FUN_001df918,0x001DF918,0x001DF92C,20
FUN_001df930,0x001DF930,0x001DF960,48
FUN_001df960,0x001DF960,0x001DF98C,44
FUN_001df990,0x001DF990,0x001DF9CC,60
FUN_001df9d0,0x001DF9D0,0x001DF9FC,44
FUN_001dfa00,0x001DFA00,0x001DFA18,24
FUN_001dfa18,0x001DFA18,0x001DFA60,72
FUN_001dfa60,0x001DFA60,0x001DFB60,248
FUN_001dfb60,0x001DFB60,0x001DFB8C,44
FUN_001dfb90,0x001DFB90,0x001DFBAC,28
FUN_001dfbb0,0x001DFBB0,0x001DFBDC,44
FUN_001dfbe0,0x001DFBE0,0x001DFC20,64
FUN_001dfc20,0x001DFC20,0x001DFC80,96
FUN_001dfc80,0x001DFC80,0x001DFCC8,72
FUN_001dfdf0,0x001DFDF0,0x001DFE4C,92
FUN_001dfe50,0x001DFE50,0x001DFEE4,148
FUN_001dfff0,0x001DFFF0,0x001E003C,76
FUN_001e0040,0x001E0040,0x001E00F0,172
FUN_001e00f0,0x001E00F0,0x001E012C,60
FUN_001e0130,0x001E0130,0x001E01B8,132
FUN_001e01b8,0x001E01B8,0x001E02EC,304
FUN_001e02f0,0x001E02F0,0x001E0318,40
FUN_001e0318,0x001E0318,0x001E03C0,168
FUN_001e03c0,0x001E03C0,0x001E0430,108
FUN_001e0430,0x001E0430,0x001E0448,24
FUN_001e0448,0x001E0448,0x001E0468,32
FUN_001e0468,0x001E0468,0x001E0480,24
FUN_001e0480,0x001E0480,0x001E0498,24
FUN_001e0498,0x001E0498,0x001E04B0,24
FUN_001e04b0,0x001E04B0,0x001E056C,176
FUN_001e0570,0x001E0570,0x001E0868,736
FUN_001e0868,0x001E0868,0x001E0948,224
FUN_001e0948,0x001E0948,0x001E09BC,116
FUN_001e09c0,0x001E09C0,0x001E09C8,8
FUN_001e0a28,0x001E0A28,0x001E0D94,876
FUN_001e0d98,0x001E0D98,0x001E1064,704
FUN_001e1068,0x001E1068,0x001E10BC,84
FUN_001e10c0,0x001E10C0,0x001E119C,216
FUN_001e11a0,0x001E11A0,0x001E11FC,92
FUN_001e1200,0x001E1200,0x001E1270,112
FUN_001e1270,0x001E1270,0x001E12D8,104
FUN_001e1328,0x001E1328,0x001E1374,76
FUN_001e1380,0x001E1380,0x001E140C,140
FUN_001e1410,0x001E1410,0x001E1494,132
FUN_001e14c0,0x001E14C0,0x001E157C,188
FUN_001e1580,0x001E1580,0x001E1920,920
FUN_001e1920,0x001E1920,0x001E1A08,232
FUN_001e1a08,0x001E1A08,0x001E1A50,68
FUN_001e1a50,0x001E1A50,0x001E1AAC,92
FUN_001e1ab0,0x001E1AB0,0x001E1B48,152
FUN_001e1b48,0x001E1B48,0x001E1B74,44
FUN_001e1b78,0x001E1B78,0x001E1BA8,48
FUN_001e1be0,0x001E1BE0,0x001E1C0C,44
FUN_001e1c10,0x001E1C10,0x001E1C58,68
FUN_001e1c58,0x001E1C58,0x001E1CA0,68
FUN_001e1ca0,0x001E1CA0,0x001E1CD4,52
FUN_001e1cd8,0x001E1CD8,0x001E1D3C,100
FUN_001e1d40,0x001E1D40,0x001E1D9C,92
FUN_001e1da0,0x001E1DA0,0x001E1F5C,440
FUN_001e1f60,0x001E1F60,0x001E2004,164
FUN_001e2008,0x001E2008,0x001E2050,68
FUN_001e20b0,0x001E20B0,0x001E20F0,64
FUN_001e20f0,0x001E20F0,0x001E2140,80
FUN_001e2140,0x001E2140,0x001E216C,44
FUN_001e2170,0x001E2170,0x001E21C0,80
FUN_001e21c0,0x001E21C0,0x001E2204,68
FUN_001e22f8,0x001E22F8,0x001E233C,68
FUN_001e2340,0x001E2340,0x001E2388,68
FUN_001e2390,0x001E2390,0x001E23D4,68
FUN_001e23d8,0x001E23D8,0x001E2420,68
FUN_001e2420,0x001E2420,0x001E2464,68
FUN_001e2508,0x001E2508,0x001E2520,24
FUN_001e2520,0x001E2520,0x001E2538,24
FUN_001e2548,0x001E2548,0x001E255C,20
FUN_001e2560,0x001E2560,0x001E2574,20
FUN_001e2578,0x001E2578,0x001E258C,20
FUN_001e25b0,0x001E25B0,0x001E25D4,36
FUN_001e25d8,0x001E25D8,0x001E2624,76
FUN_001e2628,0x001E2628,0x001E264C,36
FUN_001e2650,0x001E2650,0x001E269C,72
FUN_001e26a0,0x001E26A0,0x001E26E8,72
FUN_001e26e8,0x001E26E8,0x001E27B0,200
FUN_001e27b0,0x001E27B0,0x001E27DC,44
FUN_001e27e0,0x001E27E0,0x001E2854,108
FUN_001e2858,0x001E2858,0x001E2890,56
FUN_001e2890,0x001E2890,0x001E28D4,68
FUN_001e28d8,0x001E28D8,0x001E2924,76
FUN_001e2928,0x001E2928,0x001E2978,76
FUN_001e2978,0x001E2978,0x001E29A4,44
FUN_001e29a8,0x001E29A8,0x001E29FC,84
FUN_001e2a00,0x001E2A00,0x001E2A48,72
FUN_001e2a48,0x001E2A48,0x001E2AA4,92
FUN_001e2aa8,0x001E2AA8,0x001E2B74,188
FUN_001e2b78,0x001E2B78,0x001E2BC4,76
FUN_001e2bc8,0x001E2BC8,0x001E2C54,140
FUN_001e2c58,0x001E2C58,0x001E2CA4,76
FUN_001e2ca8,0x001E2CA8,0x001E2D94,236
FUN_001e2d98,0x001E2D98,0x001E2E00,104
FUN_001e2e00,0x001E2E00,0x001E2EC0,180
FUN_001e2ec8,0x001E2EC8,0x001E2ED0,8
FUN_001e2ed0,0x001E2ED0,0x001E2EEC,28
FUN_001e2ef0,0x001E2EF0,0x001E2F14,36
FUN_001e2f18,0x001E2F18,0x001E2F64,76
FUN_001e2f68,0x001E2F68,0x001E2F8C,36
FUN_001e2f90,0x001E2F90,0x001E2FDC,72
FUN_001e2fe0,0x001E2FE0,0x001E3038,88
FUN_001e3038,0x001E3038,0x001E3104,204
FUN_001e3108,0x001E3108,0x001E3134,44
FUN_001e3138,0x001E3138,0x001E31AC,108
FUN_001e31c8,0x001E31C8,0x001E31F4,44
FUN_001e31f8,0x001E31F8,0x001E3264,108
FUN_001e3268,0x001E3268,0x001E32B4,76
FUN_001e32b8,0x001E32B8,0x001E3314,92
FUN_001e3318,0x001E3318,0x001E349C,388
FUN_001e34a0,0x001E34A0,0x001E34EC,76
FUN_001e34f0,0x001E34F0,0x001E365C,332
FUN_001e3660,0x001E3660,0x001E36AC,76
FUN_001e36b0,0x001E36B0,0x001E3874,444
FUN_001e3878,0x001E3878,0x001E38E0,104
FUN_001e38e0,0x001E38E0,0x001E39C8,220
FUN_001e39c8,0x001E39C8,0x001E39D0,8
FUN_001e39d0,0x001E39D0,0x001E39D8,8
FUN_001e39d8,0x001E39D8,0x001E39E0,8
FUN_001e39f8,0x001E39F8,0x001E3A10,24
FUN_001e3a10,0x001E3A10,0x001E3A2C,28
FUN_001e3a30,0x001E3A30,0x001E3A54,36
FUN_001e3a58,0x001E3A58,0x001E3AA4,76
FUN_001e3aa8,0x001E3AA8,0x001E3ACC,36
FUN_001e3ad0,0x001E3AD0,0x001E3B1C,72
FUN_001e3b20,0x001E3B20,0x001E3B78,88
FUN_001e3b78,0x001E3B78,0x001E3C5C,228
FUN_001e3c60,0x001E3C60,0x001E3C8C,44
FUN_001e3c90,0x001E3C90,0x001E3D04,108
FUN_001e3d08,0x001E3D08,0x001E3D40,56
FUN_001e3d40,0x001E3D40,0x001E3D84,68
FUN_001e3d88,0x001E3D88,0x001E3DD4,76
FUN_001e3dd8,0x001E3DD8,0x001E3E28,76
FUN_001e3e28,0x001E3E28,0x001E3E54,44
FUN_001e3e58,0x001E3E58,0x001E3F20,200
FUN_001e3f20,0x001E3F20,0x001E3F68,72
FUN_001e3f68,0x001E3F68,0x001E400C,160
FUN_001e4010,0x001E4010,0x001E406C,92
FUN_001e4070,0x001E4070,0x001E41B0,316
FUN_001e41b0,0x001E41B0,0x001E41FC,76
FUN_001e4200,0x001E4200,0x001E4318,280
FUN_001e4318,0x001E4318,0x001E4364,76
FUN_001e4368,0x001E4368,0x001E4478,264
FUN_001e4478,0x001E4478,0x001E44E0,104
FUN_001e44e0,0x001E44E0,0x001E4598,180
FUN_001e4598,0x001E4598,0x001E45E0,72
FUN_001e45e0,0x001E45E0,0x001E465C,120
FUN_001e4660,0x001E4660,0x001E4698,56
FUN_001e4698,0x001E4698,0x001E4708,108
FUN_001e4708,0x001E4708,0x001E4764,92
FUN_001e4768,0x001E4768,0x001E47FC,148
FUN_001e4800,0x001E4800,0x001E48AC,172
FUN_001e48b0,0x001E48B0,0x001E490C,92
FUN_001e4910,0x001E4910,0x001E4944,52
FUN_001e4948,0x001E4948,0x001E4A18,208
FUN_001e4a18,0x001E4A18,0x001E4A6C,84
FUN_001e4a70,0x001E4A70,0x001E4AC0,80
FUN_001e4ac0,0x001E4AC0,0x001E4B14,84
FUN_001e4b18,0x001E4B18,0x001E4B48,48
FUN_001e4b48,0x001E4B48,0x001E4BB8,112
FUN_001e4bb8,0x001E4BB8,0x001E4BE8,48
FUN_001e4be8,0x001E4BE8,0x001E4C54,108
FUN_001e4c58,0x001E4C58,0x001E4CA4,76
FUN_001e4cf8,0x001E4CF8,0x001E4D48,80
FUN_001e4d48,0x001E4D48,0x001E4DB0,104
FUN_001e4db0,0x001E4DB0,0x001E4E00,80
FUN_001e4e00,0x001E4E00,0x001E4E3C,56
FUN_001e4e40,0x001E4E40,0x001E4EDC,152
FUN_001e4ff0,0x001E4FF0,0x001E5004,20
FUN_001e5008,0x001E5008,0x001E51A0,400
FUN_001e51a0,0x001E51A0,0x001E5218,120
FUN_001e5218,0x001E5218,0x001E5310,248
FUN_001e5310,0x001E5310,0x001E5354,68
FUN_001e5368,0x001E5368,0x001E53C8,96
FUN_001e53c8,0x001E53C8,0x001E5454,140
FUN_001e5458,0x001E5458,0x001E5470,24
FUN_001e5470,0x001E5470,0x001E5488,24
FUN_001e5488,0x001E5488,0x001E54A0,24
FUN_001e54a0,0x001E54A0,0x001E54B8,24
FUN_001e54b8,0x001E54B8,0x001E54D0,24
FUN_001e54d0,0x001E54D0,0x001E54E8,24
FUN_001e54e8,0x001E54E8,0x001E5500,24
FUN_001e5500,0x001E5500,0x001E5518,24
FUN_001e5518,0x001E5518,0x001E5530,24
FUN_001e5530,0x001E5530,0x001E5548,24
FUN_001e5548,0x001E5548,0x001E5560,24
FUN_001e5560,0x001E5560,0x001E5578,24
FUN_001e5588,0x001E5588,0x001E5630,168
FUN_001e5630,0x001E5630,0x001E5680,80
FUN_001e5680,0x001E5680,0x001E56EC,108
FUN_001e56f0,0x001E56F0,0x001E5800,272
FUN_001e5800,0x001E5800,0x001E5898,152
FUN_001e5898,0x001E5898,0x001E5964,200
FUN_001e5968,0x001E5968,0x001E59DC,116
FUN_001e59e0,0x001E59E0,0x001E5A9C,188
FUN_001e5aa0,0x001E5AA0,0x001E5AF8,88
FUN_001e5af8,0x001E5AF8,0x001E5B34,60
FUN_001e5b38,0x001E5B38,0x001E5B78,64
FUN_001e5b78,0x001E5B78,0x001E5B8C,20
FUN_001e5b90,0x001E5B90,0x001E5BA4,20
FUN_001e5ba8,0x001E5BA8,0x001E5C6C,196
FUN_001e5c70,0x001E5C70,0x001E5D14,164
FUN_001e5d18,0x001E5D18,0x001E5D30,24
FUN_001e5d30,0x001E5D30,0x001E5D48,24
FUN_001e5d48,0x001E5D48,0x001E5D60,24
FUN_001e5d60,0x001E5D60,0x001E5D78,24
FUN_001e5d78,0x001E5D78,0x001E5D90,24
FUN_001e5d90,0x001E5D90,0x001E5DA8,24
FUN_001e5da8,0x001E5DA8,0x001E5DC0,24
FUN_001e5dc0,0x001E5DC0,0x001E5DD8,24
FUN_001e5e00,0x001E5E00,0x001E5EA8,168
FUN_001e5ea8,0x001E5EA8,0x001E5EE8,64
FUN_001e5ee8,0x001E5EE8,0x001E5F40,84
FUN_001e5f40,0x001E5F40,0x001E5FA4,96
FUN_001e5fa8,0x001E5FA8,0x001E5FCC,36
FUN_001e5fd0,0x001E5FD0,0x001E5FE8,24
FUN_001e5fe8,0x001E5FE8,0x001E5FFC,20
FUN_001e6000,0x001E6000,0x001E6014,20
FUN_001e6018,0x001E6018,0x001E6048,48
FUN_001e6048,0x001E6048,0x001E6078,48
FUN_001e6078,0x001E6078,0x001E60D0,88
FUN_001e60d0,0x001E60D0,0x001E60E4,20
FUN_001e6168,0x001E6168,0x001E617C,20
FUN_001e61d0,0x001E61D0,0x001E61DC,12
FUN_001e61e0,0x001E61E0,0x001E6294,180
FUN_001e6298,0x001E6298,0x001E6344,172
FUN_001e6348,0x001E6348,0x001E63A0,88
FUN_001e63a0,0x001E63A0,0x001E63E4,68
FUN_001e63e8,0x001E63E8,0x001E643C,84
FUN_001e6440,0x001E6440,0x001E64B8,120
FUN_001e64b8,0x001E64B8,0x001E64E8,48
FUN_001e64e8,0x001E64E8,0x001E6534,76
FUN_001e6538,0x001E6538,0x001E669C,344
FUN_001e66a0,0x001E66A0,0x001E6734,144
FUN_001e6738,0x001E6738,0x001E6910,460
FUN_001e6910,0x001E6910,0x001E6974,96
FUN_001e6978,0x001E6978,0x001E6A14,152
FUN_001e6a18,0x001E6A18,0x001E6AA4,136
FUN_001e6aa8,0x001E6AA8,0x001E6BEC,308
FUN_001e6bf0,0x001E6BF0,0x001E6C14,36
FUN_001e6c18,0x001E6C18,0x001E6C48,48
FUN_001e6c48,0x001E6C48,0x001E6C90,72
FUN_001e6c90,0x001E6C90,0x001E6D00,108
FUN_001e6d00,0x001E6D00,0x001E6DAC,172
FUN_001e6db0,0x001E6DB0,0x001E6E20,108
FUN_001e6e20,0x001E6E20,0x001E6E90,108
FUN_001e6e90,0x001E6E90,0x001E6EF8,100
FUN_001e6ef8,0x001E6EF8,0x001E6F78,124
FUN_001e6f78,0x001E6F78,0x001E7004,140
FUN_001e7008,0x001E7008,0x001E7030,40
FUN_001e7030,0x001E7030,0x001E7078,72
FUN_001e7078,0x001E7078,0x001E70A0,40
FUN_001e70a0,0x001E70A0,0x001E70CC,44
FUN_001e70d0,0x001E70D0,0x001E70F8,40
FUN_001e70f8,0x001E70F8,0x001E716C,112
FUN_001e7170,0x001E7170,0x001E71E0,108
FUN_001e71e0,0x001E71E0,0x001E7260,128
FUN_001e7260,0x001E7260,0x001E72DC,120
FUN_001e72e0,0x001E72E0,0x001E7300,32
FUN_001e7300,0x001E7300,0x001E7380,128
FUN_001e7380,0x001E7380,0x001E742C,172
FUN_001e7430,0x001E7430,0x001E74B0,128
FUN_001e74b0,0x001E74B0,0x001E7544,148
FUN_001e7548,0x001E7548,0x001E75DC,148
FUN_001e75e0,0x001E75E0,0x001E7650,108
FUN_001e7650,0x001E7650,0x001E76C0,108
FUN_001e76c0,0x001E76C0,0x001E7740,128
FUN_001e7740,0x001E7740,0x001E77C0,128
FUN_001e77c0,0x001E77C0,0x001E7854,148
FUN_001e7858,0x001E7858,0x001E78A0,72
FUN_001e78a0,0x001E78A0,0x001E7AB0,328
FUN_001e7ab0,0x001E7AB0,0x001E7B14,96
FUN_001e7b18,0x001E7B18,0x001E7BF0,216
FUN_001e7bf0,0x001E7BF0,0x001E7D58,356
FUN_001e7d58,0x001E7D58,0x001E7D9C,68
FUN_001e7da0,0x001E7DA0,0x001E7DE8,72
FUN_001e7de8,0x001E7DE8,0x001E7EF0,264
FUN_001e7ef0,0x001E7EF0,0x001E7FD4,228
FUN_001e7fd8,0x001E7FD8,0x001E8074,152
FUN_001e8078,0x001E8078,0x001E8138,192
FUN_001e8138,0x001E8138,0x001E8144,12
FUN_001e8148,0x001E8148,0x001E8180,56
FUN_001e8180,0x001E8180,0x001E8414,656
FUN_001e8418,0x001E8418,0x001E8508,240
FUN_001e8508,0x001E8508,0x001E8580,120
FUN_001e8580,0x001E8580,0x001E8650,204
FUN_001e8650,0x001E8650,0x001E89BC,868
FUN_001e89c0,0x001E89C0,0x001E8A00,64
FUN_001e8a00,0x001E8A00,0x001E8BA4,408
FUN_001e8ba8,0x001E8BA8,0x001E8C8C,224
FUN_001e8c90,0x001E8C90,0x001E8CAC,28
FUN_001e8cb0,0x001E8CB0,0x001E8EDC,544
FUN_001e8ee0,0x001E8EE0,0x001E9034,328
FUN_001e9038,0x001E9038,0x001E9260,536
FUN_001e9260,0x001E9260,0x001E939C,308
FUN_001e93a0,0x001E93A0,0x001E93E4,68
FUN_001e93e8,0x001E93E8,0x001E94A8,192
FUN_001e94a8,0x001E94A8,0x001E94EC,68
FUN_001e94f0,0x001E94F0,0x001E953C,76
FUN_001e9540,0x001E9540,0x001E96D4,404
FUN_001e96d8,0x001E96D8,0x001E975C,132
FUN_001e9760,0x001E9760,0x001E997C,528
FUN_001e9980,0x001E9980,0x001E9B58,460
FUN_001e9b58,0x001E9B58,0x001E9C04,168
FUN_001e9cb8,0x001E9CB8,0x001E9D44,136
FUN_001e9d48,0x001E9D48,0x001E9E40,244
FUN_001e9e60,0x001E9E60,0x001EA028,444
FUN_001ea028,0x001EA028,0x001EA03C,20
FUN_001ea040,0x001EA040,0x001EA054,20
FUN_001ea058,0x001EA058,0x001EA134,220
FUN_001ea138,0x001EA138,0x001EA144,12
FUN_001ea148,0x001EA148,0x001EA154,12
FUN_001ea158,0x001EA158,0x001EA16C,20
FUN_001ea170,0x001EA170,0x001EA1D8,104
FUN_001ea1d8,0x001EA1D8,0x001EA274,156
FUN_001ea288,0x001EA288,0x001EA418,392
FUN_001ea4f8,0x001EA4F8,0x001EA50C,20
FUN_001ea510,0x001EA510,0x001EA528,24
FUN_001ea528,0x001EA528,0x001EA550,40
FUN_001ea550,0x001EA550,0x001EA6B8,356
FUN_001ea6b8,0x001EA6B8,0x001EA7E4,296
FUN_001ea7e8,0x001EA7E8,0x001EA864,120
FUN_001ea888,0x001EA888,0x001EA964,216
FUN_001ea968,0x001EA968,0x001EA9CC,96
FUN_001ea9d0,0x001EA9D0,0x001EAC70,672
FUN_001eac70,0x001EAC70,0x001EAD90,288
FUN_001ead90,0x001EAD90,0x001EAE20,144
FUN_001eae20,0x001EAE20,0x001EAE54,52
FUN_001eae68,0x001EAE68,0x001EAEC8,92
FUN_001eaec8,0x001EAEC8,0x001EAF28,92
FUN_001eaf28,0x001EAF28,0x001EAF88,92
FUN_001eaf88,0x001EAF88,0x001EAFBC,52
FUN_001eafc0,0x001EAFC0,0x001EAFF4,52
FUN_001eaff8,0x001EAFF8,0x001EB058,96
FUN_001eb058,0x001EB058,0x001EB0B8,92
FUN_001eb0b8,0x001EB0B8,0x001EB118,92
FUN_001eb118,0x001EB118,0x001EB174,92
FUN_001eb178,0x001EB178,0x001EB2F4,348
FUN_001eb2f8,0x001EB2F8,0x001EB3B0,184
FUN_001eb3b0,0x001EB3B0,0x001EB3D8,40
FUN_001eb3d8,0x001EB3D8,0x001EB490,184
FUN_001eb490,0x001EB490,0x001EB4A4,20
FUN_001eb4a8,0x001EB4A8,0x001EB4F8,80
FUN_001eb4f8,0x001EB4F8,0x001EB50C,20
FUN_001eb510,0x001EB510,0x001EB524,20
FUN_001eb528,0x001EB528,0x001EB53C,20
FUN_001eb540,0x001EB540,0x001EB5CC,140
FUN_001eb5d0,0x001EB5D0,0x001EB640,112
FUN_001eb640,0x001EB640,0x001EB64C,12
FUN_001eb650,0x001EB650,0x001EB65C,12
FUN_001eb660,0x001EB660,0x001EB6CC,108
FUN_001eb6d0,0x001EB6D0,0x001EB6F4,36
FUN_001eb6f8,0x001EB6F8,0x001EB734,60
FUN_001eb738,0x001EB738,0x001EB940,520
FUN_001eb940,0x001EB940,0x001EB9E4,164
FUN_001eb9e8,0x001EB9E8,0x001EBA40,88
FUN_001eba40,0x001EBA40,0x001EBB58,280
FUN_001ebb58,0x001EBB58,0x001EBC14,180
FUN_001ebc18,0x001EBC18,0x001EBCD4,180
FUN_001ebcd8,0x001EBCD8,0x001EBE3C,348
FUN_001ebe40,0x001EBE40,0x001EBFA8,360
FUN_001ebfa8,0x001EBFA8,0x001EBFF4,76
FUN_001ebff8,0x001EBFF8,0x001EC230,556
FUN_001ec298,0x001EC298,0x001EC2C0,40
FUN_001ec2c0,0x001EC2C0,0x001EC360,152
FUN_001ec360,0x001EC360,0x001EC3DC,124
FUN_001ec3e0,0x001EC3E0,0x001EC4B4,208
FUN_001ec4b8,0x001EC4B8,0x001EC524,108
FUN_001ec528,0x001EC528,0x001EC590,104
FUN_001ec590,0x001EC590,0x001EC5C8,52
FUN_001ec5c8,0x001EC5C8,0x001EC6D8,272
FUN_001ec6d8,0x001EC6D8,0x001ECA0C,800
FUN_001eca10,0x001ECA10,0x001ECAA0,144
FUN_001ecaa0,0x001ECAA0,0x001ECBF4,340
FUN_001ecbf8,0x001ECBF8,0x001ECC38,64
FUN_001ecc38,0x001ECC38,0x001ECDC8,396
FUN_001ecdc8,0x001ECDC8,0x001ECEC8,252
FUN_001ecec8,0x001ECEC8,0x001ECF04,56
FUN_001ecf08,0x001ECF08,0x001ED0FC,400
FUN_001ed100,0x001ED100,0x001ED190,144
FUN_001ed190,0x001ED190,0x001ED19C,12
FUN_001ed1a0,0x001ED1A0,0x001ED1D0,48
FUN_001ed1e0,0x001ED1E0,0x001ED1F4,20
FUN_001ed200,0x001ED200,0x001ED214,20
FUN_001ed288,0x001ED288,0x001ED29C,20
FUN_001ed320,0x001ED320,0x001ED334,20
FUN_001ed378,0x001ED378,0x001ED38C,20
FUN_001ed398,0x001ED398,0x001ED3AC,20
FUN_001ed470,0x001ED470,0x001ED4CC,88
FUN_001ed4d0,0x001ED4D0,0x001ED708,700
FUN_001ed728,0x001ED728,0x001ED75C,52
FUN_001ed760,0x001ED760,0x001ED77C,28
FUN_001ed780,0x001ED780,0x001ED79C,28
FUN_001ed7a0,0x001ED7A0,0x001ED954,436
FUN_001ed958,0x001ED958,0x001ED9C4,108
FUN_001ed9e8,0x001ED9E8,0x001EDA1C,52
FUN_001eda20,0x001EDA20,0x001EDA54,52
FUN_001eda58,0x001EDA58,0x001EDA94,60
FUN_001eda98,0x001EDA98,0x001EDAFC,96
FUN_001edb00,0x001EDB00,0x001EDB60,96
FUN_001edb60,0x001EDB60,0x001EDBE4,132
FUN_001edbe8,0x001EDBE8,0x001EDC70,136
FUN_001edc70,0x001EDC70,0x001EDCC4,84
FUN_001edcc8,0x001EDCC8,0x001EDDB8,204
FUN_001eddb8,0x001EDDB8,0x001EDDD8,32
FUN_001eddd8,0x001EDDD8,0x001EDE1C,68
FUN_001ede20,0x001EDE20,0x001EDFD8,320
FUN_001edfd8,0x001EDFD8,0x001EDFEC,20
FUN_001edff0,0x001EDFF0,0x001EDFFC,12
FUN_001ee000,0x001EE000,0x001EE054,80
FUN_001ee058,0x001EE058,0x001EE094,56
FUN_001ee098,0x001EE098,0x001EE13C,160
FUN_001ee140,0x001EE140,0x001EE164,36
FUN_001ee168,0x001EE168,0x001EE1AC,64
FUN_001ee1b0,0x001EE1B0,0x001EE214,100
FUN_001ee218,0x001EE218,0x001EE27C,100
FUN_001ee280,0x001EE280,0x001EE2C0,64
FUN_001ee668,0x001EE668,0x001EE67C,20
FUN_001ee680,0x001EE680,0x001EE694,20
FUN_001ee698,0x001EE698,0x001EE6E0,72
FUN_001ee6e0,0x001EE6E0,0x001EE6F4,20
FUN_001ee710,0x001EE710,0x001EE73C,44
FUN_001ee740,0x001EE740,0x001EE794,84
FUN_001ee798,0x001EE798,0x001EEA38,664
FUN_001eea38,0x001EEA38,0x001EEA80,72
FUN_001eea80,0x001EEA80,0x001EEAE0,96
FUN_001eeae0,0x001EEAE0,0x001EEB4C,108
FUN_001eeb50,0x001EEB50,0x001EEC80,304
FUN_001eec80,0x001EEC80,0x001EED3C,188
FUN_001eed40,0x001EED40,0x001EEEAC,364
FUN_001eeeb0,0x001EEEB0,0x001EEFA4,244
FUN_001eefa8,0x001EEFA8,0x001EF054,172
FUN_001ef058,0x001EF058,0x001EF104,172
FUN_001ef108,0x001EF108,0x001EF1B4,172
FUN_001ef1b8,0x001EF1B8,0x001EF278,192
FUN_001ef278,0x001EF278,0x001EF404,396
FUN_001ef408,0x001EF408,0x001EF538,304
FUN_001ef538,0x001EF538,0x001EF6E8,296
FUN_001ef6e8,0x001EF6E8,0x001EF840,344
FUN_001ef840,0x001EF840,0x001EF964,292
FUN_001ef968,0x001EF968,0x001EF990,40
FUN_001ef990,0x001EF990,0x001EF9D0,64
FUN_001ef9d0,0x001EF9D0,0x001EFA38,104
FUN_001efa38,0x001EFA38,0x001EFB40,264
FUN_001efb40,0x001EFB40,0x001EFB94,48
FUN_001efb98,0x001EFB98,0x001EFBB0,24
FUN_001efc70,0x001EFC70,0x001EFD3C,168
FUN_001efd40,0x001EFD40,0x001EFE80,320
FUN_001eff60,0x001EFF60,0x001EFF68,8
FUN_001effd8,0x001EFFD8,0x001F002C,52
FUN_001f0030,0x001F0030,0x001F0038,8
FUN_001f0098,0x001F0098,0x001F00A0,8
FUN_001f0100,0x001F0100,0x001F015C,60
FUN_001f0250,0x001F0250,0x001F0280,48
FUN_001f0450,0x001F0450,0x001F049C,76
FUN_001f04b0,0x001F04B0,0x001F04B8,8
FUN_001f0600,0x001F0600,0x001F0608,8
FUN_001f08c0,0x001F08C0,0x001F0924,100
FUN_001f0af0,0x001F0AF0,0x001F0B0C,28
FUN_001f0e50,0x001F0E50,0x001F0E6C,28
FUN_001f0f40,0x001F0F40,0x001F0FA4,100
FUN_001f10c0,0x001F10C0,0x001F10D8,24
FUN_001f1250,0x001F1250,0x001F1264,20
FUN_001f1330,0x001F1330,0x001F133C,12
FUN_001f1430,0x001F1430,0x001F143C,12
FUN_001f14a0,0x001F14A0,0x001F14B8,24
FUN_001f1b90,0x001F1B90,0x001F1BA0,16
FUN_001f1da0,0x001F1DA0,0x001F1DC8,40
FUN_001f1de0,0x001F1DE0,0x001F1E0C,44
FUN_001f2060,0x001F2060,0x001F206C,12
FUN_001f2560,0x001F2560,0x001F2574,20
FUN_001f2900,0x001F2900,0x001F2908,8
FUN_001f2b80,0x001F2B80,0x001F2B8C,12
FUN_001f3530,0x001F3530,0x001F3544,20
FUN_001f36b0,0x001F36B0,0x001F40E4,2128
FUN_001f40f0,0x001F40F0,0x001F4100,16
FUN_001f4100,0x001F4100,0x001F415C,92
FUN_001f41a0,0x001F41A0,0x001F43B8,536
FUN_001f44d0,0x001F44D0,0x001F44E0,16
FUN_001f4590,0x001F4590,0x001F45F0,96
FUN_001f4600,0x001F4600,0x001F4618,24
FUN_001f4710,0x001F4710,0x001F476C,92
FUN_001f4770,0x001F4770,0x001F490C,412
FUN_001f4910,0x001F4910,0x001F4924,20
FUN_001f4c10,0x001F4C10,0x001F4C18,8
FUN_001f4f40,0x001F4F40,0x001F4F4C,12
FUN_001f5020,0x001F5020,0x001F5048,40
FUN_001f5130,0x001F5130,0x001F56F0,1412
FUN_001f56f0,0x001F56F0,0x001F5700,16
FUN_001f5850,0x001F5850,0x001F5864,20
FUN_001f5930,0x001F5930,0x001F5938,8
FUN_001f5d70,0x001F5D70,0x001F5D8C,28
FUN_001f5f70,0x001F5F70,0x001F5F8C,28
FUN_001f6140,0x001F6140,0x001F6224,228
FUN_001f6240,0x001F6240,0x001F624C,12
FUN_001f6370,0x001F6370,0x001F637C,12
FUN_001f6870,0x001F6870,0x001F6890,32
FUN_001f6af0,0x001F6AF0,0x001F6B08,24
FUN_001f6e10,0x001F6E10,0x001F6E28,24
FUN_001f6e50,0x001F6E50,0x001F6E64,20
FUN_001f6fd0,0x001F6FD0,0x001F6FE8,24
FUN_001f71e0,0x001F71E0,0x001F71F4,20
FUN_001f7460,0x001F7460,0x001F7468,8
FUN_001f7890,0x001F7890,0x001F78A0,16
FUN_001f7ac0,0x001F7AC0,0x001F7ACC,12
FUN_001f7c40,0x001F7C40,0x001F7C58,24
FUN_001f7d40,0x001F7D40,0x001F7E30,240
FUN_001f7e40,0x001F7E40,0x001F7E94,84
FUN_001f7ec0,0x001F7EC0,0x001F7EE8,40
FUN_001f7f10,0x001F7F10,0x001F7F40,48
FUN_001f7fa0,0x001F7FA0,0x001F7FA8,8
FUN_001f8110,0x001F8110,0x001F8140,48
FUN_001f8450,0x001F8450,0x001F845C,12
FUN_001f8650,0x001F8650,0x001F865C,12
FUN_001f8910,0x001F8910,0x001F8918,8
FUN_001f8b50,0x001F8B50,0x001F8B5C,12
FUN_001f8d40,0x001F8D40,0x001F8D58,24
FUN_001f93e0,0x001F93E0,0x001F93E8,8
FUN_001f94b0,0x001F94B0,0x001F94B8,8
FUN_001f9640,0x001F9640,0x001F96A0,96
FUN_001f96b0,0x001F96B0,0x001F96F8,64
FUN_001f9710,0x001F9710,0x001F9720,16
FUN_001f9790,0x001F9790,0x001F97C8,56
FUN_001f99b0,0x001F99B0,0x001F99C4,20
FUN_001f9c80,0x001F9C80,0x001F9D10,144
FUN_001f9d20,0x001F9D20,0x001F9D78,88
FUN_001f9d90,0x001F9D90,0x001F9F5C,460
FUN_001f9fc0,0x001F9FC0,0x001FA0BC,96
FUN_001fa0e0,0x001FA0E0,0x001FA0F4,20
FUN_001fa430,0x001FA430,0x001FA510,184
FUN_001fa530,0x001FA530,0x001FA5D8,168
FUN_001fa5e0,0x001FA5E0,0x001FA5E4,4
FUN_001fa6c0,0x001FA6C0,0x001FA710,80
FUN_001fa710,0x001FA710,0x001FA720,16
FUN_001faa00,0x001FAA00,0x001FAA14,20
FUN_001faf70,0x001FAF70,0x001FAF80,16
FUN_001fb0f0,0x001FB0F0,0x001FB140,80
FUN_001fb1f0,0x001FB1F0,0x001FB230,64
FUN_001fb250,0x001FB250,0x001FB39C,332
FUN_001fb3b0,0x001FB3B0,0x001FB3F0,64
FUN_001fb400,0x001FB400,0x001FB440,64
FUN_001fb450,0x001FB450,0x001FB468,24
FUN_001fb5f0,0x001FB5F0,0x001FB604,20
FUN_001fb800,0x001FB800,0x001FB80C,12
FUN_001fb880,0x001FB880,0x001FB888,8
FUN_001fbb10,0x001FBB10,0x001FBB24,20
FUN_001fbc00,0x001FBC00,0x001FBC08,8
FUN_001fbd70,0x001FBD70,0x001FBDE4,116
FUN_001fbe00,0x001FBE00,0x001FBE08,8
FUN_001fbe90,0x001FBE90,0x001FBE98,8
FUN_001fbf70,0x001FBF70,0x001FC028,184
FUN_001fc030,0x001FC030,0x001FC040,16
FUN_001fc210,0x001FC210,0x001FC21C,12
FUN_001fc390,0x001FC390,0x001FC39C,12
FUN_001fc760,0x001FC760,0x001FC770,16
FUN_001ffb70,0x001FFB70,0x001FFC64,244
FUN_001ffc70,0x001FFC70,0x001FFDE8,376
FUN_001ffe00,0x001FFE00,0x002003A4,1440
FUN_002003c0,0x002003C0,0x00200858,1176
FUN_00200870,0x00200870,0x0020087C,12
FUN_00200b00,0x00200B00,0x002013DC,2004
FUN_002013f0,0x002013F0,0x00201400,16
FUN_00201b90,0x00201B90,0x00201BA8,24
FUN_002029b0,0x002029B0,0x002029BC,12
FUN_002080d0,0x002080D0,0x0020811C,76
FUN_00208180,0x00208180,0x002081CC,76
FUN_00208210,0x00208210,0x0020822C,28
FUN_00208360,0x00208360,0x002083A0,64
FUN_002083d0,0x002083D0,0x0020840C,60
FUN_00208420,0x00208420,0x00208478,88
FUN_002084d0,0x002084D0,0x0020853C,108
FUN_00208650,0x00208650,0x002086A4,84
FUN_002088f0,0x002088F0,0x00208944,84
FUN_00208970,0x00208970,0x002089C4,84
FUN_002089f0,0x002089F0,0x00208A44,84
FUN_00208c90,0x00208C90,0x00208CE4,84
FUN_00208e30,0x00208E30,0x00208E84,84
FUN_00208f80,0x00208F80,0x00209008,136
FUN_00209060,0x00209060,0x00209074,20
FUN_00209210,0x00209210,0x00209218,8
FUN_00209390,0x00209390,0x0020939C,12
FUN_00209850,0x00209850,0x0020B07C,6188
FUN_0020b090,0x0020B090,0x0020B0E4,84
FUN_0020b130,0x0020B130,0x0020B184,84
FUN_0020b1d0,0x0020B1D0,0x0020B224,84
FUN_0020b2a0,0x0020B2A0,0x0020B2F4,84
FUN_0020b380,0x0020B380,0x0020B3D4,84
FUN_0020b420,0x0020B420,0x0020B474,84
FUN_0020b4c0,0x0020B4C0,0x0020B514,84
FUN_0020b5a0,0x0020B5A0,0x0020B5F4,84
FUN_0020b670,0x0020B670,0x0020B6C4,84
FUN_0020b710,0x0020B710,0x0020B764,84
FUN_0020b7b0,0x0020B7B0,0x0020B804,84
FUN_0020b8a0,0x0020B8A0,0x0020B8F4,84
FUN_0020b970,0x0020B970,0x0020B9C4,84
FUN_0020ba60,0x0020BA60,0x0020BAB4,84
FUN_0020bb40,0x0020BB40,0x0020BB94,84
FUN_0020bc10,0x0020BC10,0x0020BC64,84
FUN_0020bcf0,0x0020BCF0,0x0020BD44,84
FUN_0020bde0,0x0020BDE0,0x0020BEE0,256
FUN_0020bf80,0x0020BF80,0x0020C080,256
FUN_0020c120,0x0020C120,0x0020C160,64
FUN_0020c170,0x0020C170,0x0020C1C0,80
FUN_0020c4d0,0x0020C4D0,0x0020C4FC,44
FUN_0020c660,0x0020C660,0x0020C720,192
FUN_0020c730,0x0020C730,0x0020C73C,12
FUN_0020c7c0,0x0020C7C0,0x0020C7CC,12
FUN_0020cae0,0x0020CAE0,0x0020CAEC,12
FUN_0020d330,0x0020D330,0x0020D608,728
FUN_0020d620,0x0020D620,0x0020D654,52
FUN_0020d6a0,0x0020D6A0,0x0020D84C,428
FUN_0020d860,0x0020D860,0x0020D8C4,100
FUN_0020d8d0,0x0020D8D0,0x0020D90C,60
FUN_0020d920,0x0020D920,0x0020D95C,60
FUN_0020d970,0x0020D970,0x0020D9B0,64
FUN_0020d9c0,0x0020D9C0,0x0020DA04,68
FUN_0020da10,0x0020DA10,0x0020DA1C,12
FUN_0020db40,0x0020DB40,0x0020DB90,80
FUN_0020dba0,0x0020DBA0,0x0020DBAC,12
FUN_0020df90,0x0020DF90,0x0020DFF0,96
FUN_0020e000,0x0020E000,0x0020E0C4,196
FUN_0020e0e0,0x0020E0E0,0x0020E108,40
FUN_0020e110,0x0020E110,0x0020E144,52
FUN_0020e1a0,0x0020E1A0,0x0020E1D4,52
FUN_0020e260,0x0020E260,0x0020E27C,28
FUN_0020e280,0x0020E280,0x0020E32C,172
FUN_0020e340,0x0020E340,0x0020E6C0,896
FUN_0020e740,0x0020E740,0x0020E7A4,100
FUN_0020e7f0,0x0020E7F0,0x0020E818,40
FUN_0020e820,0x0020E820,0x0020E858,56
FUN_0020e8d0,0x0020E8D0,0x0020E944,116
FUN_0020ed30,0x0020ED30,0x0020EDE0,176
FUN_0020edf0,0x0020EDF0,0x0020EE48,88
FUN_0020ee60,0x0020EE60,0x0020EEB8,88
FUN_0020eed0,0x0020EED0,0x0020EF44,116
FUN_0020ef50,0x0020EF50,0x0020EFC8,120
FUN_0020f000,0x0020F000,0x0020F064,100
FUN_0020f070,0x0020F070,0x0020F0D0,96
FUN_0020f0d0,0x0020F0D0,0x0020F198,200
FUN_0020f1b0,0x0020F1B0,0x0020F1CC,28
FUN_0020f3d0,0x0020F3D0,0x0020F4B4,228
FUN_0020f570,0x0020F570,0x0020F58C,28
FUN_0020f6c0,0x0020F6C0,0x0020F724,100
FUN_0020f740,0x0020F740,0x0020F75C,28
FUN_0020f810,0x0020F810,0x0020F864,84
FUN_0020f870,0x0020F870,0x0020F8D4,100
FUN_0020f8e0,0x0020F8E0,0x0020F94C,108
FUN_0020f950,0x0020F950,0x0020F9B4,100
FUN_0020f9c0,0x0020F9C0,0x0020FA2C,108
FUN_0020fa30,0x0020FA30,0x0020FAA8,120
FUN_0020fab0,0x0020FAB0,0x0020FB1C,108
FUN_0020fb20,0x0020FB20,0x0020FB50,48
FUN_0020fb50,0x0020FB50,0x0020FBC4,116
FUN_0020fbd0,0x0020FBD0,0x0020FC3C,108
FUN_0020fc40,0x0020FC40,0x0020FC50,16
FUN_0020fd20,0x0020FD20,0x0020FD8C,108
FUN_0020fd90,0x0020FD90,0x0020FE20,144
FUN_0020fe30,0x0020FE30,0x0020FE9C,108
FUN_0020fea0,0x0020FEA0,0x0021006C,460
FUN_00210070,0x00210070,0x0021011C,172
FUN_00210180,0x00210180,0x0021021C,156
FUN_00210230,0x00210230,0x002102C4,148
FUN_002102e0,0x002102E0,0x002102F8,24
FUN_00210a70,0x00210A70,0x00210C3C,448
FUN_00210c50,0x00210C50,0x00210C5C,12
FUN_00210e00,0x00210E00,0x00210E08,8
FUN_00211190,0x00211190,0x0021119C,12
FUN_00211530,0x00211530,0x0021154C,28
FUN_002117c0,0x002117C0,0x002117C8,8
FUN_00211910,0x00211910,0x00211918,8
FUN_00211a30,0x00211A30,0x00211A38,8
FUN_00211a90,0x00211A90,0x00211A98,8
FUN_00211b00,0x00211B00,0x00211B10,16
FUN_00211c80,0x00211C80,0x00211C8C,12
FUN_00211cf0,0x00211CF0,0x00211CF8,8
FUN_00211e00,0x00211E00,0x00211E10,16
FUN_00211f70,0x00211F70,0x00211F88,24
FUN_00212060,0x00212060,0x00212074,20
FUN_00212190,0x00212190,0x002121A4,20
FUN_00212240,0x00212240,0x00212250,16
FUN_00212360,0x00212360,0x002123E8,136
FUN_00212400,0x00212400,0x00212410,16
FUN_00212550,0x00212550,0x0021255C,12
FUN_00212730,0x00212730,0x00212744,20
FUN_00212850,0x00212850,0x00212860,16
FUN_00212a80,0x00212A80,0x00212A8C,12
FUN_00212ca0,0x00212CA0,0x00212D20,128
FUN_00212d30,0x00212D30,0x00212DB0,128
FUN_00212f40,0x00212F40,0x00212F48,8
FUN_00212fe0,0x00212FE0,0x00212FF0,16
FUN_002131a0,0x002131A0,0x002131B0,16
FUN_00213270,0x00213270,0x00213284,20
FUN_002134e0,0x002134E0,0x002134F0,16
FUN_00213690,0x00213690,0x002136A0,16
FUN_002138f0,0x002138F0,0x00213904,20
FUN_00213b60,0x00213B60,0x00213B70,16
FUN_00213c60,0x00213C60,0x00213D2C,196
FUN_00213d40,0x00213D40,0x00213D4C,12
FUN_00213e30,0x00213E30,0x00213E70,64
FUN_00213ec0,0x00213EC0,0x00213FA0,224
FUN_00213fa0,0x00213FA0,0x00214090,240
FUN_002140a0,0x002140A0,0x00214178,216
FUN_00214190,0x00214190,0x00214198,8
FUN_002143d0,0x002143D0,0x002143DC,12
FUN_00214620,0x00214620,0x0021462C,12
FUN_00214890,0x00214890,0x0021489C,12
FUN_00214940,0x00214940,0x00214960,32
FUN_00214a90,0x00214A90,0x00214AE8,88
FUN_00214af0,0x00214AF0,0x00214B80,128
FUN_00214b90,0x00214B90,0x00214B98,8
FUN_00214c70,0x00214C70,0x00214C7C,12
FUN_00214ed0,0x00214ED0,0x00214EE4,20
FUN_00215130,0x00215130,0x00215144,20
FUN_00215d80,0x00215D80,0x00215D9C,28
FUN_00216960,0x00216960,0x00216970,16
FUN_00216b20,0x00216B20,0x00216B2C,12
FUN_00216c90,0x00216C90,0x00216C9C,12
FUN_00216e00,0x00216E00,0x00216E18,24
FUN_00217110,0x00217110,0x00217130,32
FUN_00217260,0x00217260,0x002172DC,124
FUN_002172f0,0x002172F0,0x00217338,72
FUN_00217340,0x00217340,0x00217368,40
FUN_00217460,0x00217460,0x00217480,32
FUN_00217510,0x00217510,0x00217540,48
FUN_00217560,0x00217560,0x002175B0,80
FUN_002175b0,0x002175B0,0x002175F8,72
FUN_00217600,0x00217600,0x0021763C,60
FUN_00217680,0x00217680,0x0021768C,12
FUN_002177d0,0x002177D0,0x002177E0,16
FUN_00217920,0x00217920,0x0021792C,12
FUN_002179f0,0x002179F0,0x00217A00,16
FUN_00217b90,0x00217B90,0x00217BA0,16
FUN_00217d30,0x00217D30,0x00217D40,16
FUN_00217ed0,0x00217ED0,0x00217F30,96
FUN_00217fc0,0x00217FC0,0x00217FE0,32
FUN_00218110,0x00218110,0x00218118,8
FUN_002181d0,0x002181D0,0x002181DC,12
FUN_00218300,0x00218300,0x0021830C,12
FUN_00218430,0x00218430,0x0021844C,28
FUN_002187d0,0x002187D0,0x002187DC,12
FUN_00218940,0x00218940,0x00218A14,212
FUN_00218a30,0x00218A30,0x00218A40,16
FUN_00218b60,0x00218B60,0x00218C20,192
FUN_00218c20,0x00218C20,0x00218C8C,108
FUN_00218c90,0x00218C90,0x00218CA0,16
FUN_00218d80,0x00218D80,0x00218D90,16
FUN_00218e70,0x00218E70,0x00218ED0,96
FUN_00218ed0,0x00218ED0,0x00218EE0,16
FUN_00219100,0x00219100,0x00219114,20
FUN_00219310,0x00219310,0x00219324,20
FUN_00219460,0x00219460,0x00219504,164
FUN_00219530,0x00219530,0x00219540,16
FUN_002197a0,0x002197A0,0x002197B0,16
FUN_00219cd0,0x00219CD0,0x00219CE0,16
FUN_00219d70,0x00219D70,0x00219D80,16
FUN_00219e10,0x00219E10,0x00219E18,8
FUN_0021a290,0x0021A290,0x0021A2D4,68
FUN_0021a2e0,0x0021A2E0,0x0021A360,128
FUN_0021a370,0x0021A370,0x0021A3A8,56
FUN_0021a3c0,0x0021A3C0,0x0021A430,80
FUN_0021a440,0x0021A440,0x0021A448,8
FUN_0021a510,0x0021A510,0x0021A518,8
FUN_0021a630,0x0021A630,0x0021A68C,92
FUN_0021a6f0,0x0021A6F0,0x0021A758,104
FUN_0021a760,0x0021A760,0x0021A7D8,120
FUN_0021a7e0,0x0021A7E0,0x0021A848,104
FUN_0021a850,0x0021A850,0x0021A858,8
FUN_0021a930,0x0021A930,0x0021A93C,12
FUN_0021a9d0,0x0021A9D0,0x0021A9E4,20
FUN_0021aaa0,0x0021AAA0,0x0021AB1C,124
FUN_0021ab30,0x0021AB30,0x0021ABAC,124
FUN_0021abc0,0x0021ABC0,0x0021ABF8,56
FUN_0021ac10,0x0021AC10,0x0021AC1C,12
FUN_0021acd0,0x0021ACD0,0x0021ACDC,12
FUN_0021ae30,0x0021AE30,0x0021AE48,24
FUN_0021afc0,0x0021AFC0,0x0021AFC8,8
FUN_0021afd0,0x0021AFD0,0x0021B024,84
FUN_0021b040,0x0021B040,0x0021B078,56
FUN_0021b090,0x0021B090,0x0021B0E0,80
FUN_0021b0f0,0x0021B0F0,0x0021B150,96
FUN_0021b2b0,0x0021B2B0,0x0021B3C4,276
FUN_0021b3e0,0x0021B3E0,0x0021B3F0,16
FUN_0021b540,0x0021B540,0x0021B54C,12
FUN_0021b6a0,0x0021B6A0,0x0021B740,112
FUN_0021b7e0,0x0021B7E0,0x0021B814,52
FUN_0021b820,0x0021B820,0x0021B828,8
FUN_0021b8b0,0x0021B8B0,0x0021B8D4,36
FUN_0021b8f0,0x0021B8F0,0x0021B8F8,8
FUN_0021bb20,0x0021BB20,0x0021BB28,8
FUN_0021be40,0x0021BE40,0x0021BEA4,100
FUN_0021beb0,0x0021BEB0,0x0021BEE4,52
FUN_0021bef0,0x0021BEF0,0x0021BF9C,172
FUN_0021bfb0,0x0021BFB0,0x0021C05C,172
FUN_0021c070,0x0021C070,0x0021C07C,12
FUN_0021c150,0x0021C150,0x0021C15C,12
FUN_0021c230,0x0021C230,0x0021C23C,12
FUN_0021c310,0x0021C310,0x0021C3B4,164
FUN_0021c3d0,0x0021C3D0,0x0021C474,164
FUN_0021c490,0x0021C490,0x0021C534,164
FUN_0021c550,0x0021C550,0x0021C5F8,168
FUN_0021c760,0x0021C760,0x0021C7DC,124
FUN_0021c7e0,0x0021C7E0,0x0021C830,80
FUN_0021c840,0x0021C840,0x0021C854,20
FUN_0021d290,0x0021D290,0x0021D2A8,24
FUN_0021d8f0,0x0021D8F0,0x0021D908,24
FUN_0021e1b0,0x0021E1B0,0x0021E3FC,588
FUN_0021e410,0x0021E410,0x0021E424,20
FUN_0021eb10,0x0021EB10,0x0021EB28,24
FUN_0021f0e0,0x0021F0E0,0x0021F210,304
FUN_0021f210,0x0021F210,0x0021F274,100
FUN_0021f2d0,0x0021F2D0,0x0021F3C4,244
FUN_0021f3d0,0x0021F3D0,0x0021F3E4,20
FUN_0021f4a0,0x0021F4A0,0x0021F4B0,16
FUN_0021f5c0,0x0021F5C0,0x0021F830,624
FUN_0021f840,0x0021F840,0x0021F850,16
FUN_0021f9f0,0x0021F9F0,0x0021F9FC,12
FUN_0021fb70,0x0021FB70,0x0021FB84,20
FUN_00220150,0x00220150,0x002201F4,164
FUN_00220210,0x00220210,0x0022026C,92
FUN_00220270,0x00220270,0x00220334,196
FUN_00220340,0x00220340,0x00220434,244
FUN_00220440,0x00220440,0x00220664,548
FUN_00220680,0x00220680,0x002206E0,96
FUN_002206f0,0x002206F0,0x00220708,24
FUN_00220930,0x00220930,0x00220BAC,636
FUN_00220bc0,0x00220BC0,0x00220CA0,224
FUN_00220cb0,0x00220CB0,0x00220D00,80
FUN_00220d10,0x00220D10,0x00220D2C,28
FUN_00220e80,0x00220E80,0x00220E94,20
FUN_002212d0,0x002212D0,0x002212F8,40
FUN_00221300,0x00221300,0x00221864,1380
FUN_00221890,0x00221890,0x00221910,128
FUN_00221920,0x00221920,0x002219B8,152
FUN_00221c00,0x00221C00,0x00221C88,132
FUN_00221c90,0x00221C90,0x00221D18,132
FUN_002220c0,0x002220C0,0x002220D8,24
FUN_00222230,0x00222230,0x00222240,16
FUN_00222480,0x00222480,0x00222488,8
FUN_002226e0,0x002226E0,0x002226E8,8
FUN_00222850,0x00222850,0x00222860,16
FUN_00222960,0x00222960,0x0022297C,28
FUN_00222a60,0x00222A60,0x00222A7C,28
FUN_00222ca0,0x00222CA0,0x00222CD0,48
FUN_00222cd0,0x00222CD0,0x00222D00,48
FUN_00222d00,0x00222D00,0x00222D30,48
FUN_00222d30,0x00222D30,0x00222E34,132
FUN_00222f60,0x00222F60,0x00222F68,8
FUN_002230a0,0x002230A0,0x00223184,184
FUN_002231a0,0x002231A0,0x002231B0,16
FUN_002238f0,0x002238F0,0x002239A4,176
FUN_002239c0,0x002239C0,0x00223A74,176
FUN_00223a90,0x00223A90,0x00223B44,176
FUN_00223b60,0x00223B60,0x00223B7C,28
FUN_00223c90,0x00223C90,0x00223D44,176
FUN_00223d60,0x00223D60,0x00223D78,24
FUN_00223d80,0x00223D80,0x00223DD0,80
FUN_00223e40,0x00223E40,0x00223EF4,180
FUN_00223f00,0x00223F00,0x00223F60,96
FUN_00223f70,0x00223F70,0x00223F88,24
FUN_002241c0,0x002241C0,0x002241C8,8
FUN_002243d0,0x002243D0,0x002243E0,16
FUN_002246b0,0x002246B0,0x002246E8,56
FUN_00224c20,0x00224C20,0x00224C54,52
FUN_00224c60,0x00224C60,0x00224C74,20
FUN_00224ee0,0x00224EE0,0x00224EF4,20
FUN_002251c0,0x002251C0,0x00225294,212
FUN_002252b0,0x002252B0,0x002252C8,24
FUN_00225550,0x00225550,0x002255DC,140
FUN_00225620,0x00225620,0x00225670,80
FUN_00225860,0x00225860,0x00225938,216
FUN_00225950,0x00225950,0x00225C2C,732
FUN_00225c40,0x00225C40,0x00225F1C,732
FUN_00225f30,0x00225F30,0x00226214,740
FUN_00226220,0x00226220,0x00226500,736
FUN_00226510,0x00226510,0x0022654C,60
thunk_FUN_00110b60,0x00226560,0x00226568,8
FUN_00226570,0x00226570,0x002265C4,84
FUN_002265d0,0x002265D0,0x00226614,68
FUN_00226640,0x00226640,0x00226674,52
FUN_00226680,0x00226680,0x002266B8,56
FUN_002266f0,0x002266F0,0x00226780,144
FUN_002267d0,0x002267D0,0x00226804,52
FUN_00226808,0x00226808,0x00226810,8
FUN_00226810,0x00226810,0x0022681C,12
FUN_00226820,0x00226820,0x00226848,40
FUN_00226848,0x00226848,0x00226868,32
FUN_002268a8,0x002268A8,0x002268B0,8
FUN_002268b0,0x002268B0,0x002268B8,8
FUN_002268c0,0x002268C0,0x00227E34,5492
FUN_00227e38,0x00227E38,0x00227E50,24
FUN_0022a5a0,0x0022A5A0,0x0022A6F4,332
FUN_0022a6f8,0x0022A6F8,0x0022A704,12
FUN_0022a708,0x0022A708,0x0022A958,584
FUN_0022a958,0x0022A958,0x0022ABAC,596
FUN_0022abb0,0x0022ABB0,0x0022AE04,596
FUN_0022ae10,0x0022AE10,0x0022AEC4,176
FUN_0022aec8,0x0022AEC8,0x0022AF74,172
FUN_0022af78,0x0022AF78,0x0022B084,256
FUN_0022b088,0x0022B088,0x0022B160,208
FUN_0022b160,0x0022B160,0x0022B1A4,68
FUN_0022b1a8,0x0022B1A8,0x0022B1B4,12
FUN_0022b1b8,0x0022B1B8,0x0022B1E4,44
FUN_0022b1e8,0x0022B1E8,0x0022B214,44
FUN_0022b218,0x0022B218,0x0022B240,40
FUN_0022b240,0x0022B240,0x0022B268,40
FUN_0022b268,0x0022B268,0x0022B294,44
FUN_0022b298,0x0022B298,0x0022B2C0,40
FUN_0022b2c0,0x0022B2C0,0x0022B2E8,40
FUN_0022b2e8,0x0022B2E8,0x0022B310,40
FUN_0022b310,0x0022B310,0x0022B338,40
FUN_0022b338,0x0022B338,0x0022B360,40
FUN_0022b360,0x0022B360,0x0022B388,40
FUN_0022b388,0x0022B388,0x0022B3B0,40
FUN_0022b3b0,0x0022B3B0,0x0022B3D8,40
FUN_0022b3d8,0x0022B3D8,0x0022B400,40
FUN_0022b400,0x0022B400,0x0022B428,40
FUN_0022b428,0x0022B428,0x0022B454,44
FUN_0022b458,0x0022B458,0x0022B480,40
FUN_0022b480,0x0022B480,0x0022B4A8,40
FUN_0022b4a8,0x0022B4A8,0x0022B4D0,40
FUN_0022b4d0,0x0022B4D0,0x0022B4F8,40
FUN_0022b4f8,0x0022B4F8,0x0022B530,52
FUN_0022b530,0x0022B530,0x0022B5A0,112
FUN_0022b5a0,0x0022B5A0,0x0022B61C,124
FUN_0022b620,0x0022B620,0x0022B66C,76
FUN_0022b670,0x0022B670,0x0022B6A4,52
FUN_0022b6a8,0x0022B6A8,0x0022B760,184
FUN_0022b768,0x0022B768,0x0022B868,252
FUN_0022b868,0x0022B868,0x0022B8C4,92
FUN_0022b8c8,0x0022B8C8,0x0022B958,144
FUN_0022b958,0x0022B958,0x0022B9D0,116
FUN_0022b9d0,0x0022B9D0,0x0022B9FC,44
FUN_0022ba00,0x0022BA00,0x0022BA78,120
FUN_0022bad8,0x0022BAD8,0x0022BB54,120
FUN_0022bb58,0x0022BB58,0x0022BCBC,356
FUN_0022bcc0,0x0022BCC0,0x0022BED4,516
FUN_0022bed8,0x0022BED8,0x0022BEE0,8
FUN_0022bee0,0x0022BEE0,0x0022BF8C,164
FUN_0022bf90,0x0022BF90,0x0022BFE0,76
FUN_0022bfe0,0x0022BFE0,0x0022C04C,108
FUN_0022c050,0x0022C050,0x0022C058,8
FUN_0022c058,0x0022C058,0x0022C880,2084
FUN_0022c880,0x0022C880,0x0022C9A0,284
FUN_0022c9a0,0x0022C9A0,0x0022CBB8,536
FUN_0022cbb8,0x0022CBB8,0x0022CD2C,228
FUN_0022cd30,0x0022CD30,0x0022CD70,64
FUN_0022cd70,0x0022CD70,0x0022FD50,12104
FUN_0022fd50,0x0022FD50,0x002302A8,1360
FUN_002302a8,0x002302A8,0x002309A0,1772
FUN_002309a0,0x002309A0,0x00230B48,424
FUN_00230b58,0x00230B58,0x00230C08,176
FUN_00230c08,0x00230C08,0x00230CDC,208
FUN_00230ce0,0x00230CE0,0x00230D80,160
FUN_00230d80,0x00230D80,0x00230E2C,172
FUN_00230e38,0x00230E38,0x00230E6C,52
FUN_00230e70,0x00230E70,0x00230EC0,80
FUN_00230ec0,0x00230EC0,0x00230F80,192
FUN_00230f80,0x00230F80,0x00230FD0,76
FUN_00230fd8,0x00230FD8,0x00231088,172
FUN_00231088,0x00231088,0x002310DC,84
FUN_002310e0,0x002310E0,0x00231104,36
FUN_00231108,0x00231108,0x0023111C,20
FUN_002311c8,0x002311C8,0x00231398,464
FUN_00231398,0x00231398,0x002314A4,268
FUN_002314a8,0x002314A8,0x00231578,208
FUN_00231578,0x00231578,0x00231640,200
FUN_00231640,0x00231640,0x00231648,8
FUN_00231648,0x00231648,0x00231650,8
FUN_00231650,0x00231650,0x002316A8,88
FUN_002316a8,0x002316A8,0x002316F4,76
FUN_002316f8,0x002316F8,0x00231744,76
FUN_00231748,0x00231748,0x00231794,76
FUN_00231798,0x00231798,0x00231840,168
FUN_00231840,0x00231840,0x0023195C,284
FUN_00231960,0x00231960,0x00231A64,252
FUN_00231a68,0x00231A68,0x00231ECC,1116
FUN_00231ed0,0x00231ED0,0x0023273C,2132
FUN_00232740,0x00232740,0x002333A8,3140
FUN_002333a8,0x002333A8,0x00233418,112
FUN_00233418,0x00233418,0x00233474,92
FUN_00233478,0x00233478,0x002334E0,104
FUN_002334e0,0x002334E0,0x002334E8,8
FUN_002334f0,0x002334F0,0x00233554,100
FUN_00233558,0x00233558,0x00233608,172
FUN_00233608,0x00233608,0x0023369C,148
FUN_002336a0,0x002336A0,0x0023371C,124
FUN_00233730,0x00233730,0x002337A8,116
FUN_002337a8,0x002337A8,0x00233834,140
FUN_00233838,0x00233838,0x002338B0,128
FUN_002338b0,0x002338B0,0x002338C4,20
FUN_002338c8,0x002338C8,0x002338D8,16
FUN_002338d8,0x002338D8,0x00233924,76
FUN_00233928,0x00233928,0x0023395C,52
FUN_00233960,0x00233960,0x002339F4,148
FUN_002339f8,0x002339F8,0x00233A04,12
FUN_00233a08,0x00233A08,0x00233AA8,156
FUN_00233aa8,0x00233AA8,0x00233ACC,36
FUN_00233ad0,0x00233AD0,0x00233B04,52
FUN_00233b08,0x00233B08,0x00233B60,88
FUN_00233b60,0x00233B60,0x00233C00,160
FUN_00233c00,0x00233C00,0x00233C18,24
FUN_00233c18,0x00233C18,0x00233C40,40
FUN_00233c40,0x00233C40,0x00233C6C,44
FUN_00233c70,0x00233C70,0x00233CC0,76
FUN_00233cc0,0x00233CC0,0x00233D54,148
FUN_00233d58,0x00233D58,0x00233E58,248
FUN_00233e58,0x00233E58,0x00233F60,260
FUN_00233f60,0x00233F60,0x00234070,268
FUN_00234070,0x00234070,0x00234514,1164
FUN_00234518,0x00234518,0x00234A54,1324
FUN_00234a58,0x00234A58,0x00234A74,28
FUN_00234a78,0x00234A78,0x00234A90,24
FUN_00234a90,0x00234A90,0x00234B00,112
FUN_00234b00,0x00234B00,0x00234B7C,124
FUN_00234b80,0x00234B80,0x00234BCC,76
FUN_00234bd0,0x00234BD0,0x00234C04,52
FUN_00234c08,0x00234C08,0x00234CB8,176
FUN_00234cb8,0x00234CB8,0x00234D64,172
FUN_00234d70,0x00234D70,0x00234D78,8
FUN_00234d78,0x00234D78,0x00234E30,184
FUN_00234e30,0x00234E30,0x00234F34,256
FUN_00234f38,0x00234F38,0x00234F94,92
FUN_00234f98,0x00234F98,0x0023505C,196
FUN_00235060,0x00235060,0x002350D8,116
FUN_002350d8,0x002350D8,0x002350E0,8
FUN_002350e0,0x002350E0,0x00235104,36
FUN_00235108,0x00235108,0x0023511C,20
FUN_00235120,0x00235120,0x00235148,40
FUN_00235148,0x00235148,0x00235338,488
FUN_00235338,0x00235338,0x002353A4,108
FUN_002353a8,0x002353A8,0x00235448,160
FUN_00235448,0x00235448,0x002354EC,164
FUN_002354f0,0x002354F0,0x00235BA8,1700
FUN_00235ba8,0x00235BA8,0x00235E14,612
FUN_00235e18,0x00235E18,0x002363B8,1424
FUN_002363b8,0x002363B8,0x00236474,188
FUN_00236478,0x00236478,0x00236568,240
FUN_00236568,0x00236568,0x00236730,308
FUN_00236730,0x00236730,0x00236834,260
FUN_00236838,0x00236838,0x002368DC,160
FUN_002368e0,0x002368E0,0x00236A38,336
FUN_00236a38,0x00236A38,0x00236B04,204
FUN_00236b08,0x00236B08,0x00236B60,88
FUN_00236b80,0x00236B80,0x00236C18,152
FUN_00236c18,0x00236C18,0x00236CF0,212
FUN_00236cf0,0x00236CF0,0x00236D64,108
FUN_00236d68,0x00236D68,0x00236D70,8
FUN_00236d90,0x00236D90,0x00236DB0,32
FUN_00236db0,0x00236DB0,0x00236DFC,76
FUN_00236e00,0x00236E00,0x00236E88,136
FUN_00236e88,0x00236E88,0x00236ECC,68
FUN_00236ed0,0x00236ED0,0x00236F04,52
FUN_00236f08,0x00236F08,0x00236F10,8
FUN_00236f10,0x00236F10,0x00236FB4,164
FUN_00236fb8,0x00236FB8,0x00237064,172
FUN_00237068,0x00237068,0x00237090,40
FUN_00237090,0x00237090,0x002370E8,88
FUN_002370e8,0x002370E8,0x00237138,80
FUN_00237138,0x00237138,0x002371FC,196
FUN_00237200,0x00237200,0x00237218,24
FUN_00237218,0x00237218,0x00237280,104
FUN_00237280,0x00237280,0x00237288,8
FUN_00237288,0x00237288,0x00237290,8
FUN_00237298,0x00237298,0x0023735C,192
FUN_00237360,0x00237360,0x002373AC,76
FUN_002373b0,0x002373B0,0x00237440,144
FUN_00237440,0x00237440,0x00237464,36
FUN_00237468,0x00237468,0x0023747C,20
FUN_00237480,0x00237480,0x002374AC,44
FUN_002374b0,0x002374B0,0x002374C4,20
FUN_002374c8,0x002374C8,0x002374DC,20
FUN_002374e0,0x002374E0,0x002374F8,24
FUN_002374f8,0x002374F8,0x0023751C,36
FUN_00237520,0x00237520,0x002375E8,196
FUN_002375e8,0x002375E8,0x00237728,316
FUN_00237728,0x00237728,0x0023773C,20
FUN_00237740,0x00237740,0x002377AC,104
FUN_002377b0,0x002377B0,0x00237860,176
FUN_00237860,0x00237860,0x00237908,168
FUN_00237908,0x00237908,0x002379EC,224
FUN_002379f0,0x002379F0,0x00237A3C,76
FUN_00237a40,0x00237A40,0x00237B40,140
FUN_00237b40,0x00237B40,0x00237B90,80
FUN_00237b90,0x00237B90,0x00237BAC,28
FUN_00237bb0,0x00237BB0,0x00237BB8,8
FUN_00237bb8,0x00237BB8,0x00237C6C,180
FUN_00237c70,0x00237C70,0x00237CC8,88
FUN_00237cc8,0x00237CC8,0x00237D24,88
FUN_00237d78,0x00237D78,0x00237E48,200
FUN_00237e48,0x00237E48,0x00237E84,60
FUN_00237f58,0x00237F58,0x002380BC,348
FUN_002380c0,0x002380C0,0x002387D4,1788
FUN_002387d8,0x002387D8,0x00238810,44
FUN_00238810,0x00238810,0x00238840,48
FUN_00238840,0x00238840,0x00238928,228
FUN_002389a0,0x002389A0,0x002389E4,64
FUN_002389e8,0x002389E8,0x00238A0C,36
FUN_00238b38,0x00238B38,0x00238BC8,144
FUN_00238bc8,0x00238BC8,0x00238BEC,36
FUN_00238bf0,0x00238BF0,0x00238F84,896
FUN_00238f88,0x00238F88,0x00238FD8,80
FUN_00238fd8,0x00238FD8,0x0023902C,84
FUN_00239030,0x00239030,0x00239094,100
FUN_00239098,0x00239098,0x0023915C,196
FUN_00239160,0x00239160,0x00239268,264
FUN_00239278,0x00239278,0x0023943C,440
FUN_00239440,0x00239440,0x0023948C,72
FUN_00239490,0x00239490,0x00239508,116
FUN_00239508,0x00239508,0x00239550,72
FUN_00239550,0x00239550,0x002395F0,156
FUN_002395f0,0x002395F0,0x00239624,52
FUN_00239628,0x00239628,0x0023965C,52
FUN_00239660,0x00239660,0x002396AC,72
FUN_002396b0,0x002396B0,0x002396B8,8
FUN_002396b8,0x002396B8,0x002396EC,52
FUN_002396f0,0x002396F0,0x0023974C,92
FUN_00239750,0x00239750,0x00239760,16
FUN_00239760,0x00239760,0x00239770,16
FUN_00239770,0x00239770,0x00239778,8
FUN_00239778,0x00239778,0x002397D0,84
FUN_002397d0,0x002397D0,0x00239828,84
FUN_00239828,0x00239828,0x002399A0,376
FUN_002399a0,0x002399A0,0x002399F0,80
FUN_002399f0,0x002399F0,0x00239A64,116
FUN_00239a68,0x00239A68,0x00239C20,440
FUN_00239c20,0x00239C20,0x00239CB8,152
FUN_00239cb8,0x00239CB8,0x00239CE4,44
FUN_00239ce8,0x00239CE8,0x00239D24,56
FUN_00239d28,0x00239D28,0x00239D90,100
FUN_00239d90,0x00239D90,0x00239E38,168
FUN_00239e38,0x00239E38,0x00239E7C,68
FUN_00239e80,0x00239E80,0x00239F80,232
FUN_00239f98,0x00239F98,0x00239FA4,12
FUN_00239fa8,0x00239FA8,0x00239FDC,52
FUN_00239fe0,0x00239FE0,0x0023A0A8,200
FUN_0023a0a8,0x0023A0A8,0x0023A0E4,56
FUN_0023a0e8,0x0023A0E8,0x0023A150,100
FUN_0023a150,0x0023A150,0x0023A180,48
FUN_0023a180,0x0023A180,0x0023A224,160
FUN_0023a228,0x0023A228,0x0023A284,88
FUN_0023a350,0x0023A350,0x0023A38C,60
FUN_0023a390,0x0023A390,0x0023A3A4,20
FUN_0023a3a8,0x0023A3A8,0x0023A3D8,48
FUN_0023a3d8,0x0023A3D8,0x0023A4F8,284
FUN_0023a4f8,0x0023A4F8,0x0023A534,60
FUN_0023a538,0x0023A538,0x0023A5B0,112
FUN_0023a5b0,0x0023A5B0,0x0023A5E0,48
FUN_0023a5e0,0x0023A5E0,0x0023A610,48
FUN_0023a610,0x0023A610,0x0023A690,128
FUN_0023a690,0x0023A690,0x0023A6DC,76
FUN_0023a818,0x0023A818,0x0023A880,104
FUN_0023a880,0x0023A880,0x0023A900,124
FUN_0023a900,0x0023A900,0x0023A980,124
FUN_0023a980,0x0023A980,0x0023AA00,124
FUN_0023aa08,0x0023AA08,0x0023AA64,88
FUN_0023aa78,0x0023AA78,0x0023AA84,12
FUN_0023aa88,0x0023AA88,0x0023AAA0,24
FUN_0023aaa0,0x0023AAA0,0x0023AC54,436
FUN_0023ac58,0x0023AC58,0x0023ACA0,72
FUN_0023aca0,0x0023ACA0,0x0023AD48,164
FUN_0023ad48,0x0023AD48,0x0023AD70,40
FUN_0023ad70,0x0023AD70,0x0023AD90,32
FUN_0023ad90,0x0023AD90,0x0023ADB8,40
FUN_0023adb8,0x0023ADB8,0x0023ADD8,32
FUN_0023add8,0x0023ADD8,0x0023AE10,56
FUN_0023ae10,0x0023AE10,0x0023AE40,48
FUN_0023ae40,0x0023AE40,0x0023AF40,256
FUN_0023af40,0x0023AF40,0x0023AF6C,44
FUN_0023af70,0x0023AF70,0x0023AF90,32
FUN_0023af90,0x0023AF90,0x0023B034,160
FUN_0023b038,0x0023B038,0x0023B058,32
FUN_0023b058,0x0023B058,0x0023B2C0,592
FUN_0023b2d0,0x0023B2D0,0x0023B2F8,40
FUN_0023b2f8,0x0023B2F8,0x0023B318,32
FUN_0023b318,0x0023B318,0x0023B364,76
FUN_0023b3a0,0x0023B3A0,0x0023B3DC,60
FUN_0023b3e0,0x0023B3E0,0x0023B41C,60
FUN_0023b420,0x0023B420,0x0023B47C,92
FUN_0023b480,0x0023B480,0x0023B4AC,40
FUN_0023b4b0,0x0023B4B0,0x0023B4F8,72
FUN_0023b4f8,0x0023B4F8,0x0023B510,24
FUN_0023b510,0x0023B510,0x0023B604,240
FUN_0023b608,0x0023B608,0x0023B614,12
FUN_0023b618,0x0023B618,0x0023B6A0,128
FUN_0023b6a0,0x0023B6A0,0x0023C368,136
FUN_0023b720,0x0023B720,0x0023B7CC,168
FUN_0023b7d0,0x0023B7D0,0x0023B850,128
FUN_0023b850,0x0023B850,0x0023B8E8,152
FUN_0023b8e8,0x0023B8E8,0x0023B94C,96
FUN_0023b950,0x0023B950,0x0023BA6C,284
FUN_0023ba70,0x0023BA70,0x0023BB00,140
FUN_0023bb00,0x0023BB00,0x0023BB58,88
FUN_0023bb58,0x0023BB58,0x0023BBB0,84
FUN_0023bbb0,0x0023BBB0,0x0023BC28,120
FUN_0023bc28,0x0023BC28,0x0023BC48,32
FUN_0023bc48,0x0023BC48,0x0023BC98,80
FUN_0023bc98,0x0023BC98,0x0023BD10,116
FUN_0023bd10,0x0023BD10,0x0023BD74,100
FUN_0023bd78,0x0023BD78,0x0023BE40,196
FUN_0023be40,0x0023BE40,0x0023BE58,24
FUN_0023be58,0x0023BE58,0x0023BE70,24
FUN_0023be70,0x0023BE70,0x0023BE88,24
FUN_0023be88,0x0023BE88,0x0023BEA0,24
FUN_0023bea0,0x0023BEA0,0x0023BEB4,20
FUN_0023beb8,0x0023BEB8,0x0023BECC,20
FUN_0023bed0,0x0023BED0,0x0023BF60,144
FUN_0023bf60,0x0023BF60,0x0023BFE4,132
FUN_0023c010,0x0023C010,0x0023C01C,12
FUN_0023c030,0x0023C030,0x0023C070,64
FUN_0023c070,0x0023C070,0x0023C098,40
FUN_0023c098,0x0023C098,0x0023C0B8,32
FUN_0023c0b8,0x0023C0B8,0x0023C0F4,56
FUN_0023c0f8,0x0023C0F8,0x0023C11C,36
FUN_0023c130,0x0023C130,0x0023C194,100
FUN_0023c198,0x0023C198,0x0023C1D4,56
FUN_0023c1d8,0x0023C1D8,0x0023C1F8,32
FUN_0023c208,0x0023C208,0x0023C26C,100
FUN_0023c290,0x0023C290,0x0023C2D4,68
FUN_0023c2d8,0x0023C2D8,0x0023C310,56
FUN_0023c310,0x0023C310,0x0023C324,20
FUN_0023c328,0x0023C328,0x0023C33C,20
FUN_0023c340,0x0023C340,0x0023C354,20
FUN_0023c358,0x0023C358,0x0023C360,8
FUN_0023c368,0x0023C368,0x0023C370,8
FUN_0023c370,0x0023C370,0x0023C3D0,92
FUN_0023c3d0,0x0023C3D0,0x0023C3F0,32
FUN_0023c3f0,0x0023C3F0,0x0023C42C,60
FUN_0023c430,0x0023C430,0x0023C930,84
FUN_0023c480,0x0023C480,0x0023C4E4,96
FUN_0023c4e8,0x0023C4E8,0x0023C548,96
FUN_0023c548,0x0023C548,0x0023C560,24
FUN_0023c560,0x0023C560,0x0023C578,24
FUN_0023c578,0x0023C578,0x0023C5EC,112
FUN_0023c670,0x0023C670,0x0023C688,24
FUN_0023c688,0x0023C688,0x0023C6DC,80
FUN_0023c6e0,0x0023C6E0,0x0023C75C,124
FUN_0023c760,0x0023C760,0x0023C778,24
FUN_0023c778,0x0023C778,0x0023C7CC,80
FUN_0023c7d0,0x0023C7D0,0x0023C7E8,24
FUN_0023c7e8,0x0023C7E8,0x0023C800,24
FUN_0023c800,0x0023C800,0x0023C824,36
FUN_0023c860,0x0023C860,0x0023C89C,60
FUN_0023c8b8,0x0023C8B8,0x0023C8D0,24
FUN_0023c8d0,0x0023C8D0,0x002411B0,32
FUN_0023c8e8,0x0023C8E8,0x0023C908,32
FUN_0023c908,0x0023C908,0x0023C91C,20
FUN_0023c938,0x0023C938,0x0023C9A8,108
FUN_0023c9a8,0x0023C9A8,0x0023CA30,132
FUN_0023ca30,0x0023CA30,0x0023CA88,88
FUN_0023ca88,0x0023CA88,0x0023CBDC,324
FUN_0023cbe0,0x0023CBE0,0x0023CC7C,148
FUN_0023cc80,0x0023CC80,0x0023CCE8,100
FUN_0023cce8,0x0023CCE8,0x0023CD3C,80
FUN_0023cd40,0x0023CD40,0x0023CD6C,44
FUN_0023cd70,0x0023CD70,0x0023CE18,168
FUN_0023ce18,0x0023CE18,0x0023CE44,44
FUN_0023cf60,0x0023CF60,0x0023CFD0,108
FUN_0023cfd0,0x0023CFD0,0x0023D034,96
FUN_0023d080,0x0023D080,0x0023D0BC,60
FUN_0023d0f8,0x0023D0F8,0x0023D12C,52
FUN_0023d130,0x0023D130,0x0023D184,80
FUN_0023d188,0x0023D188,0x0023D1F4,108
FUN_0023d1f8,0x0023D1F8,0x0023D234,60
FUN_0023d238,0x0023D238,0x0023D2D0,152
FUN_0023d2d0,0x0023D2D0,0x0023D390,192
FUN_0023d390,0x0023D390,0x0023D3E4,84
FUN_0023d418,0x0023D418,0x0023D47C,96
FUN_0023d480,0x0023D480,0x0023D4E4,100
FUN_0023d5a8,0x0023D5A8,0x0023D5C8,32
FUN_0023d5c8,0x0023D5C8,0x0023D5E8,32
FUN_0023d5e8,0x0023D5E8,0x0023D608,32
FUN_0023d608,0x0023D608,0x0023D628,32
FUN_0023d628,0x0023D628,0x0023D670,72
FUN_0023d670,0x0023D670,0x0023D6B4,68
FUN_0023d7a0,0x0023D7A0,0x0023D7C8,40
FUN_0023d7c8,0x0023D7C8,0x0023D7F0,40
FUN_0023d7f0,0x0023D7F0,0x0023D808,24
FUN_0023d808,0x0023D808,0x0023D81C,20
FUN_0023d820,0x0023D820,0x0023D828,8
FUN_0023d828,0x0023D828,0x0023D83C,20
FUN_0023d840,0x0023D840,0x0023D854,20
FUN_0023d858,0x0023D858,0x0023D860,8
FUN_0023d868,0x0023D868,0x0023D87C,20
FUN_0023d880,0x0023D880,0x0023D8F4,116
FUN_0023d8f8,0x0023D8F8,0x0023D954,88
FUN_0023d958,0x0023D958,0x0023DA0C,180
FUN_0023da10,0x0023DA10,0x0023DA1C,12
FUN_0023da20,0x0023DA20,0x0023DA30,16
FUN_0023da30,0x0023DA30,0x0023DA78,72
FUN_0023da78,0x0023DA78,0x0023DAEC,116
FUN_0023daf0,0x0023DAF0,0x0023DB5C,108
FUN_0023db60,0x0023DB60,0x0023DBCC,108
FUN_0023dbd0,0x0023DBD0,0x0023DC1C,72
FUN_0023dc20,0x0023DC20,0x0023DC38,24
FUN_0023dc38,0x0023DC38,0x0023DC50,24
FUN_0023dc50,0x0023DC50,0x0023DCF8,164
FUN_0023dcf8,0x0023DCF8,0x0023DDA0,164
FUN_0023dda0,0x0023DDA0,0x0023DEA0,252
FUN_0023dea0,0x0023DEA0,0x0023DECC,44
FUN_0023df30,0x0023DF30,0x0025A2E0,52
FUN_0023df60,0x0023DF60,0x0023DF78,24
FUN_0023df78,0x0023DF78,0x0025A550,28
FUN_0023dfa8,0x0023DFA8,0x0023DFC0,24
FUN_0023dfc0,0x0023DFC0,0x0023E03C,120
FUN_0023e058,0x0023E058,0x0023E06C,20
FUN_0023e070,0x0023E070,0x0025A318,160
FUN_0023e108,0x0023E108,0x0025A458,108
FUN_0023e298,0x0023E298,0x0023E2A8,16
FUN_0023e2a8,0x0023E2A8,0x0023E2CC,36
FUN_0023e2d0,0x0023E2D0,0x0023E32C,92
FUN_0023e330,0x0023E330,0x0023E360,48
FUN_0023e360,0x0023E360,0x0023E3C0,96
FUN_0023e3c0,0x0023E3C0,0x0023E3DC,28
FUN_0023e3e0,0x0023E3E0,0x0023E410,48
FUN_0023e410,0x0023E410,0x0023E468,88
FUN_0023e468,0x0023E468,0x0023E4AC,68
FUN_0023e4b0,0x0023E4B0,0x0023E5FC,216
FUN_0023e600,0x0023E600,0x0023E65C,92
FUN_0023e660,0x0023E660,0x0023E708,160
FUN_0023e708,0x0023E708,0x0023E768,96
FUN_0023e768,0x0023E768,0x0023E780,24
FUN_0023e780,0x0023E780,0x0023E798,24
FUN_0023e7b0,0x0023E7B0,0x0023E7FC,76
FUN_0023e800,0x0023E800,0x0023E878,120
FUN_0023e878,0x0023E878,0x0023E8C8,80
FUN_0023e8c8,0x0023E8C8,0x0023E938,112
FUN_0023e938,0x0023E938,0x0023E984,76
FUN_0023ea78,0x0023EA78,0x0023EB18,156
FUN_0023eb18,0x0023EB18,0x0023EB30,24
FUN_0023eb30,0x0023EB30,0x0023EB48,24
FUN_0023eb48,0x0023EB48,0x0023EB60,24
FUN_0023eb60,0x0023EB60,0x0023EB78,24
FUN_0023eb78,0x0023EB78,0x0023EB8C,20
FUN_0023eba8,0x0023EBA8,0x0023EBC0,24
FUN_0023ebc0,0x0023EBC0,0x0023EBD8,24
FUN_0023ebd8,0x0023EBD8,0x0023EBF0,24
FUN_0023ebf0,0x0023EBF0,0x0023EC08,24
FUN_0023ec08,0x0023EC08,0x0023EC20,24
FUN_0023ec20,0x0023EC20,0x0023EC38,24
FUN_0023ec38,0x0023EC38,0x0025A560,32
FUN_0023ec50,0x0023EC50,0x0025A568,32
FUN_0023ec68,0x0023EC68,0x0025A570,32
FUN_0023ec80,0x0023EC80,0x0025A578,32
FUN_0023ec98,0x0023EC98,0x0023ECAC,20
FUN_0023edc0,0x0023EDC0,0x0025A2D0,104
FUN_0023ef08,0x0023EF08,0x0023EFC8,180
FUN_0023efc8,0x0023EFC8,0x0023F054,140
FUN_0023f058,0x0023F058,0x0023F0B0,88
FUN_0023f0b0,0x0023F0B0,0x0023F158,160
FUN_0023f158,0x0023F158,0x0023F1F8,156
FUN_0023f1f8,0x0023F1F8,0x0023F210,24
FUN_0023f210,0x0023F210,0x0023F2CC,184
FUN_0023f2d0,0x0023F2D0,0x0023F358,136
FUN_0023f358,0x0023F358,0x0023F3E0,132
FUN_0023f3e0,0x0023F3E0,0x0023F480,156
FUN_0023f480,0x0023F480,0x0023F524,160
FUN_0023f528,0x0023F528,0x0023F540,24
FUN_0023f540,0x0023F540,0x0023F558,24
FUN_0023f558,0x0023F558,0x0023F570,24
FUN_0023f570,0x0023F570,0x0023F588,24
FUN_0023f588,0x0023F588,0x0023F5A0,24
FUN_0023f5a0,0x0023F5A0,0x0023F5C4,36
FUN_0023f5c8,0x0023F5C8,0x0023F5F4,44
FUN_0023f5f8,0x0023F5F8,0x0023F624,44
FUN_0023f628,0x0023F628,0x0023F6C8,160
FUN_0023f6c8,0x0023F6C8,0x0023F724,92
FUN_0023f728,0x0023F728,0x0023F74C,36
FUN_0023f750,0x0023F750,0x0023F774,36
FUN_0023f778,0x0023F778,0x0023F79C,36
FUN_0023f7a0,0x0023F7A0,0x0023F7D0,48
FUN_0023f7d0,0x0023F7D0,0x0023F804,52
FUN_0023f808,0x0023F808,0x0023F89C,144
FUN_0023f8b0,0x0023F8B0,0x0023F914,100
FUN_0023f918,0x0023F918,0x0023F978,96
FUN_0023f978,0x0023F978,0x0023F9DC,100
FUN_0023f9e0,0x0023F9E0,0x0023FA34,84
FUN_0023fa38,0x0023FA38,0x0023FA80,72
FUN_0023fa80,0x0023FA80,0x0023FAD8,88
FUN_0023fad8,0x0023FAD8,0x0023FB2C,84
FUN_0023fb30,0x0023FB30,0x0023FB98,104
FUN_0023fb98,0x0023FB98,0x0023FC04,108
FUN_0023fc08,0x0023FC08,0x0023FC68,96
FUN_0023fc68,0x0023FC68,0x0023FCC8,96
FUN_0023fcc8,0x0023FCC8,0x0023FD30,104
FUN_0023fd30,0x0023FD30,0x0023FE50,284
FUN_0023fe50,0x0023FE50,0x0023FF00,172
FUN_0023ff00,0x0023FF00,0x0023FFA0,156
FUN_0023ffa0,0x0023FFA0,0x0023FFAC,12
FUN_0023ffb0,0x0023FFB0,0x0023FFBC,12
FUN_0023ffd0,0x0023FFD0,0x00240010,64
FUN_00240010,0x00240010,0x0024004C,60
FUN_00240050,0x00240050,0x00240064,20
FUN_00240098,0x00240098,0x002400B8,32
FUN_002400e8,0x002400E8,0x00240128,64
FUN_00240128,0x00240128,0x00240148,32
FUN_00240148,0x00240148,0x00240178,48
FUN_00240178,0x00240178,0x00240198,32
FUN_00240198,0x00240198,0x002401C8,48
FUN_002401c8,0x002401C8,0x002401E8,32
FUN_002401e8,0x002401E8,0x00240218,48
FUN_00240218,0x00240218,0x00240240,40
FUN_00240240,0x00240240,0x00240254,20
FUN_00240290,0x00240290,0x002402A4,20
FUN_002402c8,0x002402C8,0x002402DC,20
FUN_00240300,0x00240300,0x00240314,20
FUN_00240338,0x00240338,0x0024034C,20
FUN_00240350,0x00240350,0x00240364,20
FUN_00240368,0x00240368,0x002403FC,148
FUN_00240400,0x00240400,0x00240418,24
FUN_00240418,0x00240418,0x0024042C,20
FUN_00240430,0x00240430,0x00240444,20
FUN_00240470,0x00240470,0x00240498,40
FUN_00240498,0x00240498,0x00240500,104
FUN_00240500,0x00240500,0x0024059C,152
FUN_002405a0,0x002405A0,0x002405B4,20
FUN_002405b8,0x002405B8,0x002405E0,40
FUN_002405e0,0x002405E0,0x002406D4,240
FUN_002406d8,0x002406D8,0x00240760,136
FUN_00240760,0x00240760,0x0024081C,184
FUN_00240820,0x00240820,0x002408B0,144
FUN_002408b0,0x002408B0,0x00240924,112
FUN_00240928,0x00240928,0x00240990,104
FUN_00240990,0x00240990,0x002409D4,68
FUN_002409d8,0x002409D8,0x00240A58,128
FUN_00240a58,0x00240A58,0x00240AC0,104
FUN_00240ac0,0x00240AC0,0x00240AE0,32
FUN_00240ae0,0x00240AE0,0x00240B00,32
FUN_00240b00,0x00240B00,0x00240BA0,160
FUN_00240ba0,0x00240BA0,0x00240BF8,88
FUN_00240bf8,0x00240BF8,0x00240C28,48
FUN_00240c28,0x00240C28,0x00240C58,48
FUN_00240c58,0x00240C58,0x00240C90,56
FUN_00240c90,0x00240C90,0x00240CC0,48
FUN_00240cc0,0x00240CC0,0x00240D84,196
FUN_00240d88,0x00240D88,0x00240E24,152
FUN_00240e28,0x00240E28,0x00240EE4,184
FUN_00240ee8,0x00240EE8,0x00240F08,32
FUN_00240f08,0x00240F08,0x00240F20,24
FUN_00240f20,0x00240F20,0x00240F48,40
FUN_00240f48,0x00240F48,0x00240F68,32
FUN_00240f68,0x00240F68,0x00240F70,8
FUN_00240f70,0x00240F70,0x00240F78,8
FUN_00240f78,0x00240F78,0x00240F80,8
FUN_00240f88,0x00240F88,0x00240FD8,80
FUN_00240fd8,0x00240FD8,0x00241010,56
FUN_00241018,0x00241018,0x00241038,32
FUN_00241038,0x00241038,0x0024105C,36
FUN_00241060,0x00241060,0x002410B0,80
FUN_002410b0,0x002410B0,0x00241160,168
FUN_00241168,0x00241168,0x00241170,8
FUN_00241178,0x00241178,0x00241180,8
FUN_00241180,0x00241180,0x002411A8,40
FUN_002411b0,0x002411B0,0x00241250,156
FUN_00241250,0x00241250,0x00241270,32
FUN_00241270,0x00241270,0x00241294,36
FUN_002412a0,0x002412A0,0x002412C4,36
FUN_002412c8,0x002412C8,0x002412DC,20
FUN_00241308,0x00241308,0x0024131C,20
FUN_00241320,0x00241320,0x00241338,24
FUN_00241338,0x00241338,0x0024134C,20
FUN_002413a8,0x002413A8,0x0024141C,116
FUN_00241420,0x00241420,0x00241434,20
FUN_00241438,0x00241438,0x00241460,40
FUN_00241460,0x00241460,0x00241488,40
FUN_00241488,0x00241488,0x0024149C,20
FUN_00241540,0x00241540,0x0024155C,28
FUN_00241678,0x00241678,0x002416D0,88
FUN_002416d0,0x002416D0,0x0024170C,60
FUN_00241710,0x00241710,0x00241738,40
FUN_00241738,0x00241738,0x002417C8,144
FUN_002417c8,0x002417C8,0x0024187C,176
FUN_00241880,0x00241880,0x00241888,8
FUN_00241888,0x00241888,0x00241914,140
FUN_00241918,0x00241918,0x00241944,44
FUN_00241948,0x00241948,0x002419D0,132
FUN_002419d0,0x002419D0,0x00241A84,180
FUN_00241a88,0x00241A88,0x00241CF0,608
FUN_00241cf0,0x00241CF0,0x00241D78,136
FUN_00241d78,0x00241D78,0x00241D94,28
FUN_00241e58,0x00241E58,0x00241F74,284
FUN_00241f78,0x00241F78,0x0024208C,276
FUN_00242090,0x00242090,0x002420E0,80
FUN_002420e0,0x002420E0,0x00242184,160
FUN_00242188,0x00242188,0x002421B0,40
FUN_002421b0,0x002421B0,0x0024234C,400
FUN_00242350,0x00242350,0x00242398,72
FUN_00242398,0x00242398,0x002423B8,32
FUN_002423b8,0x002423B8,0x00242460,168
FUN_00242460,0x00242460,0x00242478,24
FUN_00242478,0x00242478,0x00242490,24
FUN_00242490,0x00242490,0x002424AC,28
FUN_002424b0,0x002424B0,0x00242564,136
FUN_00242568,0x00242568,0x0024258C,36
FUN_00242590,0x00242590,0x002425F4,96
FUN_002425f8,0x002425F8,0x0024274C,340
FUN_00242750,0x00242750,0x00242908,440
FUN_00242908,0x00242908,0x00242974,108
FUN_00242978,0x00242978,0x00242984,12
FUN_00242988,0x00242988,0x002429C4,60
FUN_00242a88,0x00242A88,0x00242B30,168
FUN_00242b30,0x00242B30,0x00242C08,212
FUN_00242c08,0x00242C08,0x00242C28,32
FUN_00242c28,0x00242C28,0x00242C38,16
FUN_00242c40,0x00242C40,0x00242C60,32
FUN_00242c60,0x00242C60,0x00242C84,36
FUN_00242c88,0x00242C88,0x00242D78,236
FUN_00242d78,0x00242D78,0x00242DC8,76
FUN_00242dc8,0x00242DC8,0x00242E10,72
FUN_00242e10,0x00242E10,0x002566A0,68
FUN_00242e50,0x00242E50,0x00242E9C,76
FUN_00242ea0,0x00242EA0,0x00242EBC,28
FUN_00242fb0,0x00242FB0,0x00242FE0,48
FUN_00242fe0,0x00242FE0,0x00243070,144
FUN_00243070,0x00243070,0x002430E8,116
FUN_002430e8,0x002430E8,0x00243164,124
FUN_00243168,0x00243168,0x002431D4,104
FUN_002431d8,0x002431D8,0x0024322C,84
FUN_00243240,0x00243240,0x00243280,64
FUN_00243280,0x00243280,0x002432B0,48
FUN_002432b0,0x002432B0,0x0024331C,104
FUN_00243320,0x00243320,0x0024338C,104
FUN_00243390,0x00243390,0x002433D0,64
FUN_002433d0,0x002433D0,0x002433D8,8
FUN_002433e0,0x002433E0,0x00243428,72
FUN_00243428,0x00243428,0x00243470,72
FUN_00243470,0x00243470,0x002434B8,72
FUN_002434b8,0x002434B8,0x0024350C,84
FUN_00243510,0x00243510,0x0024352C,28
FUN_00243598,0x00243598,0x002435AC,20
FUN_002435b0,0x002435B0,0x002435B8,8
FUN_002435b8,0x002435B8,0x002436F0,312
FUN_002436f0,0x002436F0,0x0024372C,60
FUN_00243730,0x00243730,0x002437EC,188
FUN_002437f0,0x002437F0,0x00243884,148
FUN_00243888,0x00243888,0x002438C4,60
FUN_002438c8,0x002438C8,0x00243930,104
FUN_00243930,0x00243930,0x002439E8,184
FUN_002439e8,0x002439E8,0x00243A88,160
FUN_00243b10,0x00243B10,0x00243B5C,76
FUN_00243b60,0x00243B60,0x00243B80,32
FUN_00243b80,0x00243B80,0x00243BAC,44
FUN_00243bb0,0x00243BB0,0x00243C58,168
FUN_00243c58,0x00243C58,0x00243C9C,68
FUN_00243ca0,0x00243CA0,0x00243D10,112
FUN_00243d10,0x00243D10,0x00243DB0,160
FUN_00243db0,0x00243DB0,0x00243DBC,12
FUN_00243dc0,0x00243DC0,0x00243E08,72
FUN_00243e08,0x00243E08,0x00243E50,72
FUN_00243e78,0x00243E78,0x00243E90,24
FUN_00243e90,0x00243E90,0x00243EA8,24
FUN_00243ea8,0x00243EA8,0x00243F4C,164
FUN_00243f50,0x00243F50,0x00243F68,24
FUN_00243f68,0x00243F68,0x00243F80,24
FUN_00243f80,0x00243F80,0x002440CC,324
FUN_002440d0,0x002440D0,0x0024415C,140
FUN_00244160,0x00244160,0x00244254,240
FUN_00244258,0x00244258,0x002442B0,88
FUN_002442b0,0x002442B0,0x00244320,112
FUN_00244320,0x00244320,0x00244388,104
FUN_00244388,0x00244388,0x002443A8,32
FUN_002443a8,0x002443A8,0x002443C8,32
FUN_002443c8,0x002443C8,0x00244464,156
FUN_00244468,0x00244468,0x002444C8,96
FUN_002444c8,0x002444C8,0x002444FC,52
FUN_00244ab0,0x00244AB0,0x00244B1C,108
FUN_00244b20,0x00244B20,0x00244B40,32
FUN_00244b40,0x00244B40,0x00244B60,32
FUN_00244b60,0x00244B60,0x00244B80,32
FUN_00244b80,0x00244B80,0x00244BA0,32
FUN_00244ba0,0x00244BA0,0x00244BC8,40
FUN_00244bc8,0x00244BC8,0x00244BF0,40
FUN_00244bf0,0x00244BF0,0x00244CA8,184
FUN_00244ca8,0x00244CA8,0x00244D38,144
FUN_00244d38,0x00244D38,0x00244D6C,52
FUN_00244d70,0x00244D70,0x00244DA4,52
FUN_00244da8,0x00244DA8,0x00244DDC,52
FUN_00244de0,0x00244DE0,0x00244E3C,88
FUN_00244e40,0x00244E40,0x00244E60,32
FUN_00244e60,0x00244E60,0x00244EA8,72
FUN_00244ea8,0x00244EA8,0x00244EF0,72
FUN_00244ef0,0x00244EF0,0x00244F78,136
FUN_00244f78,0x00244F78,0x00245030,184
FUN_00245030,0x00245030,0x002450FC,204
FUN_00245100,0x00245100,0x00245258,340
FUN_00245258,0x00245258,0x002452F8,160
FUN_002452f8,0x002452F8,0x002453A8,176
FUN_002453a8,0x002453A8,0x00245408,96
FUN_00245408,0x00245408,0x00245410,8
FUN_00245410,0x00245410,0x002454C8,184
FUN_002454c8,0x002454C8,0x002455B0,232
FUN_002455b0,0x002455B0,0x00245648,152
FUN_00245648,0x00245648,0x00245734,232
FUN_00245738,0x00245738,0x00245784,76
FUN_00245788,0x00245788,0x0024588C,260
FUN_00245890,0x00245890,0x002458F8,104
FUN_002458f8,0x002458F8,0x00245974,124
FUN_00245978,0x00245978,0x00245A0C,144
FUN_00245a10,0x00245A10,0x00245A58,72
FUN_00245ae8,0x00245AE8,0x00245B60,116
FUN_00245b60,0x00245B60,0x00245C14,116
FUN_00245c18,0x00245C18,0x00245CBC,164
FUN_00245cc0,0x00245CC0,0x00245D90,208
FUN_00245d90,0x00245D90,0x00245E10,128
FUN_00245e10,0x00245E10,0x00245F74,352
FUN_00245f78,0x00245F78,0x00245F98,32
FUN_00245f98,0x00245F98,0x00245FAC,20
FUN_00245fb0,0x00245FB0,0x00245FC8,24
FUN_00245fc8,0x00245FC8,0x00245FD8,16
FUN_00245fd8,0x00245FD8,0x00246090,184
FUN_00246090,0x00246090,0x002460B4,36
FUN_002460b8,0x002460B8,0x002460E4,44
FUN_002460e8,0x002460E8,0x0024613C,84
FUN_00246140,0x00246140,0x00246204,196
FUN_00246208,0x00246208,0x00246248,64
FUN_00246248,0x00246248,0x00246318,204
FUN_00246318,0x00246318,0x0024637C,100
FUN_00246380,0x00246380,0x002463CC,72
FUN_002463d0,0x002463D0,0x00246434,100
FUN_00246438,0x00246438,0x00246590,344
FUN_00246590,0x00246590,0x0024661C,140
FUN_00246620,0x00246620,0x002466D4,180
FUN_002466d8,0x002466D8,0x00246750,120
FUN_00246750,0x00246750,0x002467E4,148
FUN_002467e8,0x002467E8,0x00246980,408
FUN_00246980,0x00246980,0x002469B4,52
FUN_002469b8,0x002469B8,0x002469F0,56
FUN_002469f0,0x002469F0,0x00246A14,36
FUN_00246a20,0x00246A20,0x00246A58,56
FUN_00246a58,0x00246A58,0x00246A7C,36
FUN_00246a90,0x00246A90,0x00246A9C,12
FUN_00246aa0,0x00246AA0,0x00246B08,104
FUN_00246b08,0x00246B08,0x00246BC8,192
FUN_00246bc8,0x00246BC8,0x00246BD8,16
FUN_00246bd8,0x00246BD8,0x00246C7C,164
FUN_00246c80,0x00246C80,0x00246C94,20
FUN_00246c98,0x00246C98,0x00246CB0,24
FUN_00246cb0,0x00246CB0,0x00246D20,108
FUN_00246d20,0x00246D20,0x00246D60,64
FUN_00246d60,0x00246D60,0x00246DF4,148
FUN_00246df8,0x00246DF8,0x00246E04,12
FUN_00246e08,0x00246E08,0x00246ED0,192
FUN_00246ed0,0x00246ED0,0x00246EF0,32
FUN_00246ef0,0x00246EF0,0x00246F04,20
FUN_00246f08,0x00246F08,0x00246F1C,20
FUN_00246f20,0x00246F20,0x00246F3C,28
FUN_00246f40,0x00246F40,0x00246F54,20
FUN_00246f58,0x00246F58,0x00246F60,8
FUN_00246f60,0x00246F60,0x00246F68,8
FUN_00246f68,0x00246F68,0x00246F7C,20
FUN_00246f80,0x00246F80,0x00246F94,20
FUN_00246fa8,0x00246FA8,0x00246FCC,36
FUN_00247000,0x00247000,0x0024701C,28
FUN_00247090,0x00247090,0x00247140,172
FUN_00247140,0x00247140,0x00247158,24
FUN_00247158,0x00247158,0x00247170,24
FUN_00247170,0x00247170,0x002471E0,108
FUN_002471e0,0x002471E0,0x002471E8,8
FUN_002471e8,0x002471E8,0x00247208,32
FUN_00247208,0x00247208,0x00247294,132
FUN_00247298,0x00247298,0x002472F4,92
FUN_002472f8,0x002472F8,0x002473F0,248
FUN_002473f0,0x002473F0,0x00247458,104
FUN_00247458,0x00247458,0x00247478,32
FUN_00247478,0x00247478,0x00247748,708
FUN_00247748,0x00247748,0x00247824,220
FUN_00247828,0x00247828,0x00247868,64
FUN_00247868,0x00247868,0x002478C8,96
FUN_002478c8,0x002478C8,0x002478F0,40
FUN_002478f0,0x002478F0,0x00247A68,364
FUN_00247a68,0x00247A68,0x00247AD8,112
FUN_00247ad8,0x00247AD8,0x00247C48,368
FUN_00247c48,0x00247C48,0x00247E20,464
FUN_00247e20,0x00247E20,0x00247EA4,132
FUN_00247ea8,0x00247EA8,0x00247F44,152
FUN_00247f48,0x00247F48,0x00248020,216
FUN_00248020,0x00248020,0x002480C8,168
FUN_002480c8,0x002480C8,0x00248134,108
FUN_00248140,0x00248140,0x002482D0,392
FUN_002482d0,0x002482D0,0x0024833C,108
FUN_00248340,0x00248340,0x002483AC,108
FUN_002483b0,0x002483B0,0x002483C4,20
FUN_002483c8,0x002483C8,0x0024850C,320
FUN_00248510,0x00248510,0x00248560,80
FUN_00248560,0x00248560,0x002485C8,104
FUN_002485c8,0x002485C8,0x0024861C,84
FUN_00248620,0x00248620,0x002486A8,132
FUN_002486a8,0x002486A8,0x00248714,108
FUN_00248718,0x00248718,0x00248778,96
FUN_00248778,0x00248778,0x002487D8,96
FUN_002487d8,0x002487D8,0x002488CC,244
FUN_002488d0,0x002488D0,0x00248980,176
FUN_00248980,0x00248980,0x00248A18,152
FUN_00248a18,0x00248A18,0x00248AC8,176
FUN_00248ac8,0x00248AC8,0x00248AD0,8
FUN_00248ad0,0x00248AD0,0x00248B88,180
FUN_00248b88,0x00248B88,0x00248C04,124
FUN_00248c08,0x00248C08,0x00248CCC,192
FUN_00248cd0,0x00248CD0,0x00248D58,136
FUN_00248d58,0x00248D58,0x00248D6C,20
FUN_00248dc0,0x00248DC0,0x00248DD4,20
FUN_00248df8,0x00248DF8,0x00248E14,28
FUN_00248f20,0x00248F20,0x00248F28,8
FUN_00248f28,0x00248F28,0x00248FC8,160
FUN_00248fc8,0x00248FC8,0x00249014,72
FUN_00249018,0x00249018,0x00249024,12
FUN_00249028,0x00249028,0x002490D4,172
FUN_002490d8,0x002490D8,0x002491C8,240
FUN_00249268,0x00249268,0x002492F8,144
FUN_002492f8,0x002492F8,0x002493B0,184
FUN_002493b0,0x002493B0,0x00249438,136
FUN_00249438,0x00249438,0x002494AC,116
FUN_002494b0,0x002494B0,0x0024951C,104
FUN_00249520,0x00249520,0x002495C4,164
FUN_002495c8,0x002495C8,0x0024964C,132
FUN_00249650,0x00249650,0x00249720,204
FUN_00249720,0x00249720,0x002497FC,212
FUN_00249800,0x00249800,0x00249808,8
FUN_00249808,0x00249808,0x00249828,32
FUN_00249828,0x00249828,0x002498D4,168
FUN_002498d8,0x002498D8,0x00249948,112
FUN_00249948,0x00249948,0x002499E4,156
FUN_002499e8,0x002499E8,0x00249A00,24
FUN_00249a00,0x00249A00,0x00249AAC,168
FUN_00249ab0,0x00249AB0,0x00249B0C,88
FUN_00249b10,0x00249B10,0x00249B54,68
FUN_00249b58,0x00249B58,0x00249C3C,228
FUN_00249c40,0x00249C40,0x00249C64,36
FUN_00249c68,0x00249C68,0x00249D10,164
FUN_00249d10,0x00249D10,0x00249D2C,28
FUN_00249d30,0x00249D30,0x00249DAC,124
FUN_00249db0,0x00249DB0,0x00249FF0,564
FUN_00249ff0,0x00249FF0,0x0024A1AC,408
FUN_0024a1b0,0x0024A1B0,0x0024A214,100
FUN_0024a218,0x0024A218,0x0024A2A0,132
FUN_0024a2a0,0x0024A2A0,0x0024A3F4,208
FUN_0024a3f8,0x0024A3F8,0x0024A55C,248
FUN_0024a560,0x0024A560,0x0024A828,700
FUN_0024a828,0x0024A828,0x0024A874,76
FUN_0024a878,0x0024A878,0x0024A92C,180
FUN_0024a930,0x0024A930,0x0024A97C,76
FUN_0024a980,0x0024A980,0x0024AA50,208
FUN_0024aa50,0x0024AA50,0x0024AAAC,92
FUN_0024aab0,0x0024AAB0,0x0024AB54,156
FUN_0024ab58,0x0024AB58,0x0024AC14,184
FUN_0024ac18,0x0024AC18,0x0024AC5C,68
FUN_0024ac60,0x0024AC60,0x0024ACA4,68
FUN_0024aca8,0x0024ACA8,0x0024ACC0,24
FUN_0024acc0,0x0024ACC0,0x0024AD54,136
FUN_0024ad58,0x0024AD58,0x0024B0B0,848
FUN_0024b0b0,0x0024B0B0,0x0024B158,168
FUN_0024b158,0x0024B158,0x0024B180,40
FUN_0024b180,0x0024B180,0x0024B2FC,376
FUN_0024b300,0x0024B300,0x0024B33C,60
FUN_0024b340,0x0024B340,0x0024B5C4,632
FUN_0024b5c8,0x0024B5C8,0x0024B694,204
FUN_0024b698,0x0024B698,0x0024B774,220
FUN_0024b778,0x0024B778,0x0024B838,192
FUN_0024b838,0x0024B838,0x0024B92C,236
FUN_0024b930,0x0024B930,0x0024BB44,508
FUN_0024bb48,0x0024BB48,0x0024BC40,248
FUN_0024bc40,0x0024BC40,0x0024BD20,224
FUN_0024bd20,0x0024BD20,0x0024BE64,324
FUN_0024be68,0x0024BE68,0x0024BEB8,80
FUN_0024beb8,0x0024BEB8,0x0024BFE4,296
FUN_0024bfe8,0x0024BFE8,0x0024C104,284
FUN_0024c108,0x0024C108,0x0024C13C,52
FUN_0024c140,0x0024C140,0x0024C164,36
FUN_0024c308,0x0024C308,0x0024C3FC,244
FUN_0024c400,0x0024C400,0x0024C45C,92
FUN_0024c460,0x0024C460,0x0024C568,256
FUN_0024c568,0x0024C568,0x0024C5B8,80
FUN_0024c5b8,0x0024C5B8,0x0024C608,76
FUN_0024c608,0x0024C608,0x0024C6E8,220
FUN_0024c6e8,0x0024C6E8,0x0024C860,316
FUN_0024c860,0x0024C860,0x0024C878,24
FUN_0024c878,0x0024C878,0x0024C968,240
FUN_0024c968,0x0024C968,0x0024C9E0,120
FUN_0024c9e0,0x0024C9E0,0x0024CC8C,676
FUN_0024cc90,0x0024CC90,0x0024CF98,768
FUN_0024cf98,0x0024CF98,0x0024D01C,132
FUN_0024d020,0x0024D020,0x0024D138,280
FUN_0024d138,0x0024D138,0x0024D1DC,164
FUN_0024d1e0,0x0024D1E0,0x0024D2C8,232
FUN_0024d2c8,0x0024D2C8,0x0024D370,148
FUN_0024d370,0x0024D370,0x0024D4E4,368
FUN_0024d4e8,0x0024D4E8,0x0024D510,40
FUN_0024d530,0x0024D530,0x0024D68C,344
FUN_0024d690,0x0024D690,0x0024D6B0,32
FUN_0024d6b0,0x0024D6B0,0x0024D708,88
FUN_0024d708,0x0024D708,0x0024D864,340
FUN_0024d868,0x0024D868,0x0024DA60,500
FUN_0024da60,0x0024DA60,0x0024DB24,192
FUN_0024db28,0x0024DB28,0x0024DBC8,160
FUN_0024dbc8,0x0024DBC8,0x0024DBE4,28
FUN_0024dbe8,0x0024DBE8,0x0024DC3C,84
FUN_0024dc80,0x0024DC80,0x0024DE0C,396
FUN_0024de10,0x0024DE10,0x0024DE24,20
FUN_0024de48,0x0024DE48,0x0024DE64,28
FUN_0024df28,0x0024DF28,0x0024E130,516
FUN_0024e130,0x0024E130,0x0024E180,80
FUN_0024e180,0x0024E180,0x0024E24C,200
FUN_0024e250,0x0024E250,0x0024E258,8
FUN_0024e258,0x0024E258,0x0024E2C8,112
FUN_0024e2c8,0x0024E2C8,0x0024E3C0,248
FUN_0024e3c0,0x0024E3C0,0x0024E3F0,48
FUN_0024e3f0,0x0024E3F0,0x0024E48C,152
FUN_0024e490,0x0024E490,0x0024E534,160
FUN_0024e538,0x0024E538,0x0024E580,72
FUN_0024e580,0x0024E580,0x0024E5C8,72
FUN_0024e5c8,0x0024E5C8,0x0024E5D8,16
FUN_0024e5d8,0x0024E5D8,0x0024E5E4,12
FUN_0024e5e8,0x0024E5E8,0x0024E5F4,12
FUN_0024e5f8,0x0024E5F8,0x0024E694,156
FUN_0024e698,0x0024E698,0x0024E720,132
FUN_0024e720,0x0024E720,0x0024E730,16
FUN_0024e730,0x0024E730,0x0024E744,20
FUN_0024e748,0x0024E748,0x0024E75C,20
FUN_0024e760,0x0024E760,0x0024E788,40
FUN_0024e788,0x0024E788,0x0024E7B0,40
FUN_0024e7b0,0x0024E7B0,0x0024E894,228
FUN_0024e898,0x0024E898,0x0024E8F8,92
FUN_0024e8f8,0x0024E8F8,0x0024E970,116
FUN_0024e970,0x0024E970,0x0024EA38,200
FUN_0024ea38,0x0024EA38,0x0024EA8C,80
FUN_0024ea90,0x0024EA90,0x0024EB28,152
FUN_0024eb28,0x0024EB28,0x0024EC24,244
FUN_0024ec28,0x0024EC28,0x0024EC44,28
FUN_0024ec48,0x0024EC48,0x0024EC94,76
FUN_0024ec98,0x0024EC98,0x0024ECFC,100
FUN_0024ed00,0x0024ED00,0x0024ED64,100
FUN_0024ed68,0x0024ED68,0x0024ED8C,36
FUN_0024ed90,0x0024ED90,0x0024EE08,120
FUN_0024ee08,0x0024EE08,0x0024EF44,316
FUN_0024ef48,0x0024EF48,0x0024F034,232
FUN_0024f038,0x0024F038,0x0024F088,80
FUN_0024f088,0x0024F088,0x0024F108,124
FUN_0024f108,0x0024F108,0x0024F304,504
FUN_0024f308,0x0024F308,0x0024F408,256
FUN_0024f408,0x0024F408,0x0024F71C,784
FUN_0024f720,0x0024F720,0x0024F778,88
FUN_0024f778,0x0024F778,0x0024F7C4,76
FUN_0024f7c8,0x0024F7C8,0x0024F7D4,12
FUN_0024f7d8,0x0024F7D8,0x0024F7E8,16
FUN_0024f7e8,0x0024F7E8,0x0024F82C,68
FUN_0024f898,0x0024F898,0x0024FAAC,532
FUN_0024fab0,0x0024FAB0,0x0024FABC,12
FUN_0024fac0,0x0024FAC0,0x0024FB24,100
FUN_0024fb28,0x0024FB28,0x0024FBC8,160
FUN_0024fbc8,0x0024FBC8,0x0024FC6C,164
FUN_0024fc70,0x0024FC70,0x0024FC94,36
FUN_0024fc98,0x0024FC98,0x0024FCBC,36
FUN_0024fcc0,0x0024FCC0,0x002A5A08,140
FUN_0024fd48,0x0024FD48,0x0024FD70,40
FUN_0024fd70,0x0024FD70,0x0024FD98,40
FUN_0024fd98,0x0024FD98,0x0024FE08,108
FUN_0024fe08,0x0024FE08,0x0024FE64,88
FUN_0024fe68,0x0024FE68,0x0024FEC0,88
FUN_0024fec0,0x0024FEC0,0x0024FFEC,192
FUN_0024fff0,0x0024FFF0,0x00250138,300
FUN_00250138,0x00250138,0x00250144,12
FUN_00250148,0x00250148,0x0025035C,520
FUN_00250360,0x00250360,0x00250378,24
FUN_00250378,0x00250378,0x002503D0,84
FUN_002503e8,0x002503E8,0x00250434,72
FUN_00250438,0x00250438,0x002504C4,136
FUN_002504c8,0x002504C8,0x00250554,140
FUN_00250558,0x00250558,0x002505BC,100
FUN_002505c0,0x002505C0,0x002505E8,40
FUN_002505e8,0x002505E8,0x00250630,72
FUN_00250630,0x00250630,0x00250640,16
FUN_00250640,0x00250640,0x002506B0,112
FUN_002506b0,0x002506B0,0x0025071C,104
FUN_00250720,0x00250720,0x0025078C,104
FUN_00250790,0x00250790,0x002507B4,36
FUN_002507b8,0x002507B8,0x002507FC,64
FUN_00250800,0x00250800,0x00250814,20
FUN_00250820,0x00250820,0x00250844,36
FUN_00250848,0x00250848,0x002508AC,100
FUN_002508b0,0x002508B0,0x00250904,84
FUN_00250908,0x00250908,0x0025095C,84
FUN_00250960,0x00250960,0x00250A74,276
FUN_00250a78,0x00250A78,0x00250AA0,40
FUN_00250aa0,0x00250AA0,0x00250AB8,24
FUN_00250ab8,0x00250AB8,0x00250AE8,48
FUN_00250ae8,0x00250AE8,0x00250BA8,188
FUN_00250ba8,0x00250BA8,0x00250C58,176
FUN_00250c58,0x00250C58,0x00250C88,48
FUN_00250c88,0x00250C88,0x00250D30,168
FUN_00250d30,0x00250D30,0x00250DB8,136
FUN_00250db8,0x00250DB8,0x00250E7C,196
FUN_00250e80,0x00250E80,0x00250F20,156
FUN_00250f20,0x00250F20,0x00250F90,108
FUN_00250f90,0x00250F90,0x00250F98,8
FUN_00250f98,0x00250F98,0x00250FFC,100
FUN_00251000,0x00251000,0x002510AC,172
FUN_002510b0,0x002510B0,0x0025122C,376
FUN_00251230,0x00251230,0x00251310,224
FUN_00251310,0x00251310,0x002513AC,152
FUN_002513b0,0x002513B0,0x00251468,184
FUN_00251468,0x00251468,0x002514E8,128
FUN_002514e8,0x002514E8,0x00251554,108
FUN_00251558,0x00251558,0x002515C4,108
FUN_002515c8,0x002515C8,0x00251690,196
FUN_00251690,0x00251690,0x002516E8,88
FUN_002516e8,0x002516E8,0x00251778,140
FUN_00251778,0x00251778,0x002517AC,52
FUN_002517b0,0x002517B0,0x0025186C,188
FUN_00251870,0x00251870,0x00251908,148
FUN_00251908,0x00251908,0x0025196C,92
FUN_00251970,0x00251970,0x002519B0,64
FUN_002519b0,0x002519B0,0x00251BD4,544
FUN_00251bd8,0x00251BD8,0x00251C3C,100
FUN_00251c40,0x00251C40,0x00251CB4,116
FUN_00251cb8,0x00251CB8,0x00251CC8,16
FUN_00251cc8,0x00251CC8,0x00251D28,96
FUN_00251d28,0x00251D28,0x00251D8C,100
FUN_00251d90,0x00251D90,0x00251DF4,100
FUN_00251df8,0x00251DF8,0x00251E10,24
FUN_00251e10,0x00251E10,0x00251EB0,156
FUN_00251eb0,0x00251EB0,0x00251ED4,36
FUN_00251ed8,0x00251ED8,0x00251F58,124
FUN_00251f58,0x00251F58,0x00251F68,16
FUN_00251f68,0x00251F68,0x00251F90,40
FUN_00251f90,0x00251F90,0x00251FE8,88
FUN_00251fe8,0x00251FE8,0x0025204C,100
FUN_00252050,0x00252050,0x0025205C,12
FUN_00252060,0x00252060,0x0025206C,12
FUN_00252070,0x00252070,0x002520CC,92
FUN_002520d0,0x002520D0,0x0025249C,968
FUN_002524a0,0x002524A0,0x0025250C,104
FUN_00252510,0x00252510,0x0025258C,120
FUN_00252590,0x00252590,0x00252620,144
FUN_00252620,0x00252620,0x00252640,32
FUN_00252640,0x00252640,0x002526F8,180
FUN_002526f8,0x002526F8,0x00252768,108
FUN_00252768,0x00252768,0x002527C4,92
FUN_002527c8,0x002527C8,0x002527E0,24
FUN_002527e0,0x002527E0,0x00252868,136
FUN_00252868,0x00252868,0x002528E4,124
FUN_002528e8,0x002528E8,0x00252974,140
FUN_00252978,0x00252978,0x00252A0C,148
FUN_00252a10,0x00252A10,0x00252A84,116
FUN_00252a88,0x00252A88,0x00252B20,152
FUN_00252b20,0x00252B20,0x00252BE8,196
FUN_00252be8,0x00252BE8,0x00252C28,64
FUN_00252c28,0x00252C28,0x00252C48,32
FUN_00252c48,0x00252C48,0x00252C90,72
FUN_00252c90,0x00252C90,0x00252D00,112
FUN_00252d00,0x00252D00,0x00252DB4,180
FUN_00252db8,0x00252DB8,0x00252E10,88
FUN_00252e10,0x00252E10,0x00252E6C,92
FUN_00252e70,0x00252E70,0x00252ECC,88
FUN_00252f40,0x00252F40,0x00252F54,20
FUN_00252f58,0x00252F58,0x00252F84,44
FUN_00252f88,0x00252F88,0x00252FCC,68
FUN_00252fd0,0x00252FD0,0x00253134,348
FUN_00253138,0x00253138,0x002531B8,124
FUN_002531b8,0x002531B8,0x00253238,124
FUN_00253238,0x00253238,0x00253258,32
FUN_00253258,0x00253258,0x002532C4,104
FUN_002532c8,0x002532C8,0x00253334,108
FUN_00253338,0x00253338,0x002533D8,156
FUN_002533d8,0x002533D8,0x00253430,84
FUN_00253430,0x00253430,0x002534D8,164
FUN_002534d8,0x002534D8,0x00253570,144
FUN_00253570,0x00253570,0x00253668,248
FUN_00253668,0x00253668,0x002536D8,112
FUN_002536d8,0x002536D8,0x0025375C,128
FUN_00253760,0x00253760,0x002537D0,112
FUN_002537d0,0x002537D0,0x00253830,96
FUN_00253830,0x00253830,0x00253920,240
FUN_00253920,0x00253920,0x00253968,72
FUN_00253968,0x00253968,0x002539EC,132
FUN_002539f0,0x002539F0,0x00253A04,20
FUN_00253a08,0x00253A08,0x00253A48,64
FUN_00253a48,0x00253A48,0x00253AFC,180
FUN_00253b00,0x00253B00,0x00253B70,112
FUN_00253b70,0x00253B70,0x00253BBC,76
FUN_00253bc0,0x00253BC0,0x00253C0C,76
FUN_00253c10,0x00253C10,0x00253C98,136
FUN_00253c98,0x00253C98,0x00253D34,152
FUN_00253d38,0x00253D38,0x00253D48,16
FUN_00253d48,0x00253D48,0x00253E1C,212
FUN_00253e20,0x00253E20,0x00253EB8,152
FUN_00253eb8,0x00253EB8,0x00253FC0,264
FUN_00253fc0,0x00253FC0,0x0025403C,120
FUN_00254040,0x00254040,0x00254070,44
FUN_00254070,0x00254070,0x00254104,140
FUN_00254108,0x00254108,0x00254118,16
FUN_00254118,0x00254118,0x00254120,8
FUN_00254120,0x00254120,0x0025433C,540
FUN_00254340,0x00254340,0x00254384,68
FUN_00254388,0x00254388,0x002543B0,40
FUN_002543b0,0x002543B0,0x0025444C,148
FUN_00254450,0x00254450,0x0025448C,60
FUN_00254490,0x00254490,0x002544FC,108
FUN_00254500,0x00254500,0x00254550,76
FUN_00254550,0x00254550,0x002545BC,108
FUN_002545c0,0x002545C0,0x002545F4,52
FUN_002545f8,0x002545F8,0x0025461C,36
FUN_00254620,0x00254620,0x00254668,72
FUN_00254668,0x00254668,0x002546FC,144
FUN_00254700,0x00254700,0x0025473C,60
FUN_00254740,0x00254740,0x002547C0,128
FUN_002547c0,0x002547C0,0x00254820,96
FUN_00254820,0x00254820,0x00254898,112
FUN_00254898,0x00254898,0x002548A4,12
FUN_002548a8,0x002548A8,0x0025491C,112
FUN_00254920,0x00254920,0x002549CC,168
FUN_002549d0,0x002549D0,0x00254A44,112
FUN_00254a48,0x00254A48,0x00254A5C,20
FUN_00254a60,0x00254A60,0x00254A7C,28
FUN_00254a80,0x00254A80,0x00254AF4,112
FUN_00254af8,0x00254AF8,0x00254B8C,148
FUN_00254b90,0x00254B90,0x00254BD8,72
FUN_00254bd8,0x00254BD8,0x00254C34,92
FUN_00254c38,0x00254C38,0x00254C58,32
FUN_00254c58,0x00254C58,0x00254D50,244
FUN_00254d50,0x00254D50,0x00254DA0,80
FUN_00254da0,0x00254DA0,0x00254DFC,92
FUN_00254e00,0x00254E00,0x00254E58,88
FUN_00254e58,0x00254E58,0x00254E6C,20
FUN_00254e70,0x00254E70,0x00254EF4,128
FUN_00254ef8,0x00254EF8,0x00254FE8,236
FUN_00254fe8,0x00254FE8,0x00255070,136
FUN_00255070,0x00255070,0x002550D8,104
FUN_002550d8,0x002550D8,0x00255154,124
FUN_00255158,0x00255158,0x00255168,16
FUN_00255168,0x00255168,0x00255208,156
FUN_00255208,0x00255208,0x00255210,8
FUN_00255298,0x00255298,0x002552D0,56
FUN_002552d0,0x002552D0,0x00255308,56
FUN_00255308,0x00255308,0x00255340,56
FUN_00255520,0x00255520,0x00255580,96
FUN_00255580,0x00255580,0x002555E4,100
FUN_002555e8,0x002555E8,0x00255638,80
FUN_00255638,0x00255638,0x00255674,56
FUN_00255678,0x00255678,0x002556F0,120
FUN_002556f0,0x002556F0,0x0025577C,140
FUN_00255780,0x00255780,0x002557B4,48
FUN_002557b8,0x002557B8,0x002557EC,52
FUN_002557f0,0x002557F0,0x00255874,132
FUN_00255878,0x00255878,0x0025593C,192
FUN_00255940,0x00255940,0x00255A8C,280
FUN_00255a90,0x00255A90,0x00255B04,108
FUN_00255b08,0x00255B08,0x00255BF4,224
FUN_00255bf8,0x00255BF8,0x00255C90,152
FUN_00255c90,0x00255C90,0x00255C98,8
FUN_00255c98,0x00255C98,0x00255CA0,8
FUN_00255ca0,0x00255CA0,0x00255CBC,28
FUN_00255cc0,0x00255CC0,0x00255CFC,60
FUN_00255d00,0x00255D00,0x00255D98,152
FUN_00255d98,0x00255D98,0x00255DB0,24
FUN_00255db0,0x00255DB0,0x00255E30,128
FUN_00255e30,0x00255E30,0x00255EE8,180
FUN_00255ee8,0x00255EE8,0x00255F30,72
FUN_00255f30,0x00255F30,0x00256050,284
FUN_00256050,0x00256050,0x0025613C,232
FUN_00256140,0x00256140,0x002561DC,156
FUN_002561e0,0x002561E0,0x0025627C,156
FUN_00256280,0x00256280,0x0025629C,28
FUN_002562a0,0x002562A0,0x002562BC,28
FUN_002562c0,0x002562C0,0x002562DC,28
FUN_002562e0,0x002562E0,0x002562FC,28
FUN_00256300,0x00256300,0x0025631C,28
FUN_00256320,0x00256320,0x0025635C,60
FUN_00256360,0x00256360,0x00256394,52
FUN_00256398,0x00256398,0x00256430,152
FUN_00256430,0x00256430,0x00256480,80
FUN_00256480,0x00256480,0x00256498,24
FUN_00256498,0x00256498,0x002564B0,24
FUN_002564b0,0x002564B0,0x002564C8,24
FUN_002564c8,0x002564C8,0x002564E0,24
FUN_002564e0,0x002564E0,0x002564FC,28
FUN_00256500,0x00256500,0x002565DC,220
FUN_002565e0,0x002565E0,0x00256620,64
FUN_00256620,0x00256620,0x00256628,8
FUN_00256628,0x00256628,0x0025663C,20
FUN_00256640,0x00256640,0x00256654,20
FUN_00256658,0x00256658,0x0025666C,20
FUN_00256670,0x00256670,0x00256684,20
FUN_00256688,0x00256688,0x00256698,16
FUN_002566a0,0x002566A0,0x002566A8,8
FUN_002566a8,0x002566A8,0x00256700,88
FUN_00256700,0x00256700,0x00256B68,1104
FUN_00256b68,0x00256B68,0x00256BC8,96
FUN_00256bc8,0x00256BC8,0x00256C24,92
FUN_00256c28,0x00256C28,0x00256C74,76
FUN_00256c90,0x00256C90,0x00256DEC,344
FUN_00256df0,0x00256DF0,0x00256FC8,472
FUN_00256fc8,0x00256FC8,0x002570EC,288
FUN_002570f0,0x002570F0,0x00257200,268
FUN_00257210,0x00257210,0x00257254,68
FUN_00257258,0x00257258,0x002572D4,120
FUN_002572d8,0x002572D8,0x002572E0,8
FUN_002572e0,0x002572E0,0x0025735C,120
FUN_00257360,0x00257360,0x00257368,8
FUN_00257368,0x00257368,0x00257370,8
FUN_00257370,0x00257370,0x002573A0,48
FUN_002573a0,0x002573A0,0x00257418,120
FUN_00257418,0x00257418,0x0025743C,36
FUN_00257440,0x00257440,0x00257454,20
FUN_00257480,0x00257480,0x0025749C,28
FUN_00257518,0x00257518,0x00257570,88
FUN_00257570,0x00257570,0x002575EC,120
FUN_002575f0,0x002575F0,0x00257634,68
FUN_00257638,0x00257638,0x002576B4,120
FUN_002576b8,0x002576B8,0x002576C0,8
FUN_002576c0,0x002576C0,0x002576C8,8
FUN_002576f8,0x002576F8,0x00257714,28
FUN_002577b0,0x002577B0,0x002577CC,28
FUN_002577d8,0x002577D8,0x002577E4,12
FUN_002577f8,0x002577F8,0x00257888,144
FUN_00257888,0x00257888,0x002578CC,64
FUN_002578d0,0x002578D0,0x00257998,200
FUN_00257998,0x00257998,0x002579C8,48
FUN_002579c8,0x002579C8,0x002579D8,16
FUN_002579d8,0x002579D8,0x002579E8,16
FUN_002579e8,0x002579E8,0x002579FC,20
FUN_00257a00,0x00257A00,0x00257A14,20
FUN_00257a18,0x00257A18,0x00257A68,80
FUN_00257a68,0x00257A68,0x00257A74,12
FUN_00257a78,0x00257A78,0x00257ABC,68
FUN_00257ac0,0x00257AC0,0x00257AE8,40
FUN_00257ae8,0x00257AE8,0x00257BD8,232
FUN_00257bd8,0x00257BD8,0x00257C44,104
FUN_00257c48,0x00257C48,0x00257D18,204
FUN_00257d18,0x00257D18,0x00257D60,68
FUN_00257d60,0x00257D60,0x00257DD0,112
FUN_00257dd0,0x00257DD0,0x00257E40,112
FUN_00257e40,0x00257E40,0x00257ED4,148
FUN_00257ed8,0x00257ED8,0x00257FA4,204
FUN_00257fa8,0x00257FA8,0x0025807C,212
FUN_00258080,0x00258080,0x002580CC,76
FUN_002580d0,0x002580D0,0x00258120,80
FUN_00258120,0x00258120,0x0025816C,76
FUN_00258170,0x00258170,0x002581BC,76
FUN_002581c0,0x002581C0,0x00258220,96
FUN_00258220,0x00258220,0x002582A8,136
FUN_002582a8,0x002582A8,0x002582F4,76
FUN_002582f8,0x002582F8,0x00258344,76
FUN_00258348,0x00258348,0x00258394,76
FUN_00258398,0x00258398,0x002583E4,76
FUN_002583e8,0x002583E8,0x00258450,104
FUN_00258450,0x00258450,0x0025849C,76
FUN_002584a0,0x002584A0,0x002584EC,76
FUN_002584f0,0x002584F0,0x0025853C,76
FUN_002585b0,0x002585B0,0x00258624,116
FUN_00258628,0x00258628,0x0025869C,116
FUN_002586a0,0x002586A0,0x002586F4,80
FUN_002586f8,0x002586F8,0x00258768,112
FUN_00258768,0x00258768,0x002587E8,128
FUN_002587e8,0x002587E8,0x00258854,108
FUN_00258858,0x00258858,0x002588C4,108
FUN_002588c8,0x002588C8,0x00258938,112
FUN_00258938,0x00258938,0x002589AC,116
FUN_002589b0,0x002589B0,0x00258A60,176
FUN_00258a60,0x00258A60,0x00258AD0,112
FUN_00258ad0,0x00258AD0,0x00258B40,112
FUN_00258b40,0x00258B40,0x00258BB0,112
FUN_00258bb0,0x00258BB0,0x00258C20,112
FUN_00258c20,0x00258C20,0x00258C94,116
FUN_00258c98,0x00258C98,0x00258D04,108
FUN_00258d08,0x00258D08,0x00258D8C,132
FUN_00258d90,0x00258D90,0x00258E14,132
FUN_00258e18,0x00258E18,0x00258EA4,140
FUN_00258ea8,0x00258EA8,0x00258F18,112
FUN_00258f18,0x00258F18,0x00258F58,64
FUN_00258f58,0x00258F58,0x00258F98,64
FUN_00258f98,0x00258F98,0x00258FDC,68
FUN_00258fe0,0x00258FE0,0x0025906C,136
FUN_00259070,0x00259070,0x002590FC,136
FUN_00259100,0x00259100,0x00259148,72
FUN_00259148,0x00259148,0x00259368,528
FUN_00259368,0x00259368,0x00259430,196
FUN_00259430,0x00259430,0x002594F4,196
FUN_002594f8,0x002594F8,0x0025954C,80
FUN_00259550,0x00259550,0x00259558,8
FUN_00259558,0x00259558,0x002595B0,88
FUN_002595b0,0x002595B0,0x00259600,80
FUN_00259600,0x00259600,0x0025963C,60
FUN_00259640,0x00259640,0x00259668,40
FUN_00259668,0x00259668,0x002596A4,60
FUN_002596a8,0x002596A8,0x002596D0,40
FUN_002596d0,0x002596D0,0x002596F8,40
FUN_00259700,0x00259700,0x0025971C,28
FUN_00259720,0x00259720,0x00259740,32
FUN_00259740,0x00259740,0x00259754,20
FUN_00259778,0x00259778,0x00259798,32
FUN_002597e8,0x002597E8,0x002598C0,216
FUN_002598c0,0x002598C0,0x0025990C,76
FUN_00259910,0x00259910,0x00259A9C,400
FUN_00259aa0,0x00259AA0,0x00259B1C,92
FUN_00259b20,0x00259B20,0x00259B40,32
FUN_00259b40,0x00259B40,0x00259C0C,204
FUN_00259c10,0x00259C10,0x00259C30,32
FUN_00259c30,0x00259C30,0x00259C50,32
FUN_00259c50,0x00259C50,0x00259C70,32
FUN_00259c70,0x00259C70,0x00259C88,24
FUN_00259c88,0x00259C88,0x00259CA0,24
FUN_00259ca0,0x00259CA0,0x00259D14,116
FUN_00259d18,0x00259D18,0x00259D8C,116
FUN_00259d90,0x00259D90,0x00259E70,220
FUN_00259e70,0x00259E70,0x00259E78,8
FUN_00259e78,0x00259E78,0x00259EE8,112
FUN_00259ee8,0x00259EE8,0x00259EF4,12
FUN_00259ef8,0x00259EF8,0x00259F44,84
FUN_00259f48,0x00259F48,0x00259FA0,88
FUN_00259fa0,0x00259FA0,0x00259FB4,20
FUN_00259fb8,0x00259FB8,0x0025A0CC,272
FUN_0025a0d0,0x0025A0D0,0x0025A120,80
FUN_0025a120,0x0025A120,0x0025A1C8,168
FUN_0025a1c8,0x0025A1C8,0x0025A1D4,12
FUN_0025a1d8,0x0025A1D8,0x0025A228,80
FUN_0025a228,0x0025A228,0x0025A268,64
FUN_0025a268,0x0025A268,0x0025A274,12
FUN_0025a2e0,0x0025A2E0,0x0025A2E8,8
FUN_0025a2e8,0x0025A2E8,0x0025A2F4,12
FUN_0025a2f8,0x0025A2F8,0x0025A30C,20
FUN_0025a318,0x0025A318,0x0025A364,76
FUN_0025a368,0x0025A368,0x0025A378,16
FUN_0025a378,0x0025A378,0x0025A380,8
FUN_0025a388,0x0025A388,0x0025A420,152
FUN_0025a420,0x0025A420,0x0025A450,48
FUN_0025a470,0x0025A470,0x0025A488,24
FUN_0025a488,0x0025A488,0x0025A4A0,24
FUN_0025a4a0,0x0025A4A0,0x0025A4BC,28
FUN_0025a4c0,0x0025A4C0,0x0025A4D8,24
FUN_0025a4d8,0x0025A4D8,0x0025A4F0,24
FUN_0025a4f0,0x0025A4F0,0x0025A52C,60
FUN_0025a550,0x0025A550,0x0025A558,8
FUN_0025a638,0x0025A638,0x0025A6BC,132
FUN_0025a6c0,0x0025A6C0,0x0025A6C8,8
FUN_0025a6e8,0x0025A6E8,0x0025A73C,84
FUN_0025a770,0x0025A770,0x0025A784,20
FUN_0025a788,0x0025A788,0x0025A79C,20
FUN_0025a7a0,0x0025A7A0,0x0025A7B0,16
FUN_0025a7c0,0x0025A7C0,0x0025A7E0,32
FUN_0025a7e0,0x0025A7E0,0x0025A800,32
FUN_0025a800,0x0025A800,0x0025A820,32
FUN_0025a820,0x0025A820,0x0025A840,32
FUN_0025a840,0x0025A840,0x0025A860,32
FUN_0025a860,0x0025A860,0x0025A880,32
FUN_0025a880,0x0025A880,0x0025A8A0,32
FUN_0025a8a0,0x0025A8A0,0x0025A8C0,32
FUN_0025a8c0,0x0025A8C0,0x0025A8E0,32
FUN_0025a8e0,0x0025A8E0,0x0025A900,32
FUN_0025a900,0x0025A900,0x0025A958,84
FUN_0025a958,0x0025A958,0x0025A960,8
FUN_0025a960,0x0025A960,0x0025A9B8,88
FUN_0025a9b8,0x0025A9B8,0x0025AA08,80
FUN_0025aa08,0x0025AA08,0x0025AA20,24
FUN_0025aa20,0x0025AA20,0x0025AA48,40
FUN_0025aa48,0x0025AA48,0x0025AA70,40
FUN_0025aa70,0x0025AA70,0x0025AB58,232
FUN_0025ab88,0x0025AB88,0x0025AC9C,276
FUN_0025aca0,0x0025ACA0,0x0025AD20,124
FUN_0025ad20,0x0025AD20,0x0025AE74,308
FUN_0025ae78,0x0025AE78,0x0025AEC4,76
FUN_0025aec8,0x0025AEC8,0x0025AFBC,240
FUN_0025afc0,0x0025AFC0,0x0025B050,140
FUN_0025b050,0x0025B050,0x0025B194,320
FUN_0025b198,0x0025B198,0x0025B1FC,100
FUN_0025b200,0x0025B200,0x0025B230,48
FUN_0025b230,0x0025B230,0x0025B244,20
FUN_0025b248,0x0025B248,0x0025B274,44
FUN_0025b278,0x0025B278,0x0025B284,12
FUN_0025b288,0x0025B288,0x0025B294,12
FUN_0025b298,0x0025B298,0x0025B2E8,80
FUN_0025b2e8,0x0025B2E8,0x0025B338,80
FUN_0025b338,0x0025B338,0x0025B388,80
FUN_0025b388,0x0025B388,0x0025B4B8,292
FUN_0025b4b8,0x0025B4B8,0x0025B644,392
FUN_0025b648,0x0025B648,0x0025B758,272
FUN_0025b758,0x0025B758,0x0025B7B8,96
FUN_0025b7b8,0x0025B7B8,0x0025B7C4,12
FUN_0025b7d8,0x0025B7D8,0x0025B824,76
FUN_0025b828,0x0025B828,0x0025B834,12
FUN_0025b838,0x0025B838,0x0025B858,32
FUN_0025b858,0x0025B858,0x0025B8E8,144
FUN_0025b8e8,0x0025B8E8,0x0025B9C8,224
FUN_0025b9c8,0x0025B9C8,0x0025BA0C,68
FUN_0025ba10,0x0025BA10,0x0025BA50,60
FUN_0025ba50,0x0025BA50,0x0025BA90,60
FUN_0025ba90,0x0025BA90,0x0025BAF0,96
FUN_0025baf0,0x0025BAF0,0x0025BB80,144
FUN_0025bb80,0x0025BB80,0x0025BBE8,104
FUN_0025bbe8,0x0025BBE8,0x0025BC64,116
FUN_0025bc68,0x0025BC68,0x0025BCE4,116
FUN_0025bce8,0x0025BCE8,0x0025BD64,116
FUN_0025bd68,0x0025BD68,0x0025BDE4,116
FUN_0025bde8,0x0025BDE8,0x0025BE44,88
FUN_0025be48,0x0025BE48,0x0025BE5C,20
FUN_0025be60,0x0025BE60,0x0025BF28,200
FUN_0025bf28,0x0025BF28,0x0025BF34,12
FUN_0025bf38,0x0025BF38,0x0025C08C,336
FUN_0025c090,0x0025C090,0x0025C100,112
FUN_0025c100,0x0025C100,0x0025C224,288
FUN_0025c228,0x0025C228,0x0025C254,44
FUN_0025c258,0x0025C258,0x0025C26C,20
FUN_0025c270,0x0025C270,0x0025C27C,12
FUN_0025c2f8,0x0025C2F8,0x0025C31C,36
FUN_0025c3d0,0x0025C3D0,0x0025C3DC,12
FUN_0025c440,0x0025C440,0x0025C45C,28
FUN_0025c630,0x0025C630,0x0025C680,80
FUN_0025c6f0,0x0025C6F0,0x0025C700,16
FUN_0025c850,0x0025C850,0x0025C8A8,88
FUN_0025c8c0,0x0025C8C0,0x0025C8D4,20
FUN_0025d560,0x0025D560,0x0025D570,16
FUN_0025d970,0x0025D970,0x0025D980,16
FUN_0025db10,0x0025DB10,0x0025DB24,20
FUN_0025dd80,0x0025DD80,0x0025DD90,16
FUN_0025e100,0x0025E100,0x0025E10C,12
FUN_0025e2b0,0x0025E2B0,0x0025E2C4,20
FUN_0025e950,0x0025E950,0x0025E9A8,88
FUN_0025e9c0,0x0025E9C0,0x0025E9D4,20
FUN_0025eb70,0x0025EB70,0x0025EB80,16
FUN_0025ef40,0x0025EF40,0x0025F08C,332
FUN_0025f0a0,0x0025F0A0,0x0025F0B8,24
FUN_0025f580,0x0025F580,0x0025F68C,88
FUN_0025f6a0,0x0025F6A0,0x0025F6AC,12
FUN_0025f6b0,0x0025F6B0,0x0025F798,224
FUN_0025f810,0x0025F810,0x0025F848,56
FUN_0025f850,0x0025F850,0x0025F888,56
FUN_0025f8b0,0x0025F8B0,0x0025F8E8,56
FUN_0025f910,0x0025F910,0x0025F948,56
FUN_0025f970,0x0025F970,0x0025F9A4,52
FUN_0025f9d0,0x0025F9D0,0x0025FA40,112
FUN_0025fa50,0x0025FA50,0x0025FAFC,172
FUN_0025fb10,0x0025FB10,0x0025FB34,36
FUN_0025fd00,0x0025FD00,0x0025FD90,144
FUN_0025fda0,0x0025FDA0,0x0025FDFC,92
FUN_0025fe10,0x0025FE10,0x0025FE64,84
FUN_0025fe70,0x0025FE70,0x0025FED4,100
FUN_0025fef0,0x0025FEF0,0x0025FEF8,8
FUN_0025ff00,0x0025FF00,0x0025FF08,8
FUN_0025ff10,0x0025FF10,0x0025FF48,56
FUN_002600c0,0x002600C0,0x0026011C,92
FUN_00260130,0x00260130,0x00260164,52
FUN_00260170,0x00260170,0x00260178,8
FUN_00260250,0x00260250,0x00260298,72
FUN_002602a0,0x002602A0,0x002602F4,84
FUN_00260300,0x00260300,0x00260354,84
FUN_00260360,0x00260360,0x002603B4,84
FUN_002603c0,0x002603C0,0x00260414,84
FUN_00260420,0x00260420,0x00260474,84
FUN_00260480,0x00260480,0x002604D4,84
FUN_002604e0,0x002604E0,0x00260534,84
FUN_00260540,0x00260540,0x00260554,20
FUN_00260630,0x00260630,0x00260690,96
FUN_00260690,0x00260690,0x002606D8,72
FUN_002606e0,0x002606E0,0x0026078C,172
FUN_002607a0,0x002607A0,0x0026082C,140
FUN_00260840,0x00260840,0x002608BC,124
FUN_002608d0,0x002608D0,0x00260A4C,372
FUN_00260a60,0x00260A60,0x00260AF0,144
FUN_00260b00,0x00260B00,0x00260B9C,156
FUN_00260bb0,0x00260BB0,0x00260BCC,28
FUN_00260cf0,0x00260CF0,0x00260D0C,28
FUN_00260dd0,0x00260DD0,0x00260DE0,16
FUN_00260ec0,0x00260EC0,0x00260EC8,8
FUN_00261000,0x00261000,0x0026102C,44
FUN_00261040,0x00261040,0x00261080,64
FUN_00261090,0x00261090,0x00261098,8
FUN_00263250,0x00263250,0x002632A4,84
FUN_00263520,0x00263520,0x00263574,84
FUN_00263730,0x00263730,0x00263784,84
FUN_00263850,0x00263850,0x002638A4,84
FUN_00263970,0x00263970,0x002639C4,84
FUN_00263a90,0x00263A90,0x00263AE4,84
FUN_00263c10,0x00263C10,0x00263C64,84
FUN_00263dc0,0x00263DC0,0x00263E14,84
FUN_002640c0,0x002640C0,0x00264114,84
FUN_00264900,0x00264900,0x00264908,8
FUN_002649f0,0x002649F0,0x00264A54,100
FUN_00264a60,0x00264A60,0x00264A6C,12
FUN_00264c70,0x00264C70,0x00264CD4,100
FUN_00264ce0,0x00264CE0,0x00264CEC,12
FUN_00264f70,0x00264F70,0x00264FD4,100
FUN_00265060,0x00265060,0x002650C4,100
FUN_00265110,0x00265110,0x00265174,100
FUN_002651c0,0x002651C0,0x00265224,100
FUN_00265270,0x00265270,0x002652D4,100
FUN_00265320,0x00265320,0x00265384,100
FUN_002653d0,0x002653D0,0x00265434,100
FUN_002654b0,0x002654B0,0x00265514,100
FUN_00265560,0x00265560,0x002655C4,100
FUN_00265610,0x00265610,0x00265674,100
FUN_002656c0,0x002656C0,0x00265724,100
FUN_002657a0,0x002657A0,0x00265804,100
FUN_00265850,0x00265850,0x002658B4,100
FUN_00265900,0x00265900,0x00265964,100
FUN_002659b0,0x002659B0,0x00265A14,100
FUN_00265a90,0x00265A90,0x00265AF4,100
FUN_00265b40,0x00265B40,0x00265BA4,100
FUN_00265bf0,0x00265BF0,0x00265C54,100
FUN_00265ca0,0x00265CA0,0x00265D04,100
FUN_00265d80,0x00265D80,0x00265DE4,100
FUN_00265e30,0x00265E30,0x00265E94,100
FUN_00265ee0,0x00265EE0,0x00265F44,100
FUN_00265f90,0x00265F90,0x00265FF4,100
FUN_00266040,0x00266040,0x002660A4,100
FUN_002660f0,0x002660F0,0x00266154,100
FUN_002661a0,0x002661A0,0x00266204,100
FUN_00266250,0x00266250,0x002662B4,100
FUN_00266300,0x00266300,0x00266364,100
FUN_00266370,0x00266370,0x002663E4,116
FUN_00266450,0x00266450,0x002664B4,100
FUN_00266b60,0x00266B60,0x00266BC4,100
FUN_00266c40,0x00266C40,0x00266C68,40
FUN_00266c70,0x00266C70,0x00266CC4,84
FUN_00266cd0,0x00266CD0,0x00267064,916
FUN_00267080,0x00267080,0x00267088,8
FUN_002670f0,0x002670F0,0x00267134,68
FUN_00267160,0x00267160,0x002671DC,124
FUN_002671f0,0x002671F0,0x0026723C,76
FUN_00267250,0x00267250,0x002672CC,124
FUN_002672e0,0x002672E0,0x002672E8,8
FUN_002672f0,0x002672F0,0x002672F8,8
FUN_00267310,0x00267310,0x00267364,84
FUN_002673e0,0x002673E0,0x0026746C,140
FUN_00267480,0x00267480,0x002674D4,84
FUN_00267500,0x00267500,0x00267554,84
FUN_00267560,0x00267560,0x00267574,20
FUN_002677c0,0x002677C0,0x002677CC,12
FUN_00267ab0,0x00267AB0,0x00267AC8,24
FUN_00267d60,0x00267D60,0x00267D70,16
FUN_00268090,0x00268090,0x00268108,120
FUN_00268110,0x00268110,0x00268168,88
FUN_00268180,0x00268180,0x0026818C,12
FUN_002685f0,0x002685F0,0x00268604,20
FUN_00269940,0x00269940,0x00269970,48
FUN_002699d0,0x002699D0,0x002699E4,20
FUN_0026b180,0x0026B180,0x0026B1C8,72
FUN_0026b1e0,0x0026B1E0,0x0026B234,84
FUN_0026b2c0,0x0026B2C0,0x0026B350,144
FUN_0026b570,0x0026B570,0x0026B590,32
FUN_0026b690,0x0026B690,0x0026B6B0,32
FUN_0026b860,0x0026B860,0x0026B944,228
FUN_0026b9c0,0x0026B9C0,0x0026B9D8,24
FUN_0026bb00,0x0026BB00,0x0026BBFC,252
FUN_0026bc00,0x0026BC00,0x0026BCA4,164
FUN_0026bcc0,0x0026BCC0,0x0026BD38,120
FUN_0026bda0,0x0026BDA0,0x0026BDB0,16
FUN_0026bdc0,0x0026BDC0,0x0026BDD0,16
FUN_0026bde0,0x0026BDE0,0x0026BDF0,16
FUN_0026be50,0x0026BE50,0x0026BE60,16
FUN_0026be80,0x0026BE80,0x0026BE90,16
FUN_0026be90,0x0026BE90,0x0026BEA0,16
FUN_0026bea0,0x0026BEA0,0x0026BEB0,16
FUN_0026bed0,0x0026BED0,0x0026BEE0,16
FUN_0026bee0,0x0026BEE0,0x0026BEF0,16
FUN_0026bef0,0x0026BEF0,0x0026BF00,16
FUN_0026bf00,0x0026BF00,0x0026BF10,16
FUN_0026bf10,0x0026BF10,0x0026BF20,16
FUN_0026bf40,0x0026BF40,0x0026BF50,16
FUN_0026bf50,0x0026BF50,0x0026BF60,16
FUN_0026bf60,0x0026BF60,0x0026BF70,16
FUN_0026bf70,0x0026BF70,0x0026BF80,16
FUN_0026bfa0,0x0026BFA0,0x0026BFB0,16
FUN_0026bfe0,0x0026BFE0,0x0026BFF0,16
FUN_0026c030,0x0026C030,0x0026C040,16
FUN_0026c050,0x0026C050,0x0026C060,16
FUN_0026c090,0x0026C090,0x0026C0A0,16
FUN_0026c0a0,0x0026C0A0,0x0026C0B0,16
FUN_0026c0b0,0x0026C0B0,0x0026C0C0,16
FUN_0026c0c0,0x0026C0C0,0x0026C0D0,16
FUN_0026c0d0,0x0026C0D0,0x0026C0E0,16
FUN_0026c0e0,0x0026C0E0,0x0026C0F0,16
FUN_0026c110,0x0026C110,0x0026C120,16
FUN_0026c120,0x0026C120,0x0026C130,16
FUN_0026c130,0x0026C130,0x0026C140,16
FUN_0026c180,0x0026C180,0x0026C190,16
FUN_0026c1a0,0x0026C1A0,0x0026C1B0,16
FUN_0026c1b0,0x0026C1B0,0x0026C1C0,16
FUN_0026c1c0,0x0026C1C0,0x0026C1D0,16
FUN_0026c1d0,0x0026C1D0,0x0026C1E0,16
FUN_0026c1e0,0x0026C1E0,0x0026C1F0,16
FUN_0026c1f0,0x0026C1F0,0x0026C200,16
FUN_0026c240,0x0026C240,0x0026C250,16
FUN_0026c250,0x0026C250,0x0026C260,16
FUN_0026c420,0x0026C420,0x0026C430,16
FUN_0026c470,0x0026C470,0x0026C480,16
FUN_0026c4e0,0x0026C4E0,0x0026C4F0,16
FUN_0026c510,0x0026C510,0x0026C520,16
FUN_0026c540,0x0026C540,0x0026C550,16
FUN_0026c560,0x0026C560,0x0026C570,16
FUN_0026c570,0x0026C570,0x0026C580,16
FUN_0026c590,0x0026C590,0x0026C5A0,16
FUN_0026c5a0,0x0026C5A0,0x0026C5B0,16
FUN_0026c5b0,0x0026C5B0,0x0026C5C0,16
FUN_0026c5c0,0x0026C5C0,0x0026C5D0,16
FUN_0026c5d0,0x0026C5D0,0x0026C5E0,16
FUN_0026c600,0x0026C600,0x0026C610,16
FUN_0026c610,0x0026C610,0x0026C620,16
FUN_0026c620,0x0026C620,0x0026C62C,12
FUN_0026c630,0x0026C630,0x0026C6C0,144
FUN_0026c6c0,0x0026C6C0,0x0026C764,164
FUN_0026c768,0x0026C768,0x0026C7E4,124
FUN_0026c7e8,0x0026C7E8,0x0026C85C,116
FUN_0026c860,0x0026C860,0x0026C888,40
FUN_0026c888,0x0026C888,0x0026C890,8
FUN_0026c898,0x0026C898,0x0026C8A0,8
FUN_0026c8a0,0x0026C8A0,0x0026C94C,128
FUN_0026c950,0x0026C950,0x0026C958,8
FUN_0026c958,0x0026C958,0x0026C96C,20
FUN_0026c970,0x0026C970,0x0026C978,8
FUN_0026c978,0x0026C978,0x0026C9A0,40
FUN_0026c9a0,0x0026C9A0,0x0026C9C8,40
FUN_0026c9c8,0x0026C9C8,0x0026C9F0,40
FUN_0026c9f0,0x0026C9F0,0x0026CA94,164
FUN_0026ca98,0x0026CA98,0x0026CB14,124
FUN_0026cb30,0x0026CB30,0x0026CBD4,164
FUN_0026cbd8,0x0026CBD8,0x0026CC54,124
FUN_0026cc70,0x0026CC70,0x0026CC80,16
FUN_0026cc80,0x0026CC80,0x0026CCE8,104
FUN_0026cce8,0x0026CCE8,0x0026CD50,104
FUN_0026cd50,0x0026CD50,0x0026CDB8,104
FUN_0026cdb8,0x0026CDB8,0x0026CE20,104
FUN_0026ce20,0x0026CE20,0x0026CE40,32
FUN_0026ce40,0x0026CE40,0x0026CE60,32
FUN_0026ce60,0x0026CE60,0x0026CE80,32
FUN_0026ce80,0x0026CE80,0x0026CEA0,32
FUN_0026cea0,0x0026CEA0,0x0026CF78,216
FUN_0026cf78,0x0026CF78,0x0026D064,236
FUN_0026d068,0x0026D068,0x0026D0FC,148
FUN_0026d100,0x0026D100,0x0026D17C,124
FUN_0026d180,0x0026D180,0x0026D218,152
FUN_0026d218,0x0026D218,0x0026D2E0,200
FUN_0026d2e0,0x0026D2E0,0x0026D458,164
FUN_0026d458,0x0026D458,0x0026D46C,20
FUN_0026d480,0x0026D480,0x0026D4C4,68
FUN_0026d4c8,0x0026D4C8,0x0026D4EC,36
FUN_0026d4f0,0x0026D4F0,0x0026D520,48
FUN_0026d520,0x0026D520,0x0026D544,36
FUN_0026d548,0x0026D548,0x0026D578,48
FUN_0026d578,0x0026D578,0x0026D59C,36
FUN_0026d5a0,0x0026D5A0,0x0026D5D4,52
FUN_0026d5d8,0x0026D5D8,0x0026D60C,52
FUN_0026d640,0x0026D640,0x0026D664,36
FUN_0026d668,0x0026D668,0x0026D68C,36
FUN_0026d690,0x0026D690,0x0026D6B4,36
FUN_0026d6e0,0x0026D6E0,0x0026D71C,60
FUN_0026d720,0x0026D720,0x0026D75C,60
FUN_0026d760,0x0026D760,0x0026D8F4,400
FUN_0026d8f8,0x0026D8F8,0x0026DA6C,372
FUN_0026da70,0x0026DA70,0x0026DB40,208
FUN_0026db40,0x0026DB40,0x0026DB5C,28
FUN_0026dc00,0x0026DC00,0x0026DC38,56
FUN_0026dc38,0x0026DC38,0x0026DCE8,176
FUN_0026dce8,0x0026DCE8,0x0026DD1C,52
FUN_0026dd20,0x0026DD20,0x0026DDB0,144
FUN_0026ddb0,0x0026DDB0,0x0026DF88,468
FUN_0026df88,0x0026DF88,0x0026EC9C,2984
FUN_0026ecf8,0x0026ECF8,0x0026ED20,40
FUN_0026ed20,0x0026ED20,0x0026ED48,40
FUN_0026ed48,0x0026ED48,0x0026ED94,76
FUN_0026ed98,0x0026ED98,0x0026EDD0,56
FUN_0026edd0,0x0026EDD0,0x0026EE18,72
FUN_0026ee18,0x0026EE18,0x0026EE88,112
FUN_0026ee88,0x0026EE88,0x0026EF08,128
FUN_0026ef08,0x0026EF08,0x0026EF88,128
FUN_0026efb8,0x0026EFB8,0x0026EFD0,24
FUN_0026f000,0x0026F000,0x0026F13C,316
FUN_0026f280,0x0026F280,0x0026F2B4,52
FUN_0026f2e8,0x0026F2E8,0x0026F360,120
FUN_0026f360,0x0026F360,0x0026F3AC,76
FUN_0026f3b0,0x0026F3B0,0x0026F4E4,308
FUN_0026f4e8,0x0026F4E8,0x0026F524,60
FUN_0026f528,0x0026F528,0x0026F564,60
FUN_0026f568,0x0026F568,0x0026F6B0,192
FUN_0026f6b0,0x0026F6B0,0x0026F75C,172
FUN_0026f760,0x0026F760,0x0026F8FC,412
FUN_0026f900,0x0026F900,0x0026F924,36
FUN_0026f928,0x0026F928,0x0026F9D0,168
FUN_0026f9d0,0x0026F9D0,0x0026F9EC,28
FUN_0026f9f0,0x0026F9F0,0x0026FA20,48
FUN_0026fa20,0x0026FA20,0x0026FA60,64
FUN_0026fa60,0x0026FA60,0x0026FB2C,204
FUN_0026fb30,0x0026FB30,0x0026FB70,64
FUN_0026fb70,0x0026FB70,0x0026FC40,208
FUN_0026fc40,0x0026FC40,0x0026FDA4,356
FUN_0026fda8,0x0026FDA8,0x0026FDF4,76
FUN_0026fdf8,0x0026FDF8,0x0026FE38,64
FUN_0026fe38,0x0026FE38,0x0026FF04,204
FUN_0026ff08,0x0026FF08,0x00270054,332
FUN_002700e8,0x002700E8,0x002702E8,512
FUN_002702e8,0x002702E8,0x00270324,60
FUN_00270328,0x00270328,0x002703BC,148
FUN_002703c0,0x002703C0,0x00270490,208
FUN_00270490,0x00270490,0x00270524,148
FUN_00270528,0x00270528,0x002705B8,144
FUN_002705b8,0x002705B8,0x00270610,88
FUN_00270610,0x00270610,0x002707D4,452
FUN_002707d8,0x002707D8,0x00270818,60
FUN_00270818,0x00270818,0x00270888,112
FUN_00270888,0x00270888,0x00270904,124
FUN_00270908,0x00270908,0x00270990,136
FUN_00270990,0x00270990,0x00270A7C,204
FUN_00270a80,0x00270A80,0x00270AEC,108
FUN_00270af0,0x00270AF0,0x00270EA4,944
FUN_00270ea8,0x00270EA8,0x00270EFC,84
FUN_00270f00,0x00270F00,0x00270F2C,44
FUN_00270f30,0x00270F30,0x00270F3C,12
FUN_00270fe0,0x00270FE0,0x00271010,48
FUN_00271028,0x00271028,0x00271230,520
FUN_00271230,0x00271230,0x002712BC,140
FUN_002712c0,0x002712C0,0x002712F4,52
FUN_002712f8,0x002712F8,0x00271438,320
FUN_00271438,0x00271438,0x00271528,240
FUN_00271528,0x00271528,0x002717B8,656
FUN_002717b8,0x002717B8,0x00271930,376
FUN_00271930,0x00271930,0x00271B6C,572
FUN_00271b70,0x00271B70,0x00271DDC,616
FUN_00271de0,0x00271DE0,0x002720A0,700
FUN_002720a0,0x002720A0,0x00272428,904
FUN_00272428,0x00272428,0x00272610,488
FUN_00272610,0x00272610,0x002727C0,432
FUN_002727c0,0x002727C0,0x002727DC,28
FUN_002727e0,0x002727E0,0x00272998,440
FUN_00272998,0x00272998,0x002729B4,28
FUN_002729b8,0x002729B8,0x00272C38,640
FUN_00272c38,0x00272C38,0x00272D64,300
FUN_00272d68,0x00272D68,0x00272D84,28
FUN_00272d88,0x00272D88,0x00272E50,200
FUN_00272e50,0x00272E50,0x00272FB4,356
FUN_00272fb8,0x00272FB8,0x0027310C,340
FUN_00273110,0x00273110,0x002732C4,436
FUN_002732c8,0x002732C8,0x00273514,588
FUN_00273518,0x00273518,0x00273720,520
FUN_00273720,0x00273720,0x0027373C,28
FUN_00273740,0x00273740,0x002738EC,428
FUN_002738f0,0x002738F0,0x00273B70,640
FUN_00273b70,0x00273B70,0x00273B8C,28
FUN_00273b90,0x00273B90,0x00273DCC,572
FUN_00273dd0,0x00273DD0,0x00274078,680
FUN_00274078,0x00274078,0x00274270,504
FUN_00274270,0x00274270,0x00274450,480
FUN_00274450,0x00274450,0x002744D8,136
FUN_002744d8,0x002744D8,0x00274548,112
FUN_00274548,0x00274548,0x002745C8,128
FUN_002745c8,0x002745C8,0x00274640,120
FUN_00274640,0x00274640,0x0027465C,28
FUN_00274660,0x00274660,0x00274750,240
FUN_00274750,0x00274750,0x002747C0,112
FUN_002747c0,0x002747C0,0x00274830,112
FUN_00274830,0x00274830,0x002748A0,112
FUN_002748a0,0x002748A0,0x0027491C,124
FUN_00274920,0x00274920,0x0027499C,124
FUN_002749a0,0x002749A0,0x00274AA0,256
FUN_00274aa0,0x00274AA0,0x00274B2C,140
FUN_00274b30,0x00274B30,0x00274B68,56
FUN_00274b68,0x00274B68,0x00274D70,512
FUN_00274d70,0x00274D70,0x00274F78,512
FUN_00274f78,0x00274F78,0x00275008,144
FUN_00275008,0x00275008,0x002750A8,160
FUN_002750a8,0x002750A8,0x00275138,144
FUN_00275138,0x00275138,0x00275154,28
FUN_00275158,0x00275158,0x00275174,28
FUN_00275178,0x00275178,0x0027539C,540
FUN_002753a0,0x002753A0,0x002753C0,32
FUN_002753c0,0x002753C0,0x002753DC,28
FUN_002753e0,0x002753E0,0x002754E4,260
FUN_002754e8,0x002754E8,0x00275504,28
FUN_00275530,0x00275530,0x0027561C,236
FUN_00275620,0x00275620,0x002756FC,220
FUN_00275700,0x00275700,0x00275854,340
FUN_00275858,0x00275858,0x00275880,40
FUN_00275880,0x00275880,0x002758D0,80
FUN_002758d0,0x002758D0,0x002759E0,272
FUN_002759e0,0x002759E0,0x00275A40,96
FUN_00275ac8,0x00275AC8,0x00275AD8,16
FUN_00275b20,0x00275B20,0x00275B30,16
FUN_00275b30,0x00275B30,0x00275B80,80
FUN_00275c18,0x00275C18,0x00275C28,16
FUN_00275c28,0x00275C28,0x00275C58,48
FUN_00275cb8,0x00275CB8,0x00275CF8,64
FUN_00275cf8,0x00275CF8,0x00275EEC,500
FUN_00276260,0x00276260,0x002762B0,36
FUN_002762b0,0x002762B0,0x002762BC,12
FUN_002762c8,0x002762C8,0x00276328,96
FUN_00276338,0x00276338,0x00276348,16
FUN_002763c0,0x002763C0,0x002763D0,16
FUN_002763d0,0x002763D0,0x00276404,52
FUN_00276408,0x00276408,0x00276504,252
FUN_00276508,0x00276508,0x00276518,16
FUN_00276518,0x00276518,0x0027656C,84
FUN_00276570,0x00276570,0x00276580,16
FUN_00276580,0x00276580,0x00276590,16
FUN_002765d8,0x002765D8,0x00276640,104
FUN_00276640,0x00276640,0x002766EC,112
FUN_002766f0,0x002766F0,0x00276700,16
FUN_00276730,0x00276730,0x00276740,16
FUN_00276740,0x00276740,0x00276858,280
thunk_FUN_00275cb8,0x00276858,0x00276860,8
FUN_002768d0,0x002768D0,0x00276918,72
FUN_00276918,0x00276918,0x00276940,40
FUN_00276940,0x00276940,0x0027698C,76
FUN_00276990,0x00276990,0x002769A0,16
FUN_002769a0,0x002769A0,0x002769B0,16
FUN_002769f8,0x002769F8,0x00276ACC,148
FUN_00276ad0,0x00276AD0,0x00276B38,68
FUN_00276b40,0x00276B40,0x00276B50,16
FUN_00276b50,0x00276B50,0x00276B60,16
FUN_00276b60,0x00276B60,0x00276B70,16
FUN_00276b70,0x00276B70,0x00276CC4,340
FUN_00276cc8,0x00276CC8,0x00276D80,184
FUN_00276db0,0x00276DB0,0x00276E40,144
FUN_00276e40,0x00276E40,0x00276EBC,124
FUN_00276ec0,0x00276EC0,0x00277050,400
FUN_00277050,0x00277050,0x002770D4,128
FUN_002770d8,0x002770D8,0x00277110,56
FUN_00277110,0x00277110,0x00277380,624
FUN_002773b8,0x002773B8,0x00277404,76
FUN_00277408,0x00277408,0x00277484,124
FUN_00277488,0x00277488,0x002774F8,112
FUN_002774f8,0x002774F8,0x00277540,72
FUN_00277540,0x00277540,0x002775E0,160
FUN_002775e0,0x002775E0,0x0027762C,76
FUN_00277630,0x00277630,0x00277680,80
FUN_00277680,0x00277680,0x002776DC,92
FUN_002776e0,0x002776E0,0x0027778C,172
FUN_00277790,0x00277790,0x002777DC,76
FUN_002777e0,0x002777E0,0x002778A4,196
FUN_002778a8,0x002778A8,0x002778F4,76
FUN_002778f8,0x002778F8,0x002779C4,204
FUN_002779c8,0x002779C8,0x00277A10,72
FUN_00277a10,0x00277A10,0x00277A5C,76
FUN_00277a60,0x00277A60,0x00277ACC,108
FUN_00277ad0,0x00277AD0,0x00277B1C,76
FUN_00277b20,0x00277B20,0x00277C14,244
FUN_00277c18,0x00277C18,0x00277C94,124
FUN_00277c98,0x00277C98,0x00277D40,168
FUN_00277d40,0x00277D40,0x00277DB0,112
FUN_00277db0,0x00277DB0,0x00277E04,84
FUN_00277e40,0x00277E40,0x00277E8C,76
FUN_00277e90,0x00277E90,0x00277EEC,92
FUN_00277ef0,0x00277EF0,0x0027801C,300
FUN_00278020,0x00278020,0x00278110,240
FUN_00278110,0x00278110,0x002781B8,168
FUN_002781b8,0x002781B8,0x00278230,120
FUN_00278230,0x00278230,0x00278254,36
FUN_002782d8,0x002782D8,0x00278390,184
FUN_002783e8,0x002783E8,0x00278490,168
FUN_00278490,0x00278490,0x002784E4,84
FUN_002784f0,0x002784F0,0x00278504,20
FUN_002786d0,0x002786D0,0x002786E4,20
FUN_002789b0,0x002789B0,0x002789C8,24
FUN_00278d60,0x00278D60,0x00278D80,32
FUN_00278eb0,0x00278EB0,0x0027933C,1164
FUN_00279350,0x00279350,0x00279360,16
FUN_0027a1e0,0x0027A1E0,0x0027A690,1200
FUN_0027a6a0,0x0027A6A0,0x0027AD64,1732
FUN_0027ad80,0x0027AD80,0x0027AD98,24
FUN_0027b810,0x0027B810,0x0027B820,16
FUN_0027ca00,0x0027CA00,0x0027CB78,296
FUN_0027cb90,0x0027CB90,0x0027CC30,160
FUN_0027ce80,0x0027CE80,0x0027CEE0,96
FUN_0027cef0,0x0027CEF0,0x0027CF00,16
FUN_0027d130,0x0027D130,0x0027D19C,108
FUN_0027d1b0,0x0027D1B0,0x0027D24C,156
FUN_0027d260,0x0027D260,0x0027D594,804
FUN_0027d5b0,0x0027D5B0,0x0027D5B8,8
FUN_0027d810,0x0027D810,0x0027D8C4,180
FUN_0027d8d0,0x0027D8D0,0x0027DB1C,560
FUN_0027db30,0x0027DB30,0x0027DB3C,12
FUN_0027ddb0,0x0027DDB0,0x0027DF84,468
FUN_0027dfa0,0x0027DFA0,0x0027E030,144
FUN_0027e040,0x0027E040,0x0027E424,996
FUN_0027e440,0x0027E440,0x0027E554,276
FUN_0027e5a0,0x0027E5A0,0x0027E5D0,48
FUN_0027e5d0,0x0027E5D0,0x0027E5D8,8
FUN_0027e790,0x0027E790,0x0027EAD8,836
FUN_0027eaf0,0x0027EAF0,0x0027EE90,928
FUN_0027eea0,0x0027EEA0,0x0027F088,488
FUN_0027f0a0,0x0027F0A0,0x0027F0B4,20
FUN_0027f350,0x0027F350,0x0027F5D8,648
FUN_0027f5f0,0x0027F5F0,0x0027F5FC,12
FUN_0027fc70,0x0027FC70,0x0027FE84,532
FUN_0027fe90,0x0027FE90,0x00280080,496
FUN_00280090,0x00280090,0x0028019C,268
FUN_002801b0,0x002801B0,0x00280200,80
FUN_00280210,0x00280210,0x0028021C,12
FUN_002804b0,0x002804B0,0x002809C8,1300
FUN_002809e0,0x002809E0,0x002815C8,3024
FUN_002815e0,0x002815E0,0x002815FC,28
FUN_00282010,0x00282010,0x00282024,20
FUN_002837c0,0x002837C0,0x002837CC,12
FUN_00283870,0x00283870,0x002838DC,108
FUN_002838e0,0x002838E0,0x002838EC,12
FUN_00283a50,0x00283A50,0x00283A5C,12
FUN_00283ae0,0x00283AE0,0x00283C34,336
FUN_00283c50,0x00283C50,0x00283ED0,640
FUN_00283ef0,0x00283EF0,0x0028402C,316
FUN_00284040,0x00284040,0x00284048,8
FUN_00284440,0x00284440,0x00284528,232
FUN_00284540,0x00284540,0x0028499C,1116
FUN_002849b0,0x002849B0,0x00284C6C,700
FUN_00284c80,0x00284C80,0x00284FBC,644
FUN_00284fd0,0x00284FD0,0x0028513C,364
FUN_00285150,0x00285150,0x0028534C,84
FUN_00285360,0x00285360,0x0028536C,12
FUN_002854a0,0x002854A0,0x002854AC,12
FUN_002856a0,0x002856A0,0x002858A0,456
FUN_002858b0,0x002858B0,0x00285A94,484
FUN_00285de0,0x00285DE0,0x00285DEC,12
FUN_002860d0,0x002860D0,0x00286158,136
FUN_00286170,0x00286170,0x00286180,16
FUN_00286aa0,0x00286AA0,0x00286B78,136
FUN_00286b90,0x00286B90,0x00286F00,880
FUN_00286f10,0x00286F10,0x00286F1C,12
FUN_002871e0,0x002871E0,0x002871EC,12
FUN_00287380,0x00287380,0x0028738C,12
FUN_00287620,0x00287620,0x0028762C,12
FUN_00287950,0x00287950,0x00287B40,496
FUN_00287b50,0x00287B50,0x00287B5C,12
FUN_00287cd0,0x00287CD0,0x00287CDC,12
FUN_00288030,0x00288030,0x00288140,272
FUN_00288150,0x00288150,0x00288598,1052
FUN_002885b0,0x002885B0,0x00288960,912
FUN_00288970,0x00288970,0x00289030,1672
FUN_00289050,0x00289050,0x00289060,16
FUN_00289280,0x00289280,0x0028928C,12
FUN_00289500,0x00289500,0x0028959C,148
FUN_002895b0,0x002895B0,0x002895C0,16
FUN_00289810,0x00289810,0x00289824,20
FUN_00289860,0x00289860,0x00289DC0,1320
FUN_00289dd0,0x00289DD0,0x00289F3C,348
FUN_00289f50,0x00289F50,0x00289F64,20
FUN_00289fa0,0x00289FA0,0x0028A048,168
FUN_0028a060,0x0028A060,0x0028A0EC,140
FUN_0028a100,0x0028A100,0x0028A180,128
FUN_0028a190,0x0028A190,0x0028A534,924
FUN_0028a540,0x0028A540,0x0028A650,264
FUN_0028a660,0x0028A660,0x0028A674,20
FUN_0028a700,0x0028A700,0x0028A714,20
FUN_0028a860,0x0028A860,0x0028A918,176
FUN_0028a930,0x0028A930,0x0028A9D4,164
FUN_0028a9e0,0x0028A9E0,0x0028AA6C,140
FUN_0028aa80,0x0028AA80,0x0028AB00,128
FUN_0028ab10,0x0028AB10,0x0028AEB4,924
FUN_0028aec0,0x0028AEC0,0x0028AECC,12
FUN_0028b0d0,0x0028B0D0,0x0028B0F4,36
FUN_0028b340,0x0028B340,0x0028B358,24
FUN_0028b970,0x0028B970,0x0028B988,24
FUN_0028bd40,0x0028BD40,0x0028BEDC,388
FUN_0028bef0,0x0028BEF0,0x0028BF00,16
FUN_0028c420,0x0028C420,0x0028C554,308
FUN_0028c560,0x0028C560,0x0028C56C,12
FUN_0028c9e0,0x0028C9E0,0x0028C9F0,16
FUN_0028cd70,0x0028CD70,0x0028CE0C,156
FUN_0028ce20,0x0028CE20,0x0028CF64,324
FUN_0028cf80,0x0028CF80,0x0028D030,176
FUN_0028d040,0x0028D040,0x0028D0B0,112
FUN_0028d0c0,0x0028D0C0,0x0028D250,392
FUN_0028d260,0x0028D260,0x0028D524,692
FUN_0028d540,0x0028D540,0x0028D5A0,96
FUN_0028d5b0,0x0028D5B0,0x0028D5BC,12
FUN_0028d6e0,0x0028D6E0,0x0028D7B8,216
FUN_0028d7d0,0x0028D7D0,0x0028D894,196
FUN_0028d8a0,0x0028D8A0,0x0028D940,160
FUN_0028d950,0x0028D950,0x0028DA90,320
FUN_0028daa0,0x0028DAA0,0x0028DBBC,276
FUN_0028dbd0,0x0028DBD0,0x0028DC30,96
FUN_0028dc40,0x0028DC40,0x0028DDF4,428
FUN_0028de10,0x0028DE10,0x0028DE28,24
FUN_0028e0c0,0x0028E0C0,0x0028E0CC,12
FUN_0028e2d0,0x0028E2D0,0x0028E2D8,8
FUN_0028e4d0,0x0028E4D0,0x0028E4DC,12
FUN_0028e8e0,0x0028E8E0,0x0028E8F0,16
FUN_0028ed50,0x0028ED50,0x0028ED60,16
FUN_0028efc0,0x0028EFC0,0x0028F070,176
FUN_0028f080,0x0028F080,0x0028F090,16
FUN_0028f650,0x0028F650,0x0028F65C,12
FUN_0028f840,0x0028F840,0x0028F9EC,428
FUN_0028fa00,0x0028FA00,0x0028FA10,16
FUN_0028fc10,0x0028FC10,0x0028FD20,264
FUN_0028fd30,0x0028FD30,0x0028FD40,16
FUN_0028ff30,0x0028FF30,0x0028FF40,16
FUN_002902e0,0x002902E0,0x002902F0,16
FUN_00290620,0x00290620,0x002907F8,468
FUN_00290810,0x00290810,0x002908E0,208
FUN_002908f0,0x002908F0,0x00290900,16
FUN_00290b70,0x00290B70,0x00290B80,16
FUN_00290df0,0x00290DF0,0x00290DFC,12
FUN_00291190,0x00291190,0x0029119C,12
FUN_00291600,0x00291600,0x00291750,328
FUN_00291760,0x00291760,0x00291870,256
FUN_00291880,0x00291880,0x00291998,272
FUN_002919b0,0x002919B0,0x00291A1C,100
FUN_00291a20,0x00291A20,0x00291A30,16
FUN_00291c30,0x00291C30,0x00291C80,72
FUN_00291c80,0x00291C80,0x00291C8C,12
FUN_00291ee0,0x00291EE0,0x00291EE8,8
FUN_00292170,0x00292170,0x00292178,8
FUN_00292310,0x00292310,0x002927C0,1200
FUN_002927d0,0x002927D0,0x002928A0,208
FUN_002928b0,0x002928B0,0x002928BC,12
FUN_002934c0,0x002934C0,0x0029360C,332
FUN_00293620,0x00293620,0x0029413C,2844
FUN_00294150,0x00294150,0x0029422C,220
FUN_00294240,0x00294240,0x002947D8,1432
FUN_002947f0,0x002947F0,0x002948D0,224
FUN_002948e0,0x002948E0,0x002948F0,16
FUN_002953f0,0x002953F0,0x00295658,616
FUN_00295670,0x00295670,0x00295684,20
FUN_002961d0,0x002961D0,0x002961E4,20
FUN_00296580,0x00296580,0x00296588,8
FUN_00296ed0,0x00296ED0,0x00296FB0,224
FUN_00296fc0,0x00296FC0,0x00297154,404
FUN_00297160,0x00297160,0x00297278,280
FUN_00297300,0x00297300,0x00297A58,1752
FUN_00297a70,0x00297A70,0x00297AB8,72
FUN_00297ac0,0x00297AC0,0x00297B00,64
FUN_00297b00,0x00297B00,0x00297B40,64
FUN_00297b40,0x00297B40,0x00297B48,8
FUN_00297c60,0x00297C60,0x00297C6C,12
FUN_002982a0,0x002982A0,0x002983B4,276
FUN_002983c0,0x002983C0,0x002983D0,16
FUN_00298d20,0x00298D20,0x00298FD8,696
FUN_00298ff0,0x00298FF0,0x00299064,116
FUN_00299080,0x00299080,0x002990D0,80
FUN_002990e0,0x002990E0,0x0029912C,76
FUN_00299140,0x00299140,0x00299148,8
FUN_00299370,0x00299370,0x0029949C,292
FUN_002994b0,0x002994B0,0x00299524,116
FUN_00299530,0x00299530,0x00299F6C,2500
FUN_00299f80,0x00299F80,0x0029A294,788
FUN_0029a2a0,0x0029A2A0,0x0029A3C0,288
FUN_0029a3d0,0x0029A3D0,0x0029A514,324
FUN_0029a520,0x0029A520,0x0029A6BC,412
FUN_0029a6d0,0x0029A6D0,0x0029A704,52
FUN_0029a710,0x0029A710,0x0029A840,164
FUN_0029a850,0x0029A850,0x0029A868,24
FUN_0029a8c0,0x0029A8C0,0x0029A930,112
FUN_0029a940,0x0029A940,0x0029AC40,760
FUN_0029ac50,0x0029AC50,0x0029AF0C,700
FUN_0029af20,0x0029AF20,0x0029B184,612
FUN_0029b190,0x0029B190,0x0029B4A0,784
FUN_0029b4b0,0x0029B4B0,0x0029B4C0,16
FUN_0029b5c0,0x0029B5C0,0x0029B5CC,12
FUN_0029b8b0,0x0029B8B0,0x0029B8C0,16
FUN_0029c570,0x0029C570,0x0029C584,20
FUN_0029c8c0,0x0029C8C0,0x0029C8CC,12
FUN_0029cb40,0x0029CB40,0x0029CBE0,160
FUN_0029cbe0,0x0029CBE0,0x0029CCEC,248
FUN_0029cd00,0x0029CD00,0x0029CE28,296
FUN_0029ce50,0x0029CE50,0x0029CECC,124
FUN_0029cee0,0x0029CEE0,0x0029CEEC,12
FUN_0029d180,0x0029D180,0x0029D194,20
FUN_0029d410,0x0029D410,0x0029D434,36
FUN_0029d4c0,0x0029D4C0,0x0029D4D0,16
FUN_0029d7f0,0x0029D7F0,0x0029D800,16
FUN_0029da80,0x0029DA80,0x0029DA8C,12
FUN_0029e210,0x0029E210,0x0029E374,356
FUN_0029e390,0x0029E390,0x0029E428,152
FUN_0029e440,0x0029E440,0x0029E514,212
FUN_0029e520,0x0029E520,0x0029E5F0,208
FUN_0029ec60,0x0029EC60,0x0029ECE8,136
FUN_0029ed00,0x0029ED00,0x0029ED74,116
FUN_0029ed80,0x0029ED80,0x0029EDEC,108
FUN_0029ee00,0x0029EE00,0x0029EE08,8
FUN_0029ee10,0x0029EE10,0x0029EE6C,92
FUN_0029ee70,0x0029EE70,0x0029EF74,260
FUN_0029ef80,0x0029EF80,0x0029F02C,172
FUN_0029f040,0x0029F040,0x0029F110,208
FUN_0029f120,0x0029F120,0x0029F2A8,392
FUN_0029f2c0,0x0029F2C0,0x0029F33C,124
FUN_0029f350,0x0029F350,0x0029F3CC,124
FUN_0029f3e0,0x0029F3E0,0x0029F674,660
FUN_0029f690,0x0029F690,0x0029F8B4,548
FUN_0029f8c0,0x0029F8C0,0x0029FB20,608
FUN_0029fb20,0x0029FB20,0x0029FBCC,172
FUN_0029fbd0,0x0029FBD0,0x0029FF00,816
FUN_002a0098,0x002A0098,0x002A00F0,88
FUN_002a07a0,0x002A07A0,0x002A09F0,396
FUN_002a09f0,0x002A09F0,0x002A0A70,128
FUN_002a0e78,0x002A0E78,0x002A0E88,16
FUN_002a1098,0x002A1098,0x002A10D8,64
FUN_002a12d8,0x002A12D8,0x002A1604,156
FUN_002a1608,0x002A1608,0x002A1A30,1064
FUN_002a1a30,0x002A1A30,0x002A1BCC,412
FUN_002a1bd0,0x002A1BD0,0x002A2128,1004
FUN_002a2128,0x002A2128,0x002A22A0,376
FUN_002a22a0,0x002A22A0,0x002A2408,360
FUN_002a2408,0x002A2408,0x002A2588,384
FUN_002a2588,0x002A2588,0x002A2670,232
FUN_002a2670,0x002A2670,0x002A26FC,140
FUN_002a2700,0x002A2700,0x002A2794,148
FUN_002a2798,0x002A2798,0x002A27CC,52
thunk_FUN_002a2700,0x002A27D0,0x002A27D8,8
FUN_002a2a48,0x002A2A48,0x002A2BC4,172
FUN_002a38b8,0x002A38B8,0x002A3958,160
FUN_002a3958,0x002A3958,0x002A3AF8,352
FUN_002a3af8,0x002A3AF8,0x002A3E0C,232
FUN_002a3e10,0x002A3E10,0x002A40BC,684
FUN_002a40c0,0x002A40C0,0x002A4160,160
FUN_002a4160,0x002A4160,0x002A42A4,320
FUN_002a42a8,0x002A42A8,0x002A43E8,320
FUN_002a43e8,0x002A43E8,0x002A44D0,232
FUN_002a46f8,0x002A46F8,0x002A48C4,452
FUN_002a48c8,0x002A48C8,0x002A48FC,52
thunk_FUN_002a2700,0x002A4900,0x002A4908,8
FUN_002a4908,0x002A4908,0x002A4A5C,336
FUN_002a4a60,0x002A4A60,0x002A4A68,8
FUN_002a4a68,0x002A4A68,0x002A4AB8,80
FUN_002a4ab8,0x002A4AB8,0x002A4B44,140
FUN_002a4b48,0x002A4B48,0x002A4BDC,148
FUN_002a4be0,0x002A4BE0,0x002A4CD4,244
FUN_002a4cd8,0x002A4CD8,0x002A4DA4,204
FUN_002a4da8,0x002A4DA8,0x002A4FE0,568
FUN_002a4fe0,0x002A4FE0,0x002A5084,164
FUN_002a50e0,0x002A50E0,0x002A51A8,200
FUN_002a51a8,0x002A51A8,0x002A535C,300
FUN_002a5360,0x002A5360,0x002A5614,692
FUN_002a5618,0x002A5618,0x002A5788,344
FUN_002a5788,0x002A5788,0x002A594C,428
FUN_002a5950,0x002A5950,0x002A5A00,176
FUN_002a5a48,0x002A5A48,0x002A5A90,72
FUN_002a5a90,0x002A5A90,0x002A5AD4,68
FUN_002a5ad8,0x002A5AD8,0x002A5AE8,16
FUN_002a5ae8,0x002A5AE8,0x002A5B64,124
FUN_002a5bc0,0x002A5BC0,0x002A5BC8,8
FUN_002a5bf8,0x002A5BF8,0x002A5C2C,52
FUN_002a5c40,0x002A5C40,0x002A5CB8,120
FUN_002a5cb8,0x002A5CB8,0x002A5D2C,92
FUN_002a5d30,0x002A5D30,0x002A5D74,68
FUN_002a5d78,0x002A5D78,0x002A5DCC,84
FUN_002a5dd0,0x002A5DD0,0x002A5DDC,12
FUN_002a5ec8,0x002A5EC8,0x002A5F94,204
FUN_002a5f98,0x002A5F98,0x002A5FAC,20
FUN_002a5fb0,0x002A5FB0,0x002A5FBC,12
FUN_002a5fd0,0x002A5FD0,0x002A603C,108
FUN_002a6058,0x002A6058,0x002A607C,36
FUN_002a6080,0x002A6080,0x002A60A4,36
FUN_002a60a8,0x002A60A8,0x002A6168,152
FUN_002a6338,0x002A6338,0x002A65F8,704
FUN_002a65f8,0x002A65F8,0x002A6A18,1056
FUN_002a6a18,0x002A6A18,0x002A6AD8,192
FUN_002a6ad8,0x002A6AD8,0x002A6B68,144
FUN_002a6d28,0x002A6D28,0x002A6D68,64
FUN_002a7420,0x002A7420,0x002A7430,16
FUN_002a7430,0x002A7430,0x002A74D0,160
FUN_002a74d0,0x002A74D0,0x002A7598,200
FUN_002a7598,0x002A7598,0x002A75EC,84
FUN_002a75f0,0x002A75F0,0x002A7630,64
FUN_002a7630,0x002A7630,0x002A76DC,172
FUN_002a76e0,0x002A76E0,0x002A76F4,20
FUN_002a7720,0x002A7720,0x002A7A8C,876
FUN_002a7aa0,0x002A7AA0,0x002A7B28,136
FUN_002a7c70,0x002A7C70,0x002A7F54,740
FUN_002a7f70,0x002A7F70,0x002A8018,168
FUN_002a8020,0x002A8020,0x002A8060,64
FUN_002a8060,0x002A8060,0x002A83F8,920
FUN_002a8410,0x002A8410,0x002A8440,48
FUN_002a8440,0x002A8440,0x002A8498,88
FUN_002a84a0,0x002A84A0,0x002A84BC,28
FUN_002a8520,0x002A8520,0x002A8580,96
FUN_002a8890,0x002A8890,0x002A889C,12
FUN_002a88d0,0x002A88D0,0x002A8920,80
FUN_002a8970,0x002A8970,0x002A8978,8
FUN_002a8980,0x002A8980,0x002A89D4,84
FUN_002a8ba0,0x002A8BA0,0x002A8BA8,8
FUN_002a8e00,0x002A8E00,0x002A8E54,84
FUN_002a91f0,0x002A91F0,0x002A944C,604
FUN_002a9460,0x002A9460,0x002A94B8,88
FUN_002a94c0,0x002A94C0,0x002A95E8,296
FUN_002a9600,0x002A9600,0x002A9654,84
FUN_002a99a0,0x002A99A0,0x002A9A40,160
FUN_002a9a50,0x002A9A50,0x002A9AA4,84
FUN_002a9ce0,0x002A9CE0,0x002A9E10,304
FUN_002a9e20,0x002A9E20,0x002A9F18,248
FUN_002a9f30,0x002A9F30,0x002A9F40,16
FUN_002aa250,0x002AA250,0x002AA2A4,84
FUN_002aa440,0x002AA440,0x002AA494,84
FUN_002aa8c0,0x002AA8C0,0x002AA91C,92
FUN_002aa920,0x002AA920,0x002AA974,84
FUN_002aab00,0x002AAB00,0x002AAB54,84
FUN_002aad60,0x002AAD60,0x002AAD78,24
FUN_002ab030,0x002AB030,0x002AB084,84
FUN_002ab1f0,0x002AB1F0,0x002AB244,84
FUN_002ab510,0x002AB510,0x002AB574,100
FUN_002ab580,0x002AB580,0x002AB58C,12
FUN_002ab660,0x002AB660,0x002AB670,16
FUN_002ab820,0x002AB820,0x002AB874,84
FUN_002ab8f0,0x002AB8F0,0x002AB944,84
FUN_002ab9f0,0x002AB9F0,0x002ABA44,84
FUN_002abbc0,0x002ABBC0,0x002ABC20,96
FUN_002abc20,0x002ABC20,0x002ABD3C,284
FUN_002abd50,0x002ABD50,0x002ABDC0,112
FUN_002abdd0,0x002ABDD0,0x002ABEE8,280
FUN_002abf00,0x002ABF00,0x002ABF54,84
FUN_002ac0a0,0x002AC0A0,0x002AC0F4,84
FUN_002ac190,0x002AC190,0x002AC1E4,84
FUN_002ac4d0,0x002AC4D0,0x002AC524,84
FUN_002ac670,0x002AC670,0x002AC6C4,84
FUN_002acb60,0x002ACB60,0x002ACBB4,84
FUN_002ad020,0x002AD020,0x002AD074,84
FUN_002ad1c0,0x002AD1C0,0x002AD214,84
FUN_002ad420,0x002AD420,0x002AD474,84
FUN_002ad600,0x002AD600,0x002AD684,132
FUN_002ad690,0x002AD690,0x002AD6E4,84
FUN_002ad9f0,0x002AD9F0,0x002ADA44,84
FUN_002adb70,0x002ADB70,0x002ADB80,16
FUN_002add10,0x002ADD10,0x002ADD64,84
FUN_002adf40,0x002ADF40,0x002ADF90,80
FUN_002adf90,0x002ADF90,0x002ADFE4,84
FUN_002ae090,0x002AE090,0x002AE0E4,84
FUN_002ae390,0x002AE390,0x002AE3E4,84
FUN_002ae570,0x002AE570,0x002AE5C0,80
FUN_002ae5e0,0x002AE5E0,0x002AE5F4,20
FUN_002ae830,0x002AE830,0x002AE840,16
FUN_002ae9c0,0x002AE9C0,0x002AE9D0,16
FUN_002aed60,0x002AED60,0x002AEED0,284
FUN_002aeee0,0x002AEEE0,0x002AEF60,128
FUN_002aef60,0x002AEF60,0x002AEFB4,84
FUN_002aefc0,0x002AEFC0,0x002AF014,84
FUN_002af250,0x002AF250,0x002AF2F4,164
FUN_002af300,0x002AF300,0x002AF30C,12
FUN_002af4e0,0x002AF4E0,0x002AF4EC,12
FUN_002af680,0x002AF680,0x002AF72C,172
FUN_002af730,0x002AF730,0x002AF7C4,148
FUN_002af7e0,0x002AF7E0,0x002AF834,84
FUN_002af8e0,0x002AF8E0,0x002AF934,84
FUN_002afaa0,0x002AFAA0,0x002AFB14,116
FUN_002afc30,0x002AFC30,0x002AFC84,84
FUN_002afe90,0x002AFE90,0x002AFF6C,220
FUN_002aff80,0x002AFF80,0x002AFF90,16
FUN_002b00f0,0x002B00F0,0x002B0144,84
FUN_002b03c0,0x002B03C0,0x002B0414,84
FUN_002b0640,0x002B0640,0x002B065C,28
FUN_002b0b60,0x002B0B60,0x002B0C4C,236
FUN_002b0cf0,0x002B0CF0,0x002B0D44,84
FUN_002b0fa0,0x002B0FA0,0x002B0FAC,12
FUN_002b10a0,0x002B10A0,0x002B10F4,84
FUN_002b12d0,0x002B12D0,0x002B13EC,284
FUN_002b1400,0x002B1400,0x002B149C,156
FUN_002b14a0,0x002B14A0,0x002B15F8,344
FUN_002b1600,0x002B1600,0x002B1654,84
FUN_002b1790,0x002B1790,0x002B17E4,84
FUN_002b1d50,0x002B1D50,0x002B1D5C,12
FUN_002b2050,0x002B2050,0x002B22E8,588
FUN_002b2330,0x002B2330,0x002B2384,84
FUN_002b25e0,0x002B25E0,0x002B2634,84
FUN_002b2820,0x002B2820,0x002B2874,84
FUN_002b2960,0x002B2960,0x002B29B4,84
FUN_002b2bf0,0x002B2BF0,0x002B2C00,16
FUN_002b2d50,0x002B2D50,0x002B2D5C,12
FUN_002b2ef0,0x002B2EF0,0x002B2F44,84
FUN_002b2ff0,0x002B2FF0,0x002B3044,84
FUN_002b33b0,0x002B33B0,0x002B33BC,12
FUN_002b3540,0x002B3540,0x002B3594,84
FUN_002b3720,0x002B3720,0x002B37C4,164
FUN_002b37d0,0x002B37D0,0x002B37E0,16
FUN_002b3970,0x002B3970,0x002B39C4,84
FUN_002b3b70,0x002B3B70,0x002B3D70,512
FUN_002b3d80,0x002B3D80,0x002B3D8C,12
FUN_002b3f10,0x002B3F10,0x002B3F64,84
FUN_002b4310,0x002B4310,0x002B4468,344
FUN_002b4480,0x002B4480,0x002B455C,220
FUN_002b4570,0x002B4570,0x002B4678,264
FUN_002b4690,0x002B4690,0x002B46E4,84
FUN_002b4840,0x002B4840,0x002B4894,84
FUN_002b49f0,0x002B49F0,0x002B4A6C,124
FUN_002b4a70,0x002B4A70,0x002B4AC4,84
FUN_002b4cd0,0x002B4CD0,0x002B4D24,84
FUN_002b4ef0,0x002B4EF0,0x002B4F44,84
FUN_002b4ff0,0x002B4FF0,0x002B5044,84
FUN_002b50f0,0x002B50F0,0x002B5144,84
FUN_002b5280,0x002B5280,0x002B52D4,84
FUN_002b58b0,0x002B58B0,0x002B5904,84
FUN_002b5e80,0x002B5E80,0x002B5ED4,84
FUN_002b6040,0x002B6040,0x002B604C,12
FUN_002b60d0,0x002B60D0,0x002B6124,84
FUN_002b6140,0x002B6140,0x002B62C8,376
FUN_002b62d0,0x002B62D0,0x002B6308,56
FUN_002b6340,0x002B6340,0x002B63FC,184
FUN_002b6410,0x002B6410,0x002B6498,136
FUN_002b64f0,0x002B64F0,0x002B6510,32
FUN_002b6510,0x002B6510,0x002B6628,280
FUN_002b6640,0x002B6640,0x002B66FC,188
FUN_002b6710,0x002B6710,0x002B689C,392
FUN_002b68b0,0x002B68B0,0x002B699C,236
FUN_002b69b0,0x002B69B0,0x002B6B9C,488
FUN_002b6bb0,0x002B6BB0,0x002B6CF8,324
FUN_002b6d10,0x002B6D10,0x002B6D24,20
FUN_002b6e70,0x002B6E70,0x002B6FA4,308
FUN_002b6fc0,0x002B6FC0,0x002B70BC,252
FUN_002b70d0,0x002B70D0,0x002B71B8,232
FUN_002b71d0,0x002B71D0,0x002B71E0,16
FUN_002b72d0,0x002B72D0,0x002B72F0,32
FUN_002b7500,0x002B7500,0x002B7514,20
FUN_002b7780,0x002B7780,0x002B7794,20
FUN_002b7a80,0x002B7A80,0x002B7A98,24
FUN_002b8370,0x002B8370,0x002B8380,16
FUN_002b86a0,0x002B86A0,0x002B86BC,28
FUN_002b89c0,0x002B89C0,0x002B89D8,24
FUN_002b8e70,0x002B8E70,0x002B8EC4,84
FUN_002b8ed0,0x002B8ED0,0x002B8FE4,276
FUN_002b9010,0x002B9010,0x002B901C,12
FUN_002b97e0,0x002B97E0,0x002B97E8,8
FUN_002b9b00,0x002B9B00,0x002B9B10,16
FUN_002b9f40,0x002B9F40,0x002BA078,312
FUN_002ba1b0,0x002BA1B0,0x002BA204,84
FUN_002ba270,0x002BA270,0x002BA478,520
FUN_002ba490,0x002BA490,0x002BA4CC,60
FUN_002ba4f0,0x002BA4F0,0x002BA654,356
FUN_002ba670,0x002BA670,0x002BA6C4,84
FUN_002ba730,0x002BA730,0x002BA964,564
FUN_002ba980,0x002BA980,0x002BA9E0,96
FUN_002ba9f0,0x002BA9F0,0x002BAB40,336
FUN_002bab50,0x002BAB50,0x002BABA4,84
FUN_002babc0,0x002BABC0,0x002BADF8,568
FUN_002bae10,0x002BAE10,0x002BAE4C,60
FUN_002bae70,0x002BAE70,0x002BAFC0,336
FUN_002bafd0,0x002BAFD0,0x002BB024,84
FUN_002bb030,0x002BB030,0x002BB188,344
FUN_002bb1a0,0x002BB1A0,0x002BB220,128
FUN_002bb220,0x002BB220,0x002BB274,84
FUN_002bb280,0x002BB280,0x002BB29C,28
FUN_002bb3e0,0x002BB3E0,0x002BB3F4,20
FUN_002bc000,0x002BC000,0x002BC034,52
FUN_002bc040,0x002BC040,0x002BC060,32
FUN_002bc460,0x002BC460,0x002BC51C,188
FUN_002bc530,0x002BC530,0x002BC548,24
FUN_002bcac0,0x002BCAC0,0x002BCAD0,16
FUN_002bd6a0,0x002BD6A0,0x002BD8B4,532
FUN_002bd8c0,0x002BD8C0,0x002BD8CC,12
FUN_002bdab0,0x002BDAB0,0x002BDABC,12
FUN_002bf2f0,0x002BF2F0,0x002BFAE8,2040
FUN_002bfb00,0x002BFB00,0x002BFB1C,28
FUN_002bfb20,0x002BFB20,0x002BFBA4,132
FUN_002bfbb0,0x002BFBB0,0x002BFCF4,324
FUN_002bfd10,0x002BFD10,0x002BFD60,80
FUN_002bfd70,0x002BFD70,0x002BFDA8,56
FUN_002bfdc0,0x002BFDC0,0x002BFDF8,56
FUN_002bfe50,0x002BFE50,0x002BFE5C,12
FUN_002bffd0,0x002BFFD0,0x002BFFDC,12
FUN_002c0190,0x002C0190,0x002C0198,8
FUN_002c01a0,0x002C01A0,0x002C01A8,8
FUN_002c01b0,0x002C01B0,0x002C04B8,776
FUN_002c04d0,0x002C04D0,0x002C06E8,536
FUN_002c0720,0x002C0720,0x002C073C,28
FUN_002c0a30,0x002C0A30,0x002C0A3C,12
FUN_002c1760,0x002C1760,0x002C176C,12
FUN_002c1980,0x002C1980,0x002C1AA8,296
FUN_002c1ac0,0x002C1AC0,0x002C1CFC,572
FUN_002c1d10,0x002C1D10,0x002C1D18,8
FUN_002c1f80,0x002C1F80,0x002C23CC,1100
FUN_002c23e0,0x002C23E0,0x002C23E8,8
FUN_002c25f0,0x002C25F0,0x002C25FC,12
FUN_002c2a70,0x002C2A70,0x002C2A78,8
FUN_002c2cd0,0x002C2CD0,0x002C2CD8,8
FUN_002c2ed0,0x002C2ED0,0x002C2EDC,12
FUN_002c32d0,0x002C32D0,0x002C32E0,16
FUN_002c34c0,0x002C34C0,0x002C34C8,8
FUN_002c35f0,0x002C35F0,0x002C369C,172
FUN_002c36a0,0x002C36A0,0x002C370C,108
FUN_002c3710,0x002C3710,0x002C3754,68
FUN_002c3760,0x002C3760,0x002C376C,12
FUN_002c3c50,0x002C3C50,0x002C4318,1736
FUN_002c4330,0x002C4330,0x002C433C,12
FUN_002c4480,0x002C4480,0x002C4490,16
FUN_002c4600,0x002C4600,0x002C460C,12
FUN_002c5980,0x002C5980,0x002C5BBC,572
FUN_002c5bd0,0x002C5BD0,0x002C5BE0,16
FUN_002c5e80,0x002C5E80,0x002C5FD4,340
FUN_002c5ff0,0x002C5FF0,0x002C6000,16
FUN_002c6180,0x002C6180,0x002C61D0,80
FUN_002c61e0,0x002C61E0,0x002C6234,84
FUN_002c62a0,0x002C62A0,0x002C6314,116
FUN_002c6320,0x002C6320,0x002C6360,64
FUN_002c6380,0x002C6380,0x002C64D0,336
FUN_002c64e0,0x002C64E0,0x002C6534,84
FUN_002c6570,0x002C6570,0x002C65C0,80
FUN_002c65c0,0x002C65C0,0x002C6614,84
FUN_002c6650,0x002C6650,0x002C6664,20
FUN_002c86f0,0x002C86F0,0x002C86FC,12
FUN_002c87c0,0x002C87C0,0x002C8814,84
FUN_002c8830,0x002C8830,0x002C8A3C,524
FUN_002c8a50,0x002C8A50,0x002C8A90,64
FUN_002c8ab0,0x002C8AB0,0x002C8BF8,328
FUN_002c8c10,0x002C8C10,0x002C8C60,80
FUN_002c8c70,0x002C8C70,0x002C8D74,260
FUN_002c8dc0,0x002C8DC0,0x002C8DC8,8
FUN_002c8e50,0x002C8E50,0x002C8E64,20
FUN_002c9010,0x002C9010,0x002C901C,12
FUN_002c90f0,0x002C90F0,0x002C90F8,8
FUN_002c91d0,0x002C91D0,0x002C91DC,12
FUN_002c92a0,0x002C92A0,0x002C92B0,16
FUN_002c9520,0x002C9520,0x002C9550,48
FUN_002c9560,0x002C9560,0x002C9590,48
FUN_002c9590,0x002C9590,0x002C95C0,48
FUN_002c9690,0x002C9690,0x002C96E0,80
FUN_002c9730,0x002C9730,0x002C9740,16
FUN_002c9930,0x002C9930,0x002C9A70,320
FUN_002c9a80,0x002C9A80,0x002C9A9C,28
FUN_002c9b50,0x002C9B50,0x002C9B64,20
FUN_002c9c10,0x002C9C10,0x002C9C64,84
FUN_002c9c80,0x002C9C80,0x002C9C94,20
FUN_002c9ea0,0x002C9EA0,0x002C9FB0,272
FUN_002c9fb0,0x002C9FB0,0x002C9FC4,20
FUN_002ca130,0x002CA130,0x002CA150,32
FUN_002ca790,0x002CA790,0x002CA798,8
FUN_002ca8c0,0x002CA8C0,0x002CA8D8,24
FUN_002cab90,0x002CAB90,0x002CAB9C,12
FUN_002cafb0,0x002CAFB0,0x002CAFC0,16
FUN_002cb500,0x002CB500,0x002CB6AC,428
FUN_002cb6c0,0x002CB6C0,0x002CB6E0,32
FUN_002cb9a0,0x002CB9A0,0x002CB9C0,32
FUN_002cbbe0,0x002CBBE0,0x002CBBE8,8
FUN_002cbd10,0x002CBD10,0x002CBD28,24
FUN_002cc130,0x002CC130,0x002CC150,32
FUN_002cc6a0,0x002CC6A0,0x002CC6DC,60
FUN_002cc6f0,0x002CC6F0,0x002CC6F8,8
FUN_002cc950,0x002CC950,0x002CC9A4,84
FUN_002ccd30,0x002CCD30,0x002CCD94,100
FUN_002cced0,0x002CCED0,0x002CCF7C,172
FUN_002ccf90,0x002CCF90,0x002CCFF4,100
FUN_002cd130,0x002CD130,0x002CD194,100
FUN_002cd2a0,0x002CD2A0,0x002CD304,100
FUN_002cd420,0x002CD420,0x002CD484,100
FUN_002cd4e0,0x002CD4E0,0x002CD5D4,244
FUN_002cda70,0x002CDA70,0x002CDA88,24
FUN_002cdba0,0x002CDBA0,0x002CDDA4,260
FUN_002cddd0,0x002CDDD0,0x002CDDE4,20
FUN_002cde90,0x002CDE90,0x002CDFDC,256
FUN_002ce050,0x002CE050,0x002CE0E8,144
FUN_002ce100,0x002CE100,0x002CE108,8
FUN_002ce380,0x002CE380,0x002CE47C,160
FUN_002ce490,0x002CE490,0x002CE688,416
FUN_002ce910,0x002CE910,0x002CEC30,800
FUN_002cec40,0x002CEC40,0x002CEC4C,12
FUN_002ced60,0x002CED60,0x002CED6C,12
FUN_002cee50,0x002CEE50,0x002CEE60,16
FUN_002cf0f0,0x002CF0F0,0x002CF134,68
FUN_002cf140,0x002CF140,0x002CF174,52
FUN_002cf1c0,0x002CF1C0,0x002CF374,436
FUN_002cf3a0,0x002CF3A0,0x002CF3AC,12
FUN_002cf700,0x002CF700,0x002CF70C,12
FUN_002cf8c0,0x002CF8C0,0x002CF9C0,196
FUN_002cfa10,0x002CFA10,0x002CFA20,16
FUN_002cfbd0,0x002CFBD0,0x002CFEAC,732
FUN_002cfec0,0x002CFEC0,0x002D0084,452
FUN_002d00a0,0x002D00A0,0x002D0100,96
FUN_002d0110,0x002D0110,0x002D02EC,476
FUN_002d0300,0x002D0300,0x002D0388,136
FUN_002d03a0,0x002D03A0,0x002D0430,144
FUN_002d0440,0x002D0440,0x002D04B4,116
FUN_002d04c0,0x002D04C0,0x002D0520,96
FUN_002d05a0,0x002D05A0,0x002D0B1C,716
FUN_002d0b60,0x002D0B60,0x002D0C00,160
FUN_002d0c10,0x002D0C10,0x002D0C60,80
FUN_002d0c70,0x002D0C70,0x002D0CD0,96
FUN_002d0ce0,0x002D0CE0,0x002D0D48,104
FUN_002d0d60,0x002D0D60,0x002D0DE0,128
FUN_002d0df0,0x002D0DF0,0x002D0ED4,228
FUN_002d0ee0,0x002D0EE0,0x002D0F84,164
FUN_002d0f90,0x002D0F90,0x002D0FCC,60
FUN_002d1040,0x002D1040,0x002D1074,52
FUN_002d1080,0x002D1080,0x002D109C,28
FUN_002d10a0,0x002D10A0,0x002D10BC,28
FUN_002d10c0,0x002D10C0,0x002D1104,68
FUN_002d1130,0x002D1130,0x002D1154,36
FUN_002d1160,0x002D1160,0x002D11A4,68
FUN_002d1200,0x002D1200,0x002D1244,68
FUN_002d1260,0x002D1260,0x002D12B4,84
FUN_002d12c0,0x002D12C0,0x002D12DC,28
FUN_002d12e0,0x002D12E0,0x002D1314,52
FUN_002d1320,0x002D1320,0x002D1354,52
FUN_002d1360,0x002D1360,0x002D13A4,68
FUN_002d13b0,0x002D13B0,0x002D145C,172
FUN_002d1470,0x002D1470,0x002D1484,20
FUN_002d1490,0x002D1490,0x002D1504,116
FUN_002d1510,0x002D1510,0x002D1560,80
FUN_002d1560,0x002D1560,0x002D157C,28
FUN_002d1580,0x002D1580,0x002D15B0,48
FUN_002d15b0,0x002D15B0,0x002D15B8,8
FUN_002d15c0,0x002D15C0,0x002D15D0,16
FUN_002d15d0,0x002D15D0,0x002D17F8,552
FUN_002d1810,0x002D1810,0x002D1824,20
FUN_002d1830,0x002D1830,0x002D1838,8
FUN_002d1840,0x002D1840,0x002D1A88,584
FUN_002d1aa0,0x002D1AA0,0x002D1B10,112
FUN_002d1b20,0x002D1B20,0x002D1B2C,12
FUN_002d1e40,0x002D1E40,0x002D1F08,200
FUN_002d1f20,0x002D1F20,0x002D1F84,100
FUN_002d1f90,0x002D1F90,0x002D1FCC,60
FUN_002d1fd0,0x002D1FD0,0x002D2090,188
FUN_002d20a0,0x002D20A0,0x002D20C8,40
FUN_002d20d0,0x002D20D0,0x002D211C,76
FUN_002d2120,0x002D2120,0x002D21A4,132
FUN_002d21b0,0x002D21B0,0x002D21C4,20
FUN_002d2330,0x002D2330,0x002D2364,52
FUN_002d2370,0x002D2370,0x002D24F0,384
FUN_002d2500,0x002D2500,0x002D2554,84
FUN_002d2658,0x002D2658,0x002D26F8,160
FUN_002d2750,0x002D2750,0x002D27A4,84
FUN_002d27e0,0x002D27E0,0x002D27F0,16
FUN_002d3a60,0x002D3A60,0x002D3A88,40
FUN_002d3a90,0x002D3A90,0x002D3B64,212
FUN_002d3b80,0x002D3B80,0x002D3BD0,80
FUN_002d3c80,0x002D3C80,0x002D3CD4,84
FUN_002d3d60,0x002D3D60,0x002D3E6C,268
FUN_002d3e80,0x002D3E80,0x002D3F88,264
FUN_002d3fc0,0x002D3FC0,0x002D4014,84
FUN_002d4020,0x002D4020,0x002D406C,76
FUN_002d4070,0x002D4070,0x002D41A4,304
FUN_002d42a0,0x002D42A0,0x002D4590,748
FUN_002d45f0,0x002D45F0,0x002D461C,44
FUN_002d4630,0x002D4630,0x002D4668,56
FUN_002d4680,0x002D4680,0x002D477C,252
FUN_002d4780,0x002D4780,0x002D4798,24
FUN_002d5130,0x002D5130,0x002D51B4,132
FUN_002d5290,0x002D5290,0x002D52AC,28
FUN_002d5460,0x002D5460,0x002D54C0,44
FUN_002d54d0,0x002D54D0,0x002D54DC,12
FUN_002d56d0,0x002D56D0,0x002D56DC,12
FUN_002d5a50,0x002D5A50,0x002D5BF8,120
FUN_002d5c10,0x002D5C10,0x002D5C58,72
FUN_002d5c70,0x002D5C70,0x002D5C7C,12
FUN_002d5d10,0x002D5D10,0x002D5D1C,12
FUN_002d5ed0,0x002D5ED0,0x002D5F30,96
FUN_002d5f40,0x002D5F40,0x002D5F48,8
FUN_002d6000,0x002D6000,0x002D6010,16
FUN_002d6010,0x002D6010,0x002D6020,16
FUN_002d6020,0x002D6020,0x002D6088,104
FUN_002d6090,0x002D6090,0x002D60F8,104
FUN_002d6100,0x002D6100,0x002D615C,92
FUN_002d6170,0x002D6170,0x002D61D0,96
FUN_002d61e0,0x002D61E0,0x002D6264,132
FUN_002d6280,0x002D6280,0x002D6288,8
FUN_002d6330,0x002D6330,0x002D6398,104
FUN_002d63b0,0x002D63B0,0x002D63B8,8
FUN_002d63c0,0x002D63C0,0x002D63C8,8
FUN_002d63f0,0x002D63F0,0x002D6474,132
FUN_002d6480,0x002D6480,0x002D6498,24
FUN_002d6920,0x002D6920,0x002D69C4,164
FUN_002d69e0,0x002D69E0,0x002D69FC,28
FUN_002d6b00,0x002D6B00,0x002D6F54,56
FUN_002d6f60,0x002D6F60,0x002D6FC4,100
FUN_002d6fd0,0x002D6FD0,0x002D6FF0,32
FUN_002d7120,0x002D7120,0x002D7134,20
FUN_002d71f0,0x002D71F0,0x002D7204,20
FUN_002d7320,0x002D7320,0x002D7328,8
FUN_002d73d0,0x002D73D0,0x002D742C,92
FUN_002d74e0,0x002D74E0,0x002D74EC,12
FUN_002d75c0,0x002D75C0,0x002D75C8,8
FUN_002d7720,0x002D7720,0x002D78A4,372
FUN_002d78b0,0x002D78B0,0x002D78E8,56
FUN_002d7910,0x002D7910,0x002D7974,100
FUN_002d79c0,0x002D79C0,0x002D7A24,100
FUN_002d7a70,0x002D7A70,0x002D7B64,244
FUN_002d7ce0,0x002D7CE0,0x002D7D14,52
FUN_002d7d20,0x002D7D20,0x002D7D2C,12
FUN_002d7e20,0x002D7E20,0x002D8104,464
FUN_002d8120,0x002D8120,0x002D8130,16
FUN_002d85d0,0x002D85D0,0x002D85E4,20
FUN_002d8690,0x002D8690,0x002D87DC,256
FUN_002d8840,0x002D8840,0x002D8848,8
FUN_002d8ac0,0x002D8AC0,0x002D8CA4,484
FUN_002d8cb0,0x002D8CB0,0x002D8DD8,288
FUN_002d8df0,0x002D8DF0,0x002D8DFC,12
FUN_002d9500,0x002D9500,0x002D950C,12
FUN_002da120,0x002DA120,0x002DA4A4,884
FUN_002da4c0,0x002DA4C0,0x002DA69C,460
FUN_002da6b0,0x002DA6B0,0x002DA6BC,12
FUN_002db480,0x002DB480,0x002DB7DC,860
FUN_002db7f0,0x002DB7F0,0x002DB8E0,240
FUN_002db900,0x002DB900,0x002DB948,72
FUN_002db990,0x002DB990,0x002DB9CC,60
FUN_002db9e0,0x002DB9E0,0x002DBA0C,44
FUN_002dba90,0x002DBA90,0x002DBA9C,12
FUN_002dbd70,0x002DBD70,0x002DBD84,20
FUN_002dc070,0x002DC070,0x002DC448,984
FUN_002dc460,0x002DC460,0x002DC494,52
FUN_002dc4e0,0x002DC4E0,0x002DC6B8,472
FUN_002dc6d0,0x002DC6D0,0x002DC6D8,8
FUN_002dc6e0,0x002DC6E0,0x002DC6E8,8
FUN_002dc710,0x002DC710,0x002DC724,20
FUN_002dc960,0x002DC960,0x002DCA3C,220
FUN_002dca70,0x002DCA70,0x002DCAD8,104
FUN_002dcae0,0x002DCAE0,0x002DCB40,96
FUN_002dcb40,0x002DCB40,0x002DCB54,20
FUN_002dcdd0,0x002DCDD0,0x002DCDE0,16
FUN_002dd040,0x002DD040,0x002DD058,24
FUN_002dd090,0x002DD090,0x002DD0FC,108
FUN_002dd110,0x002DD110,0x002DD11C,12
FUN_002dd310,0x002DD310,0x002DD420,272
FUN_002dd420,0x002DD420,0x002DD43C,28
FUN_002dd860,0x002DD860,0x002DD960,256
FUN_002dd980,0x002DD980,0x002DDAA0,152
FUN_002ddac0,0x002DDAC0,0x002DDACC,12
FUN_002ddb30,0x002DDB30,0x002DDB84,84
FUN_002ddba0,0x002DDBA0,0x002DDBA8,8
FUN_002ddc60,0x002DDC60,0x002DDC6C,12
FUN_002ddd20,0x002DDD20,0x002DDD2C,12
FUN_002dde20,0x002DDE20,0x002DDE28,8
FUN_002dded0,0x002DDED0,0x002DDEDC,12
FUN_002de030,0x002DE030,0x002DE064,52
FUN_002de0a0,0x002DE0A0,0x002DE0DC,60
FUN_002de0f0,0x002DE0F0,0x002DE0FC,12
FUN_002de1c0,0x002DE1C0,0x002DE1D8,24
FUN_002de490,0x002DE490,0x002DE504,116
FUN_002de540,0x002DE540,0x002DE554,20
FUN_002de8e0,0x002DE8E0,0x002DE8FC,28
FUN_002dea80,0x002DEA80,0x002DEA98,24
FUN_002dec30,0x002DEC30,0x002DEC40,16
FUN_002defa0,0x002DEFA0,0x002DF168,456
FUN_002df180,0x002DF180,0x002DF18C,12
FUN_002df470,0x002DF470,0x002DF47C,12
FUN_002df5b0,0x002DF5B0,0x002DF5D0,32
FUN_002df760,0x002DF760,0x002DF770,16
FUN_002df860,0x002DF860,0x002DF880,32
FUN_002dfa50,0x002DFA50,0x002DFA70,32
FUN_002dfe10,0x002DFE10,0x002DFF58,328
FUN_002dff70,0x002DFF70,0x002DFF80,16
FUN_002e01c0,0x002E01C0,0x002E01D0,16
FUN_002e02b0,0x002E02B0,0x002E037C,104
FUN_002e0390,0x002E0390,0x002E03A0,16
FUN_002e0520,0x002E0520,0x002E0530,16
FUN_002e06e0,0x002E06E0,0x002E06EC,12
FUN_002e0bf0,0x002E0BF0,0x002E0C1C,44
FUN_002e0c30,0x002E0C30,0x002E0C38,8
FUN_002e0db0,0x002E0DB0,0x002E0DB8,8
FUN_002e0fe0,0x002E0FE0,0x002E0FF0,16
FUN_002e1340,0x002E1340,0x002E1368,40
FUN_002e1380,0x002E1380,0x002E1390,16
FUN_002e19a0,0x002E19A0,0x002E19D0,48
FUN_002e19f0,0x002E19F0,0x002E1A00,16
FUN_002e2030,0x002E2030,0x002E2210,480
thunk_FUN_00124da0,0x002E2300,0x002E2308,8
FUN_002e2320,0x002E2320,0x002E2328,8
FUN_002e2360,0x002E2360,0x002E23A4,68
FUN_002e23b0,0x002E23B0,0x002E23B8,8
FUN_002e2480,0x002E2480,0x002E248C,12
FUN_002e2540,0x002E2540,0x002E2598,88
FUN_002e25a0,0x002E25A0,0x002E25EC,76
FUN_002e26c0,0x002E26C0,0x002E26C8,8
FUN_002e2740,0x002E2740,0x002E279C,92
FUN_002e27b0,0x002E27B0,0x002E280C,92
FUN_002e2820,0x002E2820,0x002E287C,92
FUN_002e2890,0x002E2890,0x002E2904,116
FUN_002e2920,0x002E2920,0x002E2928,8
FUN_002e29a0,0x002E29A0,0x002E2A4C,172
FUN_002e2a60,0x002E2A60,0x002E2A68,8
FUN_002e2b20,0x002E2B20,0x002E2BB0,144
FUN_002e2bc0,0x002E2BC0,0x002E2C10,80
FUN_002e2c10,0x002E2C10,0x002E2C70,96
FUN_002e2ca0,0x002E2CA0,0x002E2CA8,8
FUN_002e2d00,0x002E2D00,0x002E2D98,152
FUN_002e2da0,0x002E2DA0,0x002E2DC4,36
FUN_002e2dd0,0x002E2DD0,0x002E2DFC,44
FUN_002e2e00,0x002E2E00,0x002E2E10,16
FUN_002e3040,0x002E3040,0x002E3054,20
FUN_002e3130,0x002E3130,0x002E3138,8
FUN_002e3190,0x002E3190,0x002E31BC,44
FUN_002e31d0,0x002E31D0,0x002E31F8,40
FUN_002e3200,0x002E3200,0x002E3208,8
FUN_002e34d0,0x002E34D0,0x002E34F4,36
FUN_002e3500,0x002E3500,0x002E3510,16
FUN_002e4760,0x002E4760,0x002E4770,16
FUN_002e5660,0x002E5660,0x002E56B4,84
FUN_002e56c0,0x002E56C0,0x002E5728,104
FUN_002e5740,0x002E5740,0x002E5794,84
FUN_002e5b40,0x002E5B40,0x002E5B94,84
FUN_002e5fb0,0x002E5FB0,0x002E6004,84
FUN_002e6420,0x002E6420,0x002E6474,84
FUN_002e6890,0x002E6890,0x002E68E4,84
FUN_002e6d00,0x002E6D00,0x002E6D54,84
FUN_002e6f10,0x002E6F10,0x002E6F64,84
FUN_002e70f0,0x002E70F0,0x002E718C,156
FUN_002e7220,0x002E7220,0x002E7274,84
FUN_002e7460,0x002E7460,0x002E74B4,84
FUN_002e7600,0x002E7600,0x002E7688,136
FUN_002e76a0,0x002E76A0,0x002E76F4,84
FUN_002e78e0,0x002E78E0,0x002E7934,84
FUN_002e7bb0,0x002E7BB0,0x002E7C04,84
FUN_002e7c10,0x002E7C10,0x002E7CF4,40
FUN_002e7d10,0x002E7D10,0x002E7DE8,204
FUN_002e7df0,0x002E7DF0,0x002E7DF8,8
FUN_002e7f60,0x002E7F60,0x002E8048,232
FUN_002e8060,0x002E8060,0x002E80E4,132
FUN_002e80f0,0x002E80F0,0x002E80FC,12
FUN_002e9040,0x002E9040,0x002E90E4,164
FUN_002e90f0,0x002E90F0,0x002E9144,84
FUN_002e9150,0x002E9150,0x002E915C,12
FUN_002e98e0,0x002E98E0,0x002E9994,180
FUN_002e9b00,0x002E9B00,0x002E9B54,84
FUN_002e9b60,0x002E9B60,0x002E9B70,16
FUN_002ea5b0,0x002EA5B0,0x002EA5B8,8
FUN_002ea660,0x002EA660,0x002EA678,24
FUN_002eb390,0x002EB390,0x002EB3A4,20
FUN_002eb730,0x002EB730,0x002EB744,20
FUN_002ebb00,0x002EBB00,0x002EBB14,20
FUN_002ebed0,0x002EBED0,0x002EBEE0,16
FUN_002ec170,0x002EC170,0x002EC18C,28
FUN_002ec470,0x002EC470,0x002EC47C,12
FUN_002ec4f0,0x002EC4F0,0x002EC508,24
FUN_002ec940,0x002EC940,0x002EC950,16
FUN_002ecb50,0x002ECB50,0x002ECB74,36
FUN_002ecb80,0x002ECB80,0x002ECC74,244
FUN_002ecd10,0x002ECD10,0x002ECDCC,188
FUN_002ecde0,0x002ECDE0,0x002ECE34,80
FUN_002ece50,0x002ECE50,0x002ECE58,8
FUN_002ecfd0,0x002ECFD0,0x002ED14C,380
FUN_002ed190,0x002ED190,0x002ED1FC,108
FUN_002ed260,0x002ED260,0x002ED5F4,916
FUN_002ed600,0x002ED600,0x002ED6D4,208
FUN_002ed6e0,0x002ED6E0,0x002ED6E8,8
FUN_002ed7c0,0x002ED7C0,0x002ED7D0,16
FUN_002eda90,0x002EDA90,0x002EDB3C,172
FUN_002edb50,0x002EDB50,0x002EDE24,712
FUN_002ede30,0x002EDE30,0x002EDE38,8
FUN_002edf30,0x002EDF30,0x002EDF68,56
FUN_002edf80,0x002EDF80,0x002EDF8C,12
FUN_002ee220,0x002EE220,0x002EE22C,12
FUN_002ee4b0,0x002EE4B0,0x002EE4F0,64
FUN_002ee530,0x002EE530,0x002EE570,64
FUN_002ee570,0x002EE570,0x002EE5A8,56
FUN_002ee5c0,0x002EE5C0,0x002EE5C8,8
FUN_002ee690,0x002EE690,0x002EE6C0,48
FUN_002ee710,0x002EE710,0x002EE718,8
FUN_002ee840,0x002EE840,0x002EE884,68
FUN_002ee8a0,0x002EE8A0,0x002EE8E4,68
FUN_002ee900,0x002EE900,0x002EE944,68
FUN_002ee960,0x002EE960,0x002EE970,16
FUN_002ee970,0x002EE970,0x002EE978,8
FUN_002eeb60,0x002EEB60,0x002EEBC4,100
FUN_002eed20,0x002EED20,0x002EED84,100
FUN_002eeda0,0x002EEDA0,0x002EEDAC,12
FUN_002eef90,0x002EEF90,0x002EF07C,76
FUN_002ef0a0,0x002EF0A0,0x002EF0AC,12
FUN_002ef2b0,0x002EF2B0,0x002EF474,452
FUN_002ef480,0x002EF480,0x002EF4C8,72
FUN_002ef4d0,0x002EF4D0,0x002EF578,168
FUN_002ef580,0x002EF580,0x002EF9CC,1100
FUN_002ef9e0,0x002EF9E0,0x002EFA50,112
FUN_002efa50,0x002EFA50,0x002EFB58,264
FUN_002efb70,0x002EFB70,0x002EFBE0,112
FUN_002efbe0,0x002EFBE0,0x002EFBF0,16
FUN_002f0260,0x002F0260,0x002F02E4,132
FUN_002f02f0,0x002F02F0,0x002F0328,56
FUN_002f0340,0x002F0340,0x002F04F0,432
FUN_002f0500,0x002F0500,0x002F0510,16
FUN_002f08e0,0x002F08E0,0x002F093C,92
FUN_002f0940,0x002F0940,0x002F0B98,556
FUN_002f0bb0,0x002F0BB0,0x002F16DC,2200
FUN_002f2180,0x002F2180,0x002F2D1C,2312
FUN_002f2d30,0x002F2D30,0x002F36F0,1812
FUN_002f3710,0x002F3710,0x002F38FC,492
FUN_002f3910,0x002F3910,0x002F3998,136
FUN_002f39b0,0x002F39B0,0x002F39D8,40
FUN_002f39e0,0x002F39E0,0x002F39F0,16
FUN_002f3d30,0x002F3D30,0x002F3D40,16
FUN_002f4090,0x002F4090,0x002F431C,652
FUN_002f4330,0x002F4330,0x002F4340,16
FUN_002f46b0,0x002F46B0,0x002F46C8,24
FUN_002f4a30,0x002F4A30,0x002F4A40,16
FUN_002f4e40,0x002F4E40,0x002F4E58,24
FUN_002f5280,0x002F5280,0x002F528C,12
FUN_002f55c0,0x002F55C0,0x002F55E0,32
FUN_002f59a0,0x002F59A0,0x002F59AC,12
FUN_002f5c80,0x002F5C80,0x002F5CA0,32
FUN_002f6050,0x002F6050,0x002F60A0,80
FUN_002f60b0,0x002F60B0,0x002F61CC,284
FUN_002f61e0,0x002F61E0,0x002F6330,336
FUN_002f63d0,0x002F63D0,0x002F64DC,268
FUN_002f64f0,0x002F64F0,0x002F64F8,8
FUN_002f6600,0x002F6600,0x002F69AC,932
FUN_002f69c0,0x002F69C0,0x002F6BC4,508
FUN_002f6bd0,0x002F6BD0,0x002F6C00,48
FUN_002f6c10,0x002F6C10,0x002F6C18,8
FUN_002f70c0,0x002F70C0,0x002F716C,172
FUN_002f7180,0x002F7180,0x002F73B4,556
FUN_002f73c0,0x002F73C0,0x002F73CC,12
FUN_002f7620,0x002F7620,0x002F7768,328
FUN_002f7780,0x002F7780,0x002F7788,8
FUN_002f7a30,0x002F7A30,0x002F7B20,240
FUN_002f7b90,0x002F7B90,0x002F7C3C,172
FUN_002f7c50,0x002F7C50,0x002F7E84,556
FUN_002f7e90,0x002F7E90,0x002F7EA4,20
FUN_002f80d0,0x002F80D0,0x002F8190,192
FUN_002f81a0,0x002F81A0,0x002F81A8,8
FUN_002f8450,0x002F8450,0x002F8458,8
FUN_002f8550,0x002F8550,0x002F8560,16
FUN_002f8820,0x002F8820,0x002F8914,244
FUN_002f8d00,0x002F8D00,0x002F8D4C,76
FUN_002f8d50,0x002F8D50,0x002F8FF4,676
FUN_002f9000,0x002F9000,0x002F9034,52
FUN_002f9080,0x002F9080,0x002F9204,388
FUN_002f9210,0x002F9210,0x002F9294,132
FUN_002f92a0,0x002F92A0,0x002F92B8,24
FUN_002f9750,0x002F9750,0x002F97FC,172
FUN_002f9810,0x002F9810,0x002F9894,132
FUN_002f98a0,0x002F98A0,0x002F98C0,32
FUN_002f9ff0,0x002F9FF0,0x002FA0A0,176
FUN_002fa0b0,0x002FA0B0,0x002FA1A4,244
FUN_002fa340,0x002FA340,0x002FA374,52
FUN_002fa640,0x002FA640,0x002FA6EC,168
FUN_002fa700,0x002FA700,0x002FA720,32
FUN_002fa880,0x002FA880,0x002FA898,24
FUN_002fa9b0,0x002FA9B0,0x002FABB4,260
FUN_002fabe0,0x002FABE0,0x002FABF4,20
FUN_002faca0,0x002FACA0,0x002FADEC,256
FUN_002fae60,0x002FAE60,0x002FAEF8,144
FUN_002faf10,0x002FAF10,0x002FAF18,8
FUN_002fb190,0x002FB190,0x002FB28C,160
FUN_002fb2a0,0x002FB2A0,0x002FB498,416
FUN_002fb720,0x002FB720,0x002FBA40,800
FUN_002fba50,0x002FBA50,0x002FBC20,460
FUN_002fbc30,0x002FBC30,0x002FBCC0,144
FUN_002fbcd0,0x002FBCD0,0x002FBCE0,16
FUN_002fc2b0,0x002FC2B0,0x002FC3D4,292
FUN_002fc3e0,0x002FC3E0,0x002FC3EC,12
FUN_002fc530,0x002FC530,0x002FC538,8
FUN_002fc650,0x002FC650,0x002FC660,16
FUN_002fc8f0,0x002FC8F0,0x002FC924,52
FUN_002fc970,0x002FC970,0x002FCB1C,428
FUN_002fcb40,0x002FCB40,0x002FCB94,84
FUN_002fcdc0,0x002FCDC0,0x002FCE44,132
FUN_002fce50,0x002FCE50,0x002FCE58,8
FUN_002fd1d0,0x002FD1D0,0x002FD254,132
FUN_002fd260,0x002FD260,0x002FD278,24
FUN_002fd760,0x002FD760,0x002FD808,168
FUN_002fd820,0x002FD820,0x002FD8A4,132
FUN_002fd8b0,0x002FD8B0,0x002FD8C0,16
FUN_002fe2b0,0x002FE2B0,0x002FE334,132
FUN_002fe340,0x002FE340,0x002FE348,8
FUN_002fec50,0x002FEC50,0x002FECA4,84
FUN_002fecd0,0x002FECD0,0x002FED0C,60
FUN_002fed30,0x002FED30,0x002FEE94,356
FUN_002feeb0,0x002FEEB0,0x002FEF04,84
FUN_002fef80,0x002FEF80,0x002FEFD4,84
FUN_002ff130,0x002FF130,0x002FF140,16
FUN_002ff320,0x002FF320,0x002FF32C,12
FUN_002ff4b0,0x002FF4B0,0x002FF4B8,8
FUN_002ff600,0x002FF600,0x002FF638,56
FUN_002ff650,0x002FF650,0x002FF664,20
FUN_002ff6d0,0x002FF6D0,0x002FF754,132
FUN_002ff760,0x002FF760,0x002FF76C,12
FUN_002ffc70,0x002FFC70,0x002FFCD8,96
FUN_002ffcf0,0x002FFCF0,0x002FFD04,20
FUN_003001b0,0x003001B0,0x00300204,84
FUN_003003c0,0x003003C0,0x003003D0,16
FUN_00300650,0x00300650,0x00300658,8
FUN_003007e0,0x003007E0,0x003007F8,24
FUN_00300a20,0x00300A20,0x00300A28,8
FUN_00300bc0,0x00300BC0,0x00300BD0,16
FUN_00301250,0x00301250,0x003012A4,84
FUN_003012b0,0x003012B0,0x003012C0,16
FUN_00301d40,0x00301D40,0x00301E54,276
FUN_00301e70,0x00301E70,0x00301E7C,12
FUN_003039a0,0x003039A0,0x00303BF4,204
FUN_00303c30,0x00303C30,0x00303C94,100
FUN_00303f90,0x00303F90,0x00303F9C,12
FUN_003048c0,0x003048C0,0x003048CC,12
FUN_00304d70,0x00304D70,0x00304ED8,360
FUN_00304ef0,0x00304EF0,0x00304F44,84
FUN_00304f50,0x00304F50,0x0030536C,1052
FUN_00305380,0x00305380,0x00305518,408
FUN_003055f0,0x003055F0,0x00305644,84
FUN_00305700,0x00305700,0x00305744,68
FUN_003059c0,0x003059C0,0x003059CC,12
FUN_00305dd0,0x00305DD0,0x00305E80,176
FUN_00305e90,0x00305E90,0x00305EE4,84
FUN_00306290,0x00306290,0x003062E4,84
FUN_003063a0,0x003063A0,0x003063B4,20
FUN_003067b0,0x003067B0,0x003067C8,24
FUN_003069b0,0x003069B0,0x003069C0,16
FUN_00306b20,0x00306B20,0x00306B84,100
FUN_00307130,0x00307130,0x00307194,100
FUN_00307740,0x00307740,0x003077A4,100
FUN_00307d50,0x00307D50,0x00307DB4,100
FUN_00308360,0x00308360,0x003083C4,100
FUN_00308990,0x00308990,0x003089E4,84
FUN_00308af0,0x00308AF0,0x00308B44,84
FUN_00308d70,0x00308D70,0x00308EA4,228
FUN_00308ec0,0x00308EC0,0x00308FB4,244
FUN_00309080,0x00309080,0x003090E4,100
FUN_003090f0,0x003090F0,0x00309164,116
FUN_00309180,0x00309180,0x003091FC,124
FUN_00309210,0x00309210,0x003092CC,188
FUN_003092e0,0x003092E0,0x00309334,80
FUN_00309350,0x00309350,0x00309404,180
FUN_00309410,0x00309410,0x00309444,52
FUN_00309490,0x00309490,0x00309584,244
FUN_00309680,0x00309680,0x00309698,24
FUN_00309890,0x00309890,0x003098A0,16
FUN_00309ba0,0x00309BA0,0x00309BB0,16
FUN_0030a210,0x0030A210,0x0030A218,8
FUN_0030a4d0,0x0030A4D0,0x0030A63C,356
FUN_0030a650,0x0030A650,0x0030A658,8
FUN_0030a850,0x0030A850,0x0030A85C,12
FUN_0030ab80,0x0030AB80,0x0030AB88,8
FUN_0030ae00,0x0030AE00,0x0030AE20,32
FUN_0030af20,0x0030AF20,0x0030B1D0,84
FUN_0030b1e0,0x0030B1E0,0x0030B1F4,20
FUN_0030b240,0x0030B240,0x0030B24C,12
FUN_0030b540,0x0030B540,0x0030B548,8
FUN_0030b7c0,0x0030B7C0,0x0030B830,112
FUN_0030b840,0x0030B840,0x0030B864,36
FUN_0030bb70,0x0030BB70,0x0030BBE4,116
FUN_0030bbf0,0x0030BBF0,0x0030BC34,68
FUN_0030be20,0x0030BE20,0x0030C198,888
FUN_0030c1b0,0x0030C1B0,0x0030C1E4,52
FUN_0030c230,0x0030C230,0x0030C3D0,416
FUN_0030c3e0,0x0030C3E0,0x0030C4D4,244
FUN_0030c520,0x0030C520,0x0030C658,312
FUN_0030c670,0x0030C670,0x0030C7A8,312
FUN_0030ca80,0x0030CA80,0x0030CB24,164
FUN_0030cb40,0x0030CB40,0x0030CB94,80
FUN_0030d150,0x0030D150,0x0030D288,312
FUN_0030d2f0,0x0030D2F0,0x0030D300,16
FUN_0030d6e0,0x0030D6E0,0x0030D934,588
FUN_0030d940,0x0030D940,0x0030D94C,12
FUN_0030daf0,0x0030DAF0,0x0030DC10,288
FUN_0030dc70,0x0030DC70,0x0030DC80,16
FUN_0030e060,0x0030E060,0x0030E06C,12
FUN_0030e1f0,0x0030E1F0,0x0030E2C8,216
FUN_0030e2f0,0x0030E2F0,0x0030E320,48
FUN_0030e340,0x0030E340,0x0030E368,40
FUN_0030e3d0,0x0030E3D0,0x0030E3F4,36
FUN_0030e580,0x0030E580,0x0030E594,20
FUN_0030e7f0,0x0030E7F0,0x0030E7FC,12
FUN_0030eab0,0x0030EAB0,0x0030ED54,668
FUN_0030ed60,0x0030ED60,0x0030ED6C,12
FUN_0030ee90,0x0030EE90,0x0030EEE4,84
FUN_0030ef80,0x0030EF80,0x0030EFD4,84
FUN_0030f070,0x0030F070,0x0030F0C4,84
FUN_0030f2b0,0x0030F2B0,0x0030F2D8,40
FUN_0030f2e0,0x0030F2E0,0x0030F340,96
FUN_0030f350,0x0030F350,0x0030F480,304
FUN_0030f490,0x0030F490,0x0030F4D4,68
FUN_0030f4e0,0x0030F4E0,0x0030F4F0,16
FUN_0030f850,0x0030F850,0x0030F8A4,84
FUN_0030f940,0x0030F940,0x0030F994,84
FUN_0030fa90,0x0030FA90,0x0030FA98,8
FUN_00310170,0x00310170,0x003101C4,84
FUN_003102e0,0x003102E0,0x003102F4,20
FUN_00310450,0x00310450,0x003104C4,116
FUN_003104d0,0x003104D0,0x003104D8,8
FUN_00310640,0x00310640,0x003106D4,148
FUN_003106e0,0x003106E0,0x003109F4,788
FUN_00310a30,0x00310A30,0x00310A84,84
FUN_00310b20,0x00310B20,0x00310C84,316
FUN_00310c90,0x00310C90,0x00310CAC,28
FUN_00311140,0x00311140,0x00311148,8
FUN_003116b0,0x003116B0,0x003116B8,8
FUN_003119a0,0x003119A0,0x00311A94,244
FUN_00311b30,0x00311B30,0x00311BEC,188
FUN_00311c00,0x00311C00,0x00311C54,80
FUN_00311c70,0x00311C70,0x00311C78,8
FUN_00311d70,0x00311D70,0x00311D80,16
FUN_00312040,0x00312040,0x003120C4,132
FUN_003120d0,0x003120D0,0x003120E0,16
FUN_00312450,0x00312450,0x003124FC,104
FUN_00312510,0x00312510,0x0031251C,12
FUN_003128e0,0x003128E0,0x00312900,32
FUN_00312b50,0x00312B50,0x00312BD4,132
FUN_00312be0,0x00312BE0,0x00312C24,68
FUN_00312d90,0x00312D90,0x00312E94,260
FUN_00312ea0,0x00312EA0,0x00312ED8,56
FUN_00312ef0,0x00312EF0,0x00312FAC,188
FUN_00312fc0,0x00312FC0,0x00313014,80
FUN_00313030,0x00313030,0x003130B4,132
FUN_003130c0,0x003130C0,0x003130C8,8
FUN_003136c0,0x003136C0,0x003136CC,12
FUN_00313980,0x00313980,0x00313994,20
FUN_00313fd0,0x00313FD0,0x00314088,184
FUN_003140b0,0x003140B0,0x003140C0,16
FUN_003142f0,0x003142F0,0x003142F8,8
FUN_003145a0,0x003145A0,0x003146EC,76
FUN_00314700,0x00314700,0x00314718,24
FUN_00314990,0x00314990,0x003149F4,100
FUN_00314a00,0x00314A00,0x00314A14,20
FUN_00314b90,0x00314B90,0x00314C1C,140
FUN_00314ce0,0x00314CE0,0x00314D00,32
FUN_00314d40,0x00314D40,0x00314D48,8
FUN_00314f20,0x00314F20,0x00315084,120
FUN_003150a0,0x003150A0,0x003150E8,72
FUN_00315100,0x00315100,0x0031510C,12
FUN_003151a0,0x003151A0,0x003151AC,12
FUN_003154b0,0x003154B0,0x0031552C,124
FUN_00315540,0x00315540,0x003155B4,116
FUN_003155c0,0x003155C0,0x00315694,212
FUN_003156a0,0x003156A0,0x003156F4,84
FUN_00315700,0x00315700,0x00315708,8
FUN_00315ab0,0x00315AB0,0x00315B1C,108
FUN_00315b30,0x00315B30,0x00315C24,244
FUN_00315cc0,0x00315CC0,0x00315D7C,188
FUN_00315d90,0x00315D90,0x00315DE4,80
FUN_00315e00,0x00315E00,0x00315E08,8
FUN_00315f00,0x00315F00,0x00315F10,16
FUN_003161f0,0x003161F0,0x00316274,132
FUN_00316280,0x00316280,0x0031628C,12
FUN_00316660,0x00316660,0x003166B0,72
FUN_003166b0,0x003166B0,0x003168CC,492
FUN_003168f0,0x003168F0,0x003168F8,8
FUN_00316ab0,0x00316AB0,0x00316BA4,244
FUN_00316c40,0x00316C40,0x00316CFC,188
FUN_00316d10,0x00316D10,0x00316D64,80
FUN_00316d80,0x00316D80,0x00316DD4,84
FUN_00316de0,0x00316DE0,0x00316DEC,12
FUN_003175b0,0x003175B0,0x003175C0,16
FUN_00317920,0x00317920,0x00317930,16
FUN_00317c70,0x00317C70,0x00317D34,196
FUN_00317d40,0x00317D40,0x00317D48,8
FUN_00319b18,0x00319B18,0x00319F48,1068
FUN_00319f48,0x00319F48,0x0031A2E4,924
FUN_0031a2e8,0x0031A2E8,0x0031A5D0,744
FUN_0031a5d0,0x0031A5D0,0x0031A8F4,804
FUN_0031a8f8,0x0031A8F8,0x0031AA28,300
FUN_0031aa28,0x0031AA28,0x0031AE08,988
FUN_0031ae08,0x0031AE08,0x0031AF40,308
FUN_0031af40,0x0031AF40,0x0031B098,340
FUN_0031b098,0x0031B098,0x0031B9E4,2380
FUN_0031b9e8,0x0031B9E8,0x0031BAEC,260
FUN_0031bd88,0x0031BD88,0x0031BDAC,36
FUN_0031bdb0,0x0031BDB0,0x0031C058,676
FUN_0031c140,0x0031C140,0x0031C15C,28
FUN_0031c160,0x0031C160,0x0031C244,228
FUN_0031c248,0x0031C248,0x0031C338,240
FUN_0031c3c0,0x0031C3C0,0x0031C4BC,252
FUN_0031c4c0,0x0031C4C0,0x0031C5BC,252
FUN_0031c5c0,0x0031C5C0,0x0031C6E8,296
FUN_0031c6e8,0x0031C6E8,0x0031C830,328
FUN_0031c830,0x0031C830,0x0031C97C,332
FUN_0031c980,0x0031C980,0x0031CA94,276
FUN_0031caa0,0x0031CAA0,0x0031CB04,100
FUN_0031cd70,0x0031CD70,0x0031CDD4,100
FUN_0031cfb0,0x0031CFB0,0x0031D014,100
FUN_0031d110,0x0031D110,0x0031D174,100
FUN_0031d590,0x0031D590,0x0031D5F4,100
FUN_0031d6f0,0x0031D6F0,0x0031D7E4,244
FUN_0031d880,0x0031D880,0x0031D93C,188
FUN_0031d950,0x0031D950,0x0031D9A4,80
FUN_0031d9c0,0x0031D9C0,0x0031D9D4,20
FUN_0031de10,0x0031DE10,0x0031DE2C,28
FUN_0031e130,0x0031E130,0x0031E150,32
FUN_0031e150,0x0031E150,0x0031E1A8,88
FUN_0031e1c0,0x0031E1C0,0x0031E214,84
FUN_0031e460,0x0031E460,0x0031E50C,172
FUN_0031e510,0x0031E510,0x0031E5A4,148
FUN_0031e5c0,0x0031E5C0,0x0031E6B4,244
FUN_0031e750,0x0031E750,0x0031E80C,188
FUN_0031e820,0x0031E820,0x0031E874,80
FUN_0031e890,0x0031E890,0x0031E914,132
FUN_0031ea10,0x0031EA10,0x0031EA34,36
FUN_0031eb70,0x0031EB70,0x0031EB78,8
FUN_0031ed70,0x0031ED70,0x0031EE44,212
FUN_0031ee70,0x0031EE70,0x0031EEC0,80
FUN_0031ef40,0x0031EF40,0x0031EF94,84
FUN_0031eff0,0x0031EFF0,0x0031F0F8,264
FUN_0031f110,0x0031F110,0x0031F204,244
FUN_0031f230,0x0031F230,0x0031F250,32
FUN_0031f260,0x0031F260,0x0031F27C,28
FUN_0031f3e0,0x0031F3E0,0x0031F3EC,12
FUN_0031f4e0,0x0031F4E0,0x0031F4EC,12
FUN_0031f560,0x0031F560,0x0031F6C4,356
FUN_0031f6e0,0x0031F6E0,0x0031F870,400
FUN_0031fb80,0x0031FB80,0x0031FBDC,92
FUN_0031fce0,0x0031FCE0,0x0031FF8C,684
FUN_0031ffa0,0x0031FFA0,0x0031FFF0,80
FUN_00320000,0x00320000,0x00320138,312
FUN_00320150,0x00320150,0x00320184,52
FUN_003201d0,0x003201D0,0x00320398,456
FUN_003203b0,0x003203B0,0x003204E8,312
FUN_00320590,0x00320590,0x00320598,8
FUN_003206a0,0x003206A0,0x00320A4C,932
FUN_00320a60,0x00320A60,0x00320C64,508
FUN_00320c70,0x00320C70,0x00320C98,40
FUN_00320cb0,0x00320CB0,0x00320CB8,8
FUN_00320e50,0x00320E50,0x00320EA4,84
FUN_00320ff0,0x00320FF0,0x00320FF8,8
FUN_003212a0,0x003212A0,0x00321334,148
FUN_00321340,0x00321340,0x0032134C,12
FUN_003214e0,0x003214E0,0x0032158C,172
FUN_00321590,0x00321590,0x00321624,148
FUN_00321640,0x00321640,0x00321734,244
FUN_003217d0,0x003217D0,0x0032188C,188
FUN_003218a0,0x003218A0,0x003218F4,80
FUN_00321910,0x00321910,0x00321994,132
FUN_003219a0,0x003219A0,0x003219B8,24
FUN_00321d20,0x00321D20,0x00321D34,20
FUN_00321e30,0x00321E30,0x00321E48,24
FUN_00321fe0,0x00321FE0,0x00321FF4,20
FUN_00322430,0x00322430,0x003224E0,176
FUN_003224f0,0x003224F0,0x00322550,96
FUN_00322560,0x00322560,0x00322568,8
FUN_00322580,0x00322580,0x00322590,16
FUN_00322970,0x00322970,0x00322984,20
FUN_00322a00,0x00322A00,0x00322A08,8
FUN_00322a10,0x00322A10,0x00322A54,68
FUN_00322aa0,0x00322AA0,0x00322B14,116
FUN_00322b80,0x00322B80,0x00322BB8,56
FUN_00322bd0,0x00322BD0,0x00322C34,100
FUN_00322c40,0x00322C40,0x00322CB4,116
FUN_00322cd0,0x00322CD0,0x00322CD8,8
FUN_00323040,0x00323040,0x003230A0,96
FUN_003230b0,0x003230B0,0x003230C4,20
FUN_00323510,0x00323510,0x00323530,32
FUN_00323a70,0x00323A70,0x00323A80,16
FUN_00324410,0x00324410,0x003244AC,156
FUN_003244d0,0x003244D0,0x0032463C,364
FUN_00324650,0x00324650,0x003246FC,172
FUN_00324710,0x00324710,0x00324784,116
FUN_003247d0,0x003247D0,0x003247E4,20
FUN_00324ae0,0x00324AE0,0x00324AEC,12
FUN_00324cd0,0x00324CD0,0x00324CE8,24
FUN_00324fa0,0x00324FA0,0x00324FB8,24
FUN_003250d0,0x003250D0,0x003250DC,12
FUN_00325220,0x00325220,0x00325234,20
FUN_00325410,0x00325410,0x00325420,16
FUN_003255c0,0x003255C0,0x003255E0,32
FUN_003257b0,0x003257B0,0x003257D0,32
FUN_00325b60,0x00325B60,0x00325B78,24
FUN_00325d70,0x00325D70,0x00325D7C,12
FUN_00325ec0,0x00325EC0,0x00325ED0,16
FUN_00326130,0x00326130,0x00326140,16
FUN_00326680,0x00326680,0x003266BC,60
FUN_00326950,0x00326950,0x0032696C,28
FUN_00326af0,0x00326AF0,0x00326B04,20
FUN_00326da0,0x00326DA0,0x00326DB0,16
FUN_00327030,0x00327030,0x00327040,16
FUN_003272e0,0x003272E0,0x003272F4,20
FUN_00327450,0x00327450,0x0032752C,220
FUN_00327540,0x00327540,0x003277AC,284
FUN_003277c0,0x003277C0,0x003278E0,288
FUN_003278f0,0x003278F0,0x003279D4,228
FUN_003279f0,0x003279F0,0x003279FC,12
FUN_00327b70,0x00327B70,0x00327BAC,60
FUN_00327ca0,0x00327CA0,0x00327DBC,284
FUN_00327dd0,0x00327DD0,0x00327DE8,24
FUN_003284f0,0x003284F0,0x00328500,16
FUN_00328960,0x00328960,0x0032896C,12
FUN_00328e00,0x00328E00,0x00328E0C,12
FUN_00329270,0x00329270,0x00329280,16
FUN_00329360,0x00329360,0x0032942C,104
FUN_00329440,0x00329440,0x00329450,16
FUN_0032a0e0,0x0032A0E0,0x0032A0F8,24
FUN_0032a260,0x0032A260,0x0032A278,24
FUN_0032a550,0x0032A550,0x0032A55C,12
FUN_0032a890,0x0032A890,0x0032A8BC,44
FUN_0032a8d0,0x0032A8D0,0x0032A8D8,8
FUN_0032aa50,0x0032AA50,0x0032AA58,8
FUN_0032aaf0,0x0032AAF0,0x0032AB00,16
FUN_0032ae80,0x0032AE80,0x0032AEF4,116
FUN_0032af00,0x0032AF00,0x0032AF10,16
FUN_0032b080,0x0032B080,0x0032B088,8
FUN_0032b210,0x0032B210,0x0032B220,16
FUN_0032bb50,0x0032BB50,0x0032BB60,16
FUN_0032bd40,0x0032BD40,0x0032BD70,48
FUN_0032bd90,0x0032BD90,0x0032BE9C,268
FUN_0032beb0,0x0032BEB0,0x0032BEF0,64
FUN_0032bf00,0x0032BF00,0x0032BFE4,228
FUN_0032c000,0x0032C000,0x0032C028,40
FUN_0032c040,0x0032C040,0x0032C048,8
FUN_0032c240,0x0032C240,0x0032C334,244
FUN_0032c3d0,0x0032C3D0,0x0032C48C,188
FUN_0032c4a0,0x0032C4A0,0x0032C4F4,80
FUN_0032c510,0x0032C510,0x0032C5C8,184
FUN_0032c630,0x0032C630,0x0032C638,8
FUN_0032c690,0x0032C690,0x0032C6E4,84
FUN_0032c830,0x0032C830,0x0032C868,56
FUN_0032c880,0x0032C880,0x0032C93C,188
FUN_0032c950,0x0032C950,0x0032C9A4,80
FUN_0032c9c0,0x0032C9C0,0x0032CAB4,244
FUN_0032cb50,0x0032CB50,0x0032CC0C,188
FUN_0032cc20,0x0032CC20,0x0032CC74,80
FUN_0032cc90,0x0032CC90,0x0032CCF4,100
FUN_0032ce00,0x0032CE00,0x0032CEF4,244
FUN_0032cf40,0x0032CF40,0x0032CF54,20
FUN_0032d150,0x0032D150,0x0032D15C,12
FUN_0032d270,0x0032D270,0x0032D2B4,68
FUN_0032d2c0,0x0032D2C0,0x0032D2CC,12
FUN_0032d430,0x0032D430,0x0032DA4C,864
FUN_0032da60,0x0032DA60,0x0032DA98,56
FUN_0032dab0,0x0032DAB0,0x0032DB6C,188
FUN_0032db80,0x0032DB80,0x0032DBD4,80
FUN_0032dbf0,0x0032DBF0,0x0032DC44,84
FUN_0032ddf0,0x0032DDF0,0x0032DF0C,284
FUN_0032df20,0x0032DF20,0x0032DFFC,220
FUN_0032e010,0x0032E010,0x0032E28C,528
FUN_0032e2a0,0x0032E2A0,0x0032E410,252
FUN_0032e430,0x0032E430,0x0032E484,84
FUN_0032e4a0,0x0032E4A0,0x0032E6A4,516
FUN_0032e6c0,0x0032E6C0,0x0032E6F4,52
FUN_0032e730,0x0032E730,0x0032E880,336
FUN_0032e890,0x0032E890,0x0032E940,176
FUN_0032e950,0x0032E950,0x0032E95C,12
FUN_0032eeb0,0x0032EEB0,0x0032EF20,76
FUN_0032ef30,0x0032EF30,0x0032EF44,20
FUN_0032f5b0,0x0032F5B0,0x0032F6A4,244
FUN_0032fb40,0x0032FB40,0x0032FB58,24
FUN_0032fc70,0x0032FC70,0x0032FE74,260
FUN_0032fea0,0x0032FEA0,0x0032FEB4,20
FUN_0032ff60,0x0032FF60,0x003300AC,256
FUN_00330120,0x00330120,0x003301B8,144
FUN_003301d0,0x003301D0,0x003301D8,8
FUN_00330450,0x00330450,0x0033054C,160
FUN_00330560,0x00330560,0x00330758,416
FUN_003309e0,0x003309E0,0x00330D00,800
FUN_00330d10,0x00330D10,0x00330D44,52
FUN_00330d50,0x00330D50,0x00330D5C,12
FUN_00330e70,0x00330E70,0x00330E7C,12
FUN_00330f60,0x00330F60,0x00330F70,16
FUN_00331200,0x00331200,0x00331234,52
FUN_00331280,0x00331280,0x00331434,436
FUN_00331450,0x00331450,0x003314B4,100
FUN_003315f0,0x003315F0,0x00331654,100
FUN_00331790,0x00331790,0x003317F4,100
FUN_003318b0,0x003318B0,0x00331914,100
FUN_003319d0,0x003319D0,0x00331A34,100
FUN_00331b60,0x00331B60,0x00331BC4,100
FUN_00331ce0,0x00331CE0,0x00331D44,100
FUN_00331e20,0x00331E20,0x00331E84,100
FUN_00331f70,0x00331F70,0x00331FD4,100
FUN_00332120,0x00332120,0x00332184,100
FUN_003322e0,0x003322E0,0x00332344,100
FUN_003323c0,0x003323C0,0x00332424,100
FUN_00332620,0x00332620,0x00332684,100
FUN_00332830,0x00332830,0x00332894,100
FUN_00332a10,0x00332A10,0x00332A74,100
FUN_00332c50,0x00332C50,0x00332CB4,100
FUN_00332e70,0x00332E70,0x00332ED4,100
FUN_00333060,0x00333060,0x003330C4,100
FUN_00333240,0x00333240,0x003332A4,100
FUN_003332b0,0x003332B0,0x003334FC,588
FUN_00333510,0x00333510,0x00333530,32
FUN_003336b0,0x003336B0,0x003336CC,28
FUN_00333880,0x00333880,0x003338A0,32
FUN_003338e0,0x003338E0,0x003338EC,12
FUN_00333ad0,0x00333AD0,0x00333AE0,16
FUN_00333fa0,0x00333FA0,0x003341BC,228
FUN_003341d0,0x003341D0,0x00334218,72
FUN_00334230,0x00334230,0x0033423C,12
FUN_003342d0,0x003342D0,0x003342DC,12
FUN_003344a0,0x003344A0,0x0033454C,172
FUN_00334560,0x00334560,0x003345C4,100
FUN_003345d0,0x003345D0,0x003345E4,20
FUN_00334760,0x00334760,0x003347D8,120
FUN_003348a0,0x003348A0,0x003348C0,32
FUN_00334900,0x00334900,0x00334908,8
FUN_00334ae0,0x00334AE0,0x00334C44,120
FUN_00334c60,0x00334C60,0x00334CA8,72
FUN_00334cc0,0x00334CC0,0x00334CCC,12
FUN_00334d60,0x00334D60,0x00334D6C,12
FUN_00335070,0x00335070,0x003350EC,124
FUN_00335100,0x00335100,0x00335174,116
FUN_00335180,0x00335180,0x00335254,212
FUN_00335260,0x00335260,0x00335268,8
FUN_00335640,0x00335640,0x003356B0,112
FUN_003356c0,0x003356C0,0x00335734,116
FUN_00335740,0x00335740,0x00335814,212
FUN_00335820,0x00335820,0x00335828,8
FUN_00335c00,0x00335C00,0x00335C6C,108
FUN_00335c80,0x00335C80,0x00335CF4,116
FUN_00335d00,0x00335D00,0x00335DD4,212
FUN_00335de0,0x00335DE0,0x00335DF4,20
FUN_003361b0,0x003361B0,0x0033620C,92
FUN_00336220,0x00336220,0x00336284,100
FUN_00336290,0x00336290,0x003362A4,20
FUN_00336420,0x00336420,0x00336490,112
FUN_00336550,0x00336550,0x00336570,32
FUN_003365b0,0x003365B0,0x003365B8,8
FUN_00336790,0x00336790,0x003368F4,120
FUN_00336910,0x00336910,0x00336958,72
FUN_00336970,0x00336970,0x0033697C,12
FUN_00336a10,0x00336A10,0x00336A1C,12
FUN_00336d20,0x00336D20,0x00336D9C,124
FUN_00336db0,0x00336DB0,0x00336EE8,312
FUN_00336fe0,0x00336FE0,0x00337254,616
FUN_00337430,0x00337430,0x003376BC,640
FUN_00337760,0x00337760,0x0033780C,172
FUN_00337820,0x00337820,0x0033782C,12
FUN_00337a80,0x00337A80,0x00337BD4,340
FUN_00337be0,0x00337BE0,0x00337BEC,12
FUN_00337e20,0x00337E20,0x00337F58,312
FUN_00338040,0x00338040,0x003382B4,616
FUN_003382c0,0x003382C0,0x0033854C,640
FUN_003385f0,0x003385F0,0x0033869C,172
FUN_003386b0,0x003386B0,0x0033886C,444
FUN_00338880,0x00338880,0x003389D4,340
FUN_003389e0,0x003389E0,0x003389EC,12
FUN_00338c20,0x00338C20,0x00338C2C,12
FUN_00338f00,0x00338F00,0x00338F64,100
FUN_003392b0,0x003392B0,0x00339314,100
FUN_00339660,0x00339660,0x003396C4,100
FUN_00339a10,0x00339A10,0x00339B04,244
FUN_00339ba0,0x00339BA0,0x00339C5C,188
FUN_00339c70,0x00339C70,0x00339CC4,80
FUN_00339ce0,0x00339CE0,0x00339D34,84
FUN_0033a040,0x0033A040,0x0033A0A4,100
FUN_0033a0b0,0x0033A0B0,0x0033A0C0,16
FUN_0033a1c0,0x0033A1C0,0x0033A424,588
FUN_0033a470,0x0033A470,0x0033A480,16
FUN_0033a8e0,0x0033A8E0,0x0033A970,144
FUN_0033a980,0x0033A980,0x0033AB80,488
FUN_0033aba0,0x0033ABA0,0x0033AC94,244
FUN_0033ad30,0x0033AD30,0x0033ADEC,188
FUN_0033ae00,0x0033AE00,0x0033AE54,80
FUN_0033ae70,0x0033AE70,0x0033AED4,100
FUN_0033af20,0x0033AF20,0x0033B014,244
FUN_0033b0b0,0x0033B0B0,0x0033B16C,188
FUN_0033b180,0x0033B180,0x0033B1D4,80
FUN_0033b1f0,0x0033B1F0,0x0033B2E4,244
FUN_0033b380,0x0033B380,0x0033B43C,188
FUN_0033b450,0x0033B450,0x0033B4A4,80
FUN_0033b4c0,0x0033B4C0,0x0033B554,148
FUN_0033b560,0x0033B560,0x0033B57C,28
FUN_0033bcb0,0x0033BCB0,0x0033BCC4,20
FUN_0033bd50,0x0033BD50,0x0033BDB4,100
FUN_0033be00,0x0033BE00,0x0033BE84,132
FUN_0033be90,0x0033BE90,0x0033BE9C,12
FUN_0033c3c0,0x0033C3C0,0x0033C468,168
FUN_0033c480,0x0033C480,0x0033C530,176
FUN_0033c540,0x0033C540,0x0033C560,32
FUN_0033c7d0,0x0033C7D0,0x0033C804,52
FUN_0033c830,0x0033C830,0x0033C850,32
FUN_0033cb40,0x0033CB40,0x0033CCB0,368
FUN_0033ccc0,0x0033CCC0,0x0033CD14,84
FUN_0033cd20,0x0033CD20,0x0033CD38,24
FUN_0033cfd0,0x0033CFD0,0x0033CFF0,32
FUN_0033d2c0,0x0033D2C0,0x0033D2D0,16
FUN_0033d4b0,0x0033D4B0,0x0033D4C8,24
FUN_0033d6c0,0x0033D6C0,0x0033D7B4,244
FUN_0033d850,0x0033D850,0x0033D90C,188
FUN_0033d920,0x0033D920,0x0033D974,80
FUN_0033d990,0x0033D990,0x0033D9E4,84
FUN_0033d9f0,0x0033D9F0,0x0033DA0C,28
FUN_0033e2a0,0x0033E2A0,0x0033E2B8,24
FUN_0033e620,0x0033E620,0x0033E714,244
FUN_0033e850,0x0033E850,0x0033E8B4,100
FUN_0033e9c0,0x0033E9C0,0x0033EA24,100
FUN_0033eb30,0x0033EB30,0x0033EB94,100
FUN_0033eca0,0x0033ECA0,0x0033ED04,100
FUN_0033ee10,0x0033EE10,0x0033EE74,100
FUN_0033ef80,0x0033EF80,0x0033EFD4,84
FUN_0033f090,0x0033F090,0x0033F0E4,84
FUN_0033f190,0x0033F190,0x0033F1E4,84
FUN_0033f340,0x0033F340,0x0033F394,84
FUN_0033f4f0,0x0033F4F0,0x0033F544,84
FUN_0033f680,0x0033F680,0x0033F6D4,84
FUN_0033f840,0x0033F840,0x0033F894,84
FUN_0033f930,0x0033F930,0x0033F984,84
FUN_0033fb40,0x0033FB40,0x0033FBFC,188
FUN_0033fc10,0x0033FC10,0x0033FC24,20
FUN_0033fe90,0x0033FE90,0x0033FFB0,208
FUN_0033ffc0,0x0033FFC0,0x00340050,144
FUN_00340060,0x00340060,0x003400B4,84
FUN_00340230,0x00340230,0x00340238,8
FUN_003406a0,0x003406A0,0x003406B8,24
FUN_003409c0,0x003409C0,0x00340A14,84
FUN_00340c50,0x00340C50,0x00340D4C,252
FUN_00340d60,0x00340D60,0x00340DB4,84
FUN_00340fe0,0x00340FE0,0x00340FF8,24
FUN_00341300,0x00341300,0x003413BC,188
FUN_003413c0,0x003413C0,0x003413CC,12
FUN_00341580,0x00341580,0x003415D4,84
FUN_00341720,0x00341720,0x00341738,24
FUN_00341a40,0x00341A40,0x00341ABC,124
FUN_00341ad0,0x00341AD0,0x00341B04,52
FUN_00341b10,0x00341B10,0x00341B64,84
FUN_00341ef0,0x00341EF0,0x00342090,416
FUN_003420a0,0x003420A0,0x003420B0,16
FUN_00342230,0x00342230,0x00342298,104
FUN_003422b0,0x003422B0,0x00342368,184
FUN_00342370,0x00342370,0x0034238C,28
FUN_00342500,0x00342500,0x003425D0,208
FUN_003425d0,0x003425D0,0x003428B4,740
FUN_003428d0,0x003428D0,0x003428E8,24
FUN_00342a30,0x00342A30,0x00342BB0,384
FUN_00342bc0,0x00342BC0,0x00342BD8,24
FUN_00342e80,0x00342E80,0x00342E90,16
FUN_00343180,0x00343180,0x00343198,24
FUN_003434a0,0x003434A0,0x003434B0,16
FUN_00343730,0x00343730,0x00343784,84
FUN_003438c0,0x003438C0,0x00343914,84
FUN_00344050,0x00344050,0x003440A4,84
FUN_00344390,0x00344390,0x0034439C,12
FUN_00344520,0x00344520,0x00344584,100
FUN_00344870,0x00344870,0x003448C4,84
FUN_00344970,0x00344970,0x003449C4,84
FUN_00344b90,0x00344B90,0x00344BE4,84
FUN_00344d80,0x00344D80,0x00344DD4,84
FUN_00344e80,0x00344E80,0x00344ED4,84
FUN_00345000,0x00345000,0x00345054,84
FUN_00345100,0x00345100,0x003451F4,244
FUN_00345290,0x00345290,0x0034534C,188
FUN_00345360,0x00345360,0x003453B4,80
FUN_003453d0,0x003453D0,0x00345480,176
FUN_00345490,0x00345490,0x0034549C,12
FUN_003458a0,0x003458A0,0x003459E4,324
FUN_00345a00,0x00345A00,0x00345A34,52
FUN_00345a60,0x00345A60,0x00345A6C,12
FUN_00345ee0,0x00345EE0,0x00345FD4,244
FUN_00346010,0x00346010,0x0034603C,44
FUN_003461a0,0x003461A0,0x00346260,192
FUN_00346270,0x00346270,0x0034627C,12
FUN_00346330,0x00346330,0x0034633C,12
FUN_00346640,0x00346640,0x0034664C,12
FUN_00346db0,0x00346DB0,0x00346E08,88
FUN_00346f50,0x00346F50,0x00347228,728
FUN_00347240,0x00347240,0x00347284,68
FUN_00347290,0x00347290,0x003472C4,52
FUN_00347310,0x00347310,0x003474CC,444
FUN_003474e0,0x003474E0,0x00347534,84
FUN_00347540,0x00347540,0x003475A0,96
FUN_003475a0,0x003475A0,0x00347634,148
FUN_00347640,0x00347640,0x00347694,84
FUN_003477a0,0x003477A0,0x003478B0,272
FUN_003478c0,0x003478C0,0x003479B4,244
FUN_003479f0,0x003479F0,0x00347A1C,44
FUN_00347b80,0x00347B80,0x00347B8C,12
FUN_00347e90,0x00347E90,0x00347E9C,12
FUN_00348330,0x00348330,0x00348608,728
FUN_00348620,0x00348620,0x00348654,52
FUN_003486a0,0x003486A0,0x0034883C,412
FUN_00348850,0x00348850,0x00348944,244
FUN_00348980,0x00348980,0x003489AC,44
FUN_00348b10,0x00348B10,0x00348B1C,12
FUN_00348e20,0x00348E20,0x00348E2C,12
FUN_003492c0,0x003492C0,0x00349598,728
FUN_003495b0,0x003495B0,0x003495E4,52
FUN_00349630,0x00349630,0x003497CC,412
FUN_003497e0,0x003497E0,0x003498B8,216
FUN_00349ab0,0x00349AB0,0x00349B5C,172
FUN_00349b70,0x00349B70,0x00349DA4,556
FUN_00349db0,0x00349DB0,0x00349E6C,188
FUN_00349e80,0x00349E80,0x00349E88,8
FUN_0034a140,0x0034A140,0x0034A194,84
FUN_0034a360,0x0034A360,0x0034A3B4,84
FUN_0034a4c0,0x0034A4C0,0x0034A514,84
FUN_0034a6a0,0x0034A6A0,0x0034A994,328
FUN_0034a9b0,0x0034A9B0,0x0034AA04,84
FUN_0034abb0,0x0034ABB0,0x0034ACF4,324
FUN_0034ad00,0x0034AD00,0x0034AFEC,328
FUN_0034b000,0x0034B000,0x0034B054,84
FUN_0034b0e0,0x0034B0E0,0x0034B134,84
FUN_0034b4c0,0x0034B4C0,0x0034B514,84
FUN_0034b5c0,0x0034B5C0,0x0034B614,84
FUN_0034b7b0,0x0034B7B0,0x0034B8A4,244
FUN_0034ba20,0x0034BA20,0x0034BA54,52
FUN_0034bff0,0x0034BFF0,0x0034BFFC,12
FUN_0034cdc0,0x0034CDC0,0x0034D114,852
FUN_0034d120,0x0034D120,0x0034D210,240
FUN_0034d320,0x0034D320,0x0034D328,8
FUN_0034d840,0x0034D840,0x0034D96C,300
FUN_0034d980,0x0034D980,0x0034D9B4,52
FUN_0034da00,0x0034DA00,0x0034DBE0,480
FUN_0034dbf0,0x0034DBF0,0x0034DC44,84
FUN_0034dcc0,0x0034DCC0,0x0034DD94,212
FUN_0034ddb0,0x0034DDB0,0x0034DE00,80
FUN_0034de90,0x0034DE90,0x0034DEE4,84
FUN_0034df40,0x0034DF40,0x0034DFA8,104
FUN_0034dfc0,0x0034DFC0,0x0034E0C8,264
FUN_0034e0e0,0x0034E0E0,0x0034E164,132
FUN_0034e170,0x0034E170,0x0034E184,20
FUN_0034e500,0x0034E500,0x0034E5DC,216
FUN_0034e9e0,0x0034E9E0,0x0034E9F0,16
FUN_00350660,0x00350660,0x003506DC,124
FUN_003507b0,0x003507B0,0x00350804,84
FUN_00350810,0x00350810,0x00350858,72
FUN_00350860,0x00350860,0x0035090C,172
FUN_00350a10,0x00350A10,0x00350B20,272
FUN_00350b30,0x00350B30,0x00350B84,84
FUN_00350b90,0x00350B90,0x00350C38,168
FUN_00350d40,0x00350D40,0x00350E50,272
FUN_00350e60,0x00350E60,0x00350EB4,84
FUN_00350ff0,0x00350FF0,0x00351044,84
FUN_003510b0,0x003510B0,0x00351114,100
FUN_00351170,0x00351170,0x003511D4,100
FUN_00351230,0x00351230,0x00351294,100
FUN_003512f0,0x003512F0,0x00351354,100
FUN_003514b0,0x003514B0,0x00351514,100
FUN_00351670,0x00351670,0x003516D4,100
FUN_003517d0,0x003517D0,0x00351834,100
FUN_00351880,0x00351880,0x003518E4,100
FUN_00351aa0,0x00351AA0,0x00351B04,100
FUN_00351c20,0x00351C20,0x00351C84,100
FUN_00351ce0,0x00351CE0,0x00351D44,100
FUN_00351f20,0x00351F20,0x00352014,244
FUN_003520b0,0x003520B0,0x0035216C,188
FUN_00352180,0x00352180,0x003521D4,80
FUN_003521f0,0x003521F0,0x00352274,132
FUN_00352280,0x00352280,0x00352290,16
FUN_00352620,0x00352620,0x003526B4,40
FUN_00352af0,0x00352AF0,0x00352B44,84
FUN_00352c90,0x00352C90,0x00352CE4,84
FUN_00352e20,0x00352E20,0x00352E74,84
FUN_003532a0,0x003532A0,0x00353324,132
FUN_00353330,0x00353330,0x00353340,16
FUN_00353bd0,0x00353BD0,0x00353C80,176
FUN_00353c90,0x00353C90,0x00353D94,260
FUN_00353f80,0x00353F80,0x0035402C,172
FUN_00354040,0x00354040,0x003540EC,172
FUN_00354100,0x00354100,0x00354204,256
FUN_00354210,0x00354210,0x003542CC,188
FUN_003542e0,0x003542E0,0x003542EC,12
FUN_003544c0,0x003544C0,0x003544D8,24
FUN_003546b0,0x003546B0,0x003546C0,16
FUN_00354910,0x00354910,0x00354918,8
FUN_00354af0,0x00354AF0,0x00354B00,16
FUN_00354c90,0x00354C90,0x00354D38,168
FUN_00354d50,0x00354D50,0x00354E54,208
FUN_00354e70,0x00354E70,0x00354F10,64
FUN_00354f20,0x00354F20,0x00354F2C,12
FUN_00354ff0,0x00354FF0,0x0035500C,28
FUN_003551c0,0x003551C0,0x003551E0,32
FUN_00355220,0x00355220,0x0035522C,12
FUN_00355410,0x00355410,0x0035541C,12
FUN_00355780,0x00355780,0x00355928,120
FUN_00355960,0x00355960,0x003559C4,100
FUN_003559d0,0x003559D0,0x00355A24,84
FUN_00355a30,0x00355A30,0x00355A94,100
FUN_00355aa0,0x00355AA0,0x00355AB0,16
FUN_003570c0,0x003570C0,0x0035719C,220
FUN_003571b0,0x003571B0,0x003571C8,24
FUN_00357630,0x00357630,0x0035764C,28
FUN_00357940,0x00357940,0x00357B48,520
FUN_00357b60,0x00357B60,0x00357BC8,96
FUN_00357bf0,0x00357BF0,0x00357BF8,8
FUN_00358210,0x00358210,0x00358264,84
FUN_003582d0,0x003582D0,0x003582E0,16
FUN_00358c20,0x00358C20,0x00358C74,84
FUN_00358ca0,0x00358CA0,0x00358CAC,12
FUN_00359220,0x00359220,0x003592D0,176
FUN_003592e0,0x003592E0,0x003592FC,28
FUN_00359570,0x00359570,0x00359588,24
FUN_003597b0,0x003597B0,0x003597C4,20
FUN_00359980,0x00359980,0x003599F0,76
FUN_00359a00,0x00359A00,0x00359A0C,12
FUN_0035a230,0x0035A230,0x0035A284,84
FUN_0035a290,0x0035A290,0x0035A2A0,16
FUN_0035a4f0,0x0035A4F0,0x0035A504,20
FUN_0035ad40,0x0035AD40,0x0035AD4C,12
FUN_0035aeb0,0x0035AEB0,0x0035AF04,84
FUN_0035af70,0x0035AF70,0x0035AFD0,96
FUN_0035b1b0,0x0035B1B0,0x0035B2B0,256
FUN_0035b3c0,0x0035B3C0,0x0035B444,132
FUN_0035b450,0x0035B450,0x0035B460,16
FUN_0035b5c0,0x0035B5C0,0x0035B680,148
FUN_0035b6a0,0x0035B6A0,0x0035B6EC,76
FUN_0035b700,0x0035B700,0x0035B70C,12
FUN_0035ba60,0x0035BA60,0x0035BB0C,172
FUN_0035bb20,0x0035BB20,0x0035BB84,100
FUN_0035bbd0,0x0035BBD0,0x0035BC24,84
FUN_0035bca0,0x0035BCA0,0x0035BCAC,12
FUN_0035c8c0,0x0035C8C0,0x0035C9D4,276
FUN_0035c9f0,0x0035C9F0,0x0035CA44,84
FUN_0035ca60,0x0035CA60,0x0035CA74,20
FUN_0035ce40,0x0035CE40,0x0035CE94,84
FUN_0035cee0,0x0035CEE0,0x0035CEF0,16
FUN_0035d1a0,0x0035D1A0,0x0035D1F4,84
FUN_0035d330,0x0035D330,0x0035D384,84
FUN_0035d4c0,0x0035D4C0,0x0035D514,84
FUN_0035d650,0x0035D650,0x0035D6A4,84
FUN_0035d7e0,0x0035D7E0,0x0035D834,84
FUN_0035d840,0x0035D840,0x0035D860,32
FUN_0035e2c0,0x0035E2C0,0x0035E404,324
FUN_0035e420,0x0035E420,0x0035E438,24
FUN_0035f100,0x0035F100,0x0035F1D4,212
FUN_0035f1f0,0x0035F1F0,0x0035F240,80
FUN_0035f2d0,0x0035F2D0,0x0035F324,84
FUN_0035f3b0,0x0035F3B0,0x0035F47C,204
FUN_0035f490,0x0035F490,0x0035F598,264
FUN_0035f5b0,0x0035F5B0,0x0035F634,132
FUN_0035f640,0x0035F640,0x0035F654,20
FUN_0035fdd0,0x0035FDD0,0x0035FE84,180
FUN_0035fea0,0x0035FEA0,0x0035FF24,132
FUN_0035ff30,0x0035FF30,0x0035FF40,16
FUN_00360570,0x00360570,0x00360578,8
FUN_003608a0,0x003608A0,0x003608F0,72
FUN_003608f0,0x003608F0,0x00360900,16
FUN_00360b60,0x00360B60,0x00360BB4,84
FUN_00360bf0,0x00360BF0,0x00360BFC,12
FUN_00361260,0x00361260,0x003612B4,84
FUN_003612c0,0x003612C0,0x00361328,40
FUN_00361340,0x00361340,0x00361354,20
FUN_00361940,0x00361940,0x00361994,84
FUN_003619a0,0x003619A0,0x003619B0,16
FUN_00362400,0x00362400,0x00362408,8
FUN_003624a0,0x003624A0,0x003624B8,24
FUN_00363130,0x00363130,0x00363140,16
FUN_003634f0,0x003634F0,0x003635E4,244
FUN_003636d0,0x003636D0,0x003636E8,24
FUN_003638e0,0x003638E0,0x003638F0,16
FUN_00363bf0,0x00363BF0,0x00363C00,16
FUN_00363fa0,0x00363FA0,0x00363FA8,8
FUN_00364260,0x00364260,0x003643CC,356
FUN_003643e0,0x003643E0,0x003643E8,8
FUN_00364510,0x00364510,0x0036451C,12
FUN_00364930,0x00364930,0x00364938,8
FUN_00364bb0,0x00364BB0,0x00364BD0,32
FUN_00364cd0,0x00364CD0,0x00364F80,84
FUN_00364f90,0x00364F90,0x00364FA4,20
FUN_00364ff0,0x00364FF0,0x00364FFC,12
FUN_003652f0,0x003652F0,0x003652F8,8
FUN_00365570,0x00365570,0x003655E0,112
FUN_003655f0,0x003655F0,0x00365614,36
FUN_00365850,0x00365850,0x003658C4,116
FUN_003659d0,0x003659D0,0x00365CBC,748
FUN_00365cd0,0x00365CD0,0x00365CFC,44
FUN_00365d10,0x00365D10,0x00365D44,52
FUN_00365d90,0x00365D90,0x00365F30,416
FUN_00365f40,0x00365F40,0x00365FF0,176
FUN_00366000,0x00366000,0x00366030,48
FUN_00366270,0x00366270,0x00366280,16
FUN_00366910,0x00366910,0x00366A14,216
FUN_00366a30,0x00366A30,0x00366A40,16
FUN_003671b0,0x003671B0,0x00367214,100
FUN_00367220,0x00367220,0x00367290,112
FUN_003672a0,0x003672A0,0x003672BC,28
FUN_00367470,0x00367470,0x003674AC,44
FUN_003674c0,0x003674C0,0x003674CC,12
FUN_003676c0,0x003676C0,0x003676C8,8
FUN_00367a00,0x00367A00,0x00367BA8,120
FUN_00367bc0,0x00367BC0,0x00367BCC,12
FUN_00367d50,0x00367D50,0x00367E08,184
FUN_00367e20,0x00367E20,0x00367E84,100
FUN_00367ea0,0x00367EA0,0x00367F70,156
FUN_00367f80,0x00367F80,0x00367F9C,28
FUN_00368150,0x00368150,0x003681B8,44
FUN_003681d0,0x003681D0,0x003681DC,12
FUN_003683d0,0x003683D0,0x003683D8,8
FUN_00368710,0x00368710,0x003688B8,120
FUN_003688d0,0x003688D0,0x003688E4,20
FUN_00368b40,0x00368B40,0x00368BA0,96
FUN_00368bb0,0x00368BB0,0x00368C34,132
FUN_00368c40,0x00368C40,0x00368C50,16
FUN_00368e10,0x00368E10,0x00368E6C,92
FUN_00369170,0x00369170,0x003691F4,132
FUN_00369200,0x00369200,0x00369210,16
FUN_00369330,0x00369330,0x0036938C,92
FUN_003693a0,0x003693A0,0x003693E4,68
FUN_003693f0,0x003693F0,0x00369408,24
FUN_00369690,0x00369690,0x00369714,132
FUN_00369720,0x00369720,0x00369730,16
FUN_00369a60,0x00369A60,0x00369A68,8
FUN_00369df0,0x00369DF0,0x00369E08,24
FUN_0036a1c0,0x0036A1C0,0x0036A1C8,8
FUN_0036a300,0x0036A300,0x0036A354,84
FUN_0036a4d0,0x0036A4D0,0x0036A524,84
FUN_0036a590,0x0036A590,0x0036A5A8,24
FUN_0036a7f0,0x0036A7F0,0x0036A7FC,12
FUN_0036a860,0x0036A860,0x0036A968,264
FUN_0036a980,0x0036A980,0x0036A990,16
FUN_0036b130,0x0036B130,0x0036B1E8,76
FUN_0036b200,0x0036B200,0x0036B214,20
FUN_0036bb00,0x0036BB00,0x0036BB08,8
FUN_0036bcc0,0x0036BCC0,0x0036BDC8,264
FUN_0036bde0,0x0036BDE0,0x0036BDF0,16
FUN_0036c7b0,0x0036C7B0,0x0036C868,76
FUN_0036c880,0x0036C880,0x0036C894,20
FUN_0036d210,0x0036D210,0x0036D218,8
FUN_0036d360,0x0036D360,0x0036D3E4,132
FUN_0036d3f0,0x0036D3F0,0x0036D3FC,12
FUN_0036d6c0,0x0036D6C0,0x0036D70C,76
FUN_0036d720,0x0036D720,0x0036D734,20
FUN_0036da30,0x0036DA30,0x0036DA84,84
FUN_0036de60,0x0036DE60,0x0036DED0,112
FUN_0036dee0,0x0036DEE0,0x0036DF2C,76
FUN_0036df30,0x0036DF30,0x0036DF84,84
FUN_0036e1e0,0x0036E1E0,0x0036E2BC,220
FUN_0036e2d0,0x0036E2D0,0x0036E324,84
FUN_0036e550,0x0036E550,0x0036E5A4,84
FUN_0036e800,0x0036E800,0x0036E854,84
FUN_0036ea80,0x0036EA80,0x0036EAD4,84
FUN_0036ed30,0x0036ED30,0x0036EDCC,156
FUN_0036edd0,0x0036EDD0,0x0036EE58,136
FUN_0036ee70,0x0036EE70,0x0036EEC4,84
FUN_0036f150,0x0036F150,0x0036F168,24
FUN_0036f4a0,0x0036F4A0,0x0036F4F4,84
FUN_0036f690,0x0036F690,0x0036F7C8,312
FUN_0036f7e0,0x0036F7E0,0x0036F87C,156
FUN_0036f930,0x0036F930,0x0036F984,84
FUN_0036fba0,0x0036FBA0,0x0036FC3C,156
FUN_0036fcf0,0x0036FCF0,0x0036FD44,84
FUN_0036fe70,0x0036FE70,0x0036FFA8,312
FUN_0036ffc0,0x0036FFC0,0x00370020,96
FUN_00370030,0x00370030,0x00370084,84
FUN_00370100,0x00370100,0x0037010C,12
FUN_00370f00,0x00370F00,0x0037101C,96
FUN_00371030,0x00371030,0x003710B4,132
FUN_003710c0,0x003710C0,0x00371170,176
FUN_00371180,0x00371180,0x00371198,24
FUN_00371400,0x00371400,0x0037141C,28
FUN_003716c0,0x003716C0,0x00371844,388
FUN_00371860,0x00371860,0x003718E8,120
FUN_00371900,0x00371900,0x00371918,24
FUN_00371e10,0x00371E10,0x00371FCC,444
FUN_00371fe0,0x00371FE0,0x00372044,100
FUN_00372050,0x00372050,0x00372060,16
FUN_00372230,0x00372230,0x00372240,16
FUN_00372330,0x00372330,0x00372390,96
FUN_003723a0,0x003723A0,0x003723AC,12
FUN_00372690,0x00372690,0x00372A74,996
FUN_00372a90,0x00372A90,0x00372AA4,20
FUN_003738c0,0x003738C0,0x003738D0,16
FUN_00373e50,0x00373E50,0x00373EA0,80
FUN_00373eb0,0x00373EB0,0x00373EBC,12
FUN_003741a0,0x003741A0,0x00374250,176
FUN_00374260,0x00374260,0x00374270,16
FUN_003743b0,0x003743B0,0x0037440C,92
FUN_00374420,0x00374420,0x003744A4,132
FUN_003744b0,0x003744B0,0x003744B8,8
FUN_00374750,0x00374750,0x003747B8,96
FUN_003747d0,0x003747D0,0x003747E8,24
FUN_00374b30,0x00374B30,0x00374BB4,132
FUN_00374bc0,0x00374BC0,0x00374BD8,24
FUN_00374db0,0x00374DB0,0x00374E40,104
FUN_00374e50,0x00374E50,0x00374E5C,12
FUN_00376200,0x00376200,0x00376218,24
FUN_003765b0,0x003765B0,0x00376718,360
FUN_00376730,0x00376730,0x003767B4,132
FUN_003767c0,0x003767C0,0x003767D8,24
FUN_00376990,0x00376990,0x003769A0,16
FUN_00377590,0x00377590,0x003775A8,24
FUN_00377970,0x00377970,0x00377980,16
FUN_00377b10,0x00377B10,0x00377B64,84
FUN_00377b70,0x00377B70,0x00377CA0,128
FUN_00377cc0,0x00377CC0,0x00377D14,84
FUN_00377d20,0x00377D20,0x00377DC4,164
FUN_00377ed0,0x00377ED0,0x00377FE0,272
FUN_00377ff0,0x00377FF0,0x00378044,84
FUN_00378050,0x00378050,0x003780E8,152
FUN_003781f0,0x003781F0,0x00378300,272
FUN_00378310,0x00378310,0x00378364,84
FUN_00378370,0x00378370,0x00378404,148
FUN_00378470,0x00378470,0x003784DC,108
FUN_003784f0,0x003784F0,0x00378544,84
FUN_00378570,0x00378570,0x0037864C,220
FUN_00378750,0x00378750,0x00378860,272
FUN_00378870,0x00378870,0x003788C4,84
FUN_00378a30,0x00378A30,0x00378B68,312
FUN_00378b80,0x00378B80,0x00378B8C,12
FUN_00378d20,0x00378D20,0x00378D2C,12
FUN_00378ec0,0x00378EC0,0x00378F68,168
FUN_00378f70,0x00378F70,0x00378FD0,96
FUN_00378fe0,0x00378FE0,0x00379034,84
FUN_00379290,0x00379290,0x003792E4,84
FUN_00379540,0x00379540,0x00379594,84
FUN_00379820,0x00379820,0x00379874,84
FUN_00379af0,0x00379AF0,0x00379C08,280
FUN_00379c20,0x00379C20,0x00379C74,84
FUN_00379f00,0x00379F00,0x00379F10,16
FUN_0037a2d0,0x0037A2D0,0x0037A324,84
FUN_0037a5a0,0x0037A5A0,0x0037A5E8,72
FUN_0037a5f0,0x0037A5F0,0x0037A644,84
FUN_0037a8d0,0x0037A8D0,0x0037A924,84
FUN_0037ab80,0x0037AB80,0x0037ABD4,84
FUN_0037afb0,0x0037AFB0,0x0037AFB8,8
FUN_0037b210,0x0037B210,0x0037B280,112
FUN_0037b290,0x0037B290,0x0037B2DC,76
FUN_0037b2e0,0x0037B2E0,0x0037B364,132
FUN_0037b370,0x0037B370,0x0037B37C,12
FUN_0037b680,0x0037B680,0x0037B6F8,120
FUN_0037b710,0x0037B710,0x0037B90C,432
FUN_0037b9a0,0x0037B9A0,0x0037B9F4,84
FUN_0037ba00,0x0037BA00,0x0037BA10,16
FUN_0037bca0,0x0037BCA0,0x0037BCB0,16
FUN_0037be80,0x0037BE80,0x0037BF04,132
FUN_0037bf10,0x0037BF10,0x0037BF18,8
FUN_0037c1b0,0x0037C1B0,0x0037C300,76
FUN_0037c310,0x0037C310,0x0037C328,24
FUN_0037c5a0,0x0037C5A0,0x0037C624,132
FUN_0037c630,0x0037C630,0x0037C644,20
FUN_0037c9e0,0x0037C9E0,0x0037C9F8,24
FUN_0037cb90,0x0037CB90,0x0037CB9C,12
FUN_0037cfa0,0x0037CFA0,0x0037D08C,236
FUN_0037d0a0,0x0037D0A0,0x0037D124,132
FUN_0037d130,0x0037D130,0x0037D138,8
FUN_0037d4e0,0x0037D4E0,0x0037D4EC,12
FUN_0037dd20,0x0037DD20,0x0037DD38,24
FUN_0037e1f0,0x0037E1F0,0x0037E2E4,244
FUN_0037e3f0,0x0037E3F0,0x0037E3FC,12
FUN_0037e410,0x0037E410,0x0037E474,100
FUN_0037e480,0x0037E480,0x0037E568,232
FUN_0037e580,0x0037E580,0x0037E58C,12
FUN_0037e650,0x0037E650,0x0037E684,52
FUN_0037e6a0,0x0037E6A0,0x0037E6B0,16
FUN_0037e950,0x0037E950,0x0037E960,16
FUN_0037eb80,0x0037EB80,0x0037EBB8,56
FUN_0037ebc0,0x0037EBC0,0x0037EBF8,56
FUN_0037ec00,0x0037EC00,0x0037EC60,96
FUN_0037ec70,0x0037EC70,0x0037EC80,16
FUN_0037ed50,0x0037ED50,0x0037ED5C,12
FUN_0037f140,0x0037F140,0x0037F2C8,392
FUN_0037f2e0,0x0037F2E0,0x0037F2F0,16
FUN_0037f510,0x0037F510,0x0037F520,16
FUN_0037f7d0,0x0037F7D0,0x0037F7D8,8
FUN_0037f980,0x0037F980,0x0037FAA8,296
FUN_0037fac0,0x0037FAC0,0x0037FC50,400
FUN_0037fc60,0x0037FC60,0x0037FC68,8
FUN_0037fe50,0x0037FE50,0x0037FED8,136
FUN_0037fef0,0x0037FEF0,0x0037FEFC,12
FUN_00380050,0x00380050,0x00380064,20
FUN_00380410,0x00380410,0x0038047C,108
FUN_00380480,0x00380480,0x003804F4,116
FUN_00380510,0x00380510,0x00380780,624
FUN_00380790,0x00380790,0x00380798,8
FUN_00380920,0x00380920,0x0038097C,92
FUN_00380a80,0x00380A80,0x00380B74,244
FUN_00380b80,0x00380B80,0x00380BF4,116
FUN_00380c00,0x00380C00,0x00380C14,20
FUN_00381bb0,0x00381BB0,0x00381BC8,24
FUN_00382000,0x00382000,0x00382010,16
FUN_00382410,0x00382410,0x00382430,32
FUN_00382730,0x00382730,0x00382744,20
FUN_00382940,0x00382940,0x00382968,40
FUN_00382970,0x00382970,0x003829E0,112
FUN_003829e0,0x003829E0,0x003829EC,12
FUN_00382d30,0x00382D30,0x00382D40,16
FUN_00383450,0x00383450,0x00383538,232
FUN_00383550,0x00383550,0x0038355C,12
FUN_003838f0,0x003838F0,0x00383A10,288
FUN_00383a20,0x00383A20,0x00383A9C,124
FUN_00383ab0,0x00383AB0,0x00383BE4,308
FUN_00383bf0,0x00383BF0,0x00383C88,152
FUN_00383ca0,0x00383CA0,0x00383D14,116
FUN_00383d20,0x00383D20,0x00383D2C,12
FUN_003843a0,0x003843A0,0x003844C8,296
FUN_003844e0,0x003844E0,0x0038457C,156
FUN_00384590,0x00384590,0x003845AC,28
FUN_00384650,0x00384650,0x00384670,32
FUN_00384730,0x00384730,0x00384740,16
FUN_00384800,0x00384800,0x0038481C,28
FUN_003848c0,0x003848C0,0x00384908,72
FUN_00384920,0x00384920,0x003849F8,216
FUN_00384a00,0x00384A00,0x00384A78,120
FUN_00384a90,0x00384A90,0x00384AE8,88
FUN_00384b00,0x00384B00,0x00384B58,88
FUN_00384b60,0x00384B60,0x00384B94,52
FUN_00384bc0,0x00384BC0,0x00384C08,72
FUN_00384ce0,0x00384CE0,0x00384E48,360
FUN_00384e60,0x00384E60,0x00384E68,8
FUN_00385030,0x00385030,0x0038503C,12
FUN_003851b0,0x003851B0,0x003851C0,16
FUN_00385370,0x00385370,0x00385408,152
FUN_00385410,0x00385410,0x003854A8,152
FUN_003854c0,0x003854C0,0x003854D8,24
FUN_003858e0,0x003858E0,0x00385910,48
FUN_00385c30,0x00385C30,0x00385C50,32
FUN_00385f60,0x00385F60,0x00385FE8,136
FUN_00386000,0x00386000,0x0038613C,316
FUN_00386150,0x00386150,0x00386160,16
FUN_00386550,0x00386550,0x00386570,32
FUN_00386990,0x00386990,0x003869AC,28
FUN_00387920,0x00387920,0x00387938,24
FUN_00387e00,0x00387E00,0x00387EE8,232
FUN_00387f00,0x00387F00,0x003883EC,1260
FUN_00388400,0x00388400,0x00388420,32
FUN_003888a0,0x003888A0,0x00388D20,1152
FUN_00388d30,0x00388D30,0x00388D50,32
FUN_00388ff0,0x00388FF0,0x00389008,24
FUN_003894f0,0x003894F0,0x003894FC,12
FUN_0038a2c0,0x0038A2C0,0x0038A2D8,24
FUN_0038a740,0x0038A740,0x0038A978,544
FUN_0038a990,0x0038A990,0x0038A99C,12
FUN_0038b900,0x0038B900,0x0038BC4C,844
FUN_0038bc70,0x0038BC70,0x0038BC88,24
FUN_0038c160,0x0038C160,0x0038C16C,12
FUN_0038c890,0x0038C890,0x0038C8A4,20
FUN_0038c8d0,0x0038C8D0,0x0038C8E4,20
FUN_0038c910,0x0038C910,0x0038C954,68
FUN_0038c960,0x0038C960,0x0038C9BC,92
FUN_0038c9e0,0x0038C9E0,0x0038CA3C,92
FUN_0038cb60,0x0038CB60,0x0038CB74,20
FUN_0038cc90,0x0038CC90,0x0038CCEC,92
FUN_0038cee0,0x0038CEE0,0x0038CF3C,92
FUN_0038d160,0x0038D160,0x0038D1DC,124
FUN_0038d4d0,0x0038D4D0,0x0038D52C,92
FUN_0038d620,0x0038D620,0x0038D630,16
FUN_0038d7e0,0x0038D7E0,0x0038DBC8,1000
FUN_0038dbe0,0x0038DBE0,0x0038DC00,32
FUN_0038df90,0x0038DF90,0x0038E0B4,292
FUN_0038e0c0,0x0038E0C0,0x0038E0D0,16
FUN_0038eae0,0x0038EAE0,0x0038EAF8,24
FUN_0038f7d0,0x0038F7D0,0x0038F7F0,32
FUN_0038fbe0,0x0038FBE0,0x0038FBF8,24
FUN_00390790,0x00390790,0x003907A0,16
FUN_003908b0,0x003908B0,0x003908C4,20
FUN_00391250,0x00391250,0x003912DC,140
FUN_003912e0,0x003912E0,0x0039139C,188
FUN_003913b0,0x003913B0,0x003913D0,32
FUN_00391450,0x00391450,0x0039146C,28
FUN_003921a0,0x003921A0,0x003921AC,12
FUN_00392360,0x00392360,0x00392370,16
FUN_00392670,0x00392670,0x00392680,16
FUN_00392b50,0x00392B50,0x00392B68,24
FUN_003930c0,0x003930C0,0x003930D4,20
FUN_00393480,0x00393480,0x00393494,20
FUN_00393880,0x00393880,0x00393890,16
FUN_00393bd0,0x00393BD0,0x003941AC,1500
FUN_003941c0,0x003941C0,0x003941F8,56
FUN_00394260,0x00394260,0x0039426C,12
FUN_00394670,0x00394670,0x00394680,16
FUN_003949b0,0x003949B0,0x003949C4,20
FUN_00394e40,0x00394E40,0x00394E50,16
FUN_00395000,0x00395000,0x00395010,16
FUN_003951e0,0x003951E0,0x003951F0,16
FUN_00395460,0x00395460,0x00395470,16
FUN_00395630,0x00395630,0x00395640,16
FUN_00396900,0x00396900,0x00396914,20
FUN_003970d0,0x003970D0,0x003970E4,20
FUN_003974a0,0x003974A0,0x003974B8,24
FUN_003977d0,0x003977D0,0x003977E8,24
FUN_00397ab0,0x00397AB0,0x00397AC8,24
FUN_00397d60,0x00397D60,0x00397EE8,392
FUN_00397f00,0x00397F00,0x00397F18,24
FUN_00398100,0x00398100,0x00398118,24
FUN_003984d0,0x003984D0,0x003984F0,32
FUN_00398850,0x00398850,0x00398860,16
FUN_00399920,0x00399920,0x003999A4,132
FUN_003999c0,0x003999C0,0x003999FC,60
FUN_00399a10,0x00399A10,0x00399BE0,464
FUN_00399bf0,0x00399BF0,0x00399C24,52
FUN_00399ca0,0x00399CA0,0x00399CAC,12
FUN_0039a510,0x0039A510,0x0039A598,136
FUN_0039a690,0x0039A690,0x0039A6A4,20
FUN_0039a7c0,0x0039A7C0,0x0039A824,100
FUN_0039a830,0x0039A830,0x0039A85C,44
FUN_0039a860,0x0039A860,0x0039A8C8,104
FUN_0039a8e0,0x0039A8E0,0x0039AC20,460
FUN_0039ad10,0x0039AD10,0x0039AD3C,44
FUN_0039ad90,0x0039AD90,0x0039AE94,260
FUN_0039aea0,0x0039AEA0,0x0039AEA8,8
FUN_0039b2d0,0x0039B2D0,0x0039B2E8,24
FUN_0039b800,0x0039B800,0x0039B810,16
FUN_0039bb60,0x0039BB60,0x0039BB70,16
FUN_0039c040,0x0039C040,0x0039C050,16
FUN_0039c380,0x0039C380,0x0039C388,8
FUN_0039c4c0,0x0039C4C0,0x0039C4DC,28
FUN_0039c5c0,0x0039C5C0,0x0039C5E0,32
FUN_0039c6c0,0x0039C6C0,0x0039C6D4,20
FUN_0039c7a0,0x0039C7A0,0x0039C7B4,20
FUN_0039c880,0x0039C880,0x0039C894,20
FUN_0039cdc0,0x0039CDC0,0x0039CDD0,16
FUN_0039d000,0x0039D000,0x0039D064,100
FUN_0039d070,0x0039D070,0x0039D114,164
FUN_0039d120,0x0039D120,0x0039D148,40
FUN_0039d310,0x0039D310,0x0039D324,20
FUN_0039d990,0x0039D990,0x0039D998,8
FUN_0039df10,0x0039DF10,0x0039DF2C,28
FUN_0039e380,0x0039E380,0x0039E39C,28
FUN_0039e7d0,0x0039E7D0,0x0039EAA0,720
FUN_0039eab0,0x0039EAB0,0x0039EAB8,8
FUN_0039fd30,0x0039FD30,0x0039FD40,16
FUN_003a0060,0x003A0060,0x003A0154,244
FUN_003a0160,0x003A0160,0x003A0170,16
FUN_003a0390,0x003A0390,0x003A0494,260
FUN_003a04a0,0x003A04A0,0x003A06C4,548
FUN_003a06e0,0x003A06E0,0x003A07C0,224
FUN_003a07d0,0x003A07D0,0x003A07E8,24
FUN_003a0f90,0x003A0F90,0x003A1010,128
FUN_003a1020,0x003A1020,0x003A10A0,128
FUN_003a10b0,0x003A10B0,0x003A1174,156
FUN_003a1190,0x003A1190,0x003A1210,128
FUN_003a1220,0x003A1220,0x003A12FC,156
FUN_003a1310,0x003A1310,0x003A1320,16
FUN_003a1420,0x003A1420,0x003A1430,16
FUN_003a15a0,0x003A15A0,0x003A15B0,16
FUN_003a1720,0x003A1720,0x003A1730,16
FUN_003a1860,0x003A1860,0x003A1870,16
FUN_003eac18,0x003EAC18,0x003EAD48,304
FUN_003eb2c8,0x003EB2C8,0x003EB388,192
FUN_003eb4a8,0x003EB4A8,0x003EB578,208
FUN_003eb578,0x003EB578,0x003EB75C,484
FUN_003eb900,0x003EB900,0x003EBA04,260
FUN_003eba08,0x003EBA08,0x003EBB44,316
FUN_003ebb48,0x003EBB48,0x003EBCE8,88
FUN_003ebce8,0x003EBCE8,0x003EBD08,32
FUN_003ebd30,0x003EBD30,0x003EBEE0,432
FUN_00464a70,0x00464A70,0x00464B74,260
FUN_00466bd0,0x00466BD0,0x00466C24,84
FUN_00469400,0x00469400,0x00469454,84
